﻿{
  "Weapon": [
		{"name": "Champion of Graves", "type": "Bardiche", "enhancement": 5, "property1": "Deteriorative", "property2": "", "property3": "", "property4": "", "property5": "", "property6": "", "description": "This +5 bardiche deals additional 3d6 negative energy damage.", "rawName": "ChampionOfGravesItem", "blueprint": "a6f01fbbc0a9e864fb38f90adb356d08", "cost": 128000},
		{"name": "Rod of Razors", "type": "Bardiche", "enhancement": 5, "property1": "Keen", "property2": "", "property3": "", "property4": "", "property5": "", "property6": "", "description": "This weapon is a +5 keen adamantine halberd. As a standard action, up to five times per day, Rod can fire razors, dealing 20d6 slashing damage to all creatures in a 30-foot cone (DC27 Reflex half).", "rawName": "BardicheRodOfRazors", "blueprint": "53639f53a4052d94eaa6b9a3d2b3503a", "cost": 120000},
		{"name": "Ravena's Kiss", "type": "Bastard Sword", "enhancement": 5, "property1": "", "property2": "", "property3": "", "property4": "", "property5": "", "property6": "", "description": "This +5 adamantine bastard sword grants its wielder the ability to cast harm spell 3 times per day as an 11th level cleric.", "rawName": "GrimBladeItem", "blueprint": "84175716ea6e7f84e885cd093cff4629", "cost": 127500},
		{"name": "Martyr's Blade", "type": "Bastard Sword", "enhancement": 5, "property1": "Axiomatic", "property2": "Holy", "property3": "Vicious", "property4": "", "property5": "", "property6": "", "description": "This weapon is a +5 axiomatic holy vicious bastard sword.", "rawName": "MartyrsBladeItem", "blueprint": "29094f56617831f4b94cb6e2189a0e7b", "cost": 107500},
		{"name": "Opperssor", "type": "Bastard Sword", "enhancement": 4, "property1": "", "property2": "", "property3": "", "property4": "", "property5": "", "property6": "", "description": "This +4 bastard sword grants its wielder a +6 enhancement bonus to Charisma, and a +2 luck bonus on Will saving throws.", "rawName": "TheOpressorBastardSwordItem", "blueprint": "0294288c8194d7847a8f261646bf835a", "cost": 58600},
		{"name": "Unstoppable Khanda", "type": "Bastard Sword", "enhancement": 4, "property1": "Beguiling", "property2": "Impervious", "property3": "Unyielding", "property4": "Venomous", "property5": "", "property6": "", "description": "This Khanda is a +4 Bastard Sword that gives its wielder a +4 bonus on Persuasion checks, DR 5/piercing, and a +8 bonus on saving throws against mind-affecting effects. Creatures hit by the Khanda must succeed at a DC 17 Fortitude saving throw or be affected by poison for 6 rounds. Poison deals 1d2 Wisdom damage and dazed a target for 1 round.", "rawName": "JagannathKhanda", "blueprint": "d4527cae04ea33b41aeada428880b864", "cost": 18500},
		{"name": "Frost Blade", "type": "Battleaxe", "enhancement": 3, "property1": "Freezing", "property2": "", "property3": "", "property4": "", "property5": "", "property6": "", "description": "This weapon is a +3 Freezing battleaxe.", "rawName": "FrostBladeItem", "blueprint": "b0691dc56a4a5b1498f129eef0948447", "cost": 128000},
		{"name": "Earth's Wrath", "type": "Battleaxe", "enhancement": 3, "property1": "", "property2": "", "property3": "", "property4": "", "property5": "", "property6": "", "description": "This +3 battleaxe grants its wielder the ability to cast inspiring recovery two times per day.", "rawName": "BattleaxeOfEarthWrath", "blueprint": "39ac939af34e75d48aff1554bdc8dc19", "cost": 59000},
		{"name": "Serrator", "type": "Battleaxe", "enhancement": 2, "property1": "", "property2": "", "property3": "", "property4": "", "property5": "", "property6": "", "description": "This wounding battleaxe deals 1 point of bleed damage when it hits a creature. Multiple bleeding effects stack. Bleeding creatures take the bleed damage at the start of their turns. Bleed will continue until the target receives magic healing of leaves combat. A critical hit does not multiply the bleed damage. Creatures immune to critical hits are immune to the bleed damage dealt by this weapon.", "rawName": "WoundingBattleaxe_tolater", "blueprint": "e36e4f79e2dbd2d42adb67f903c9b33f", "cost": 16700},
		{"name": "Grim Finale", "type": "Club", "enhancement": 2, "property1": "Necrotic", "property2": "", "property3": "", "property4": "", "property5": "", "property6": "", "description": "Whenever this +2 necrotic club lands a successful critical hit, it casts vampiric touch spell on its target. Whenever the wielder unequip this weapon, it cast finger of death on them.", "rawName": "GrimEndingItem", "blueprint": "b198694862dd17c409ed220fa2b28d68", "cost": 27340},
		{"name": "Hunter's Blessing", "type": "Composite Longbow", "enhancement": 5, "property1": "Composite", "property2": "Holy", "property3": "", "property4": "", "property5": "", "property6": "", "description": "This +5 holy composite longbow grants its wielder a +4 sacred bonus to Dexterity.", "rawName": "HuntersBlessingLongbowItem", "blueprint": "007d72299a0c85743bccd47fb5ed6bdc", "cost": 213000},
		{"name": "Gamekeeper of the First World", "type": "Composite Longbow", "enhancement": 5, "property1": "Composite", "property2": "", "property3": "", "property4": "", "property5": "", "property6": "", "description": "This +5 composite Longbow has 19-20 critical range. Whenever it lands a hit, the target becomes illuminated for 3 rounds, preventing it from using Invisibility, inflicting a -50 penalty on Stealth checks and a -4 to AC.", "rawName": "GamekeeperOfTheFirstWorldItem", "blueprint": "717369864d0ef1f43a291b7b8f3ce4c9", "cost": 178000},
		{"name": "Mirror Bow", "type": "Composite Longbow", "enhancement": 5, "property1": "Composite", "property2": "", "property3": "", "property4": "", "property5": "", "property6": "", "description": "Whenever the wielder of this +5 composite longbow uses it to attack an enemy, Mirror Bow also shoots a reflection arrow at the same target. Reflection arrow is a ranged attack that deals 1d4 + half the wielder's Strength bonus piercing damage.", "rawName": "MirrorBowItem", "blueprint": "2a01ad1ad8ef3e44e8c1798c6e02aab6", "cost": 158000},
		{"name": "Watchman", "type": "Composite Longbow", "enhancement": 5, "property1": "Composite", "property2": "Holy", "property3": "", "property4": "", "property5": "", "property6": "", "description": "This +5 holy composite longbow grants its wielder blindsense.", "rawName": "WatchmanItem", "blueprint": "6a864050531602b40b53f1b8ae46cae8", "cost": 113000},
		{"name": "Shady Longbow", "type": "Composite Longbow", "enhancement": 3, "property1": "Composite", "property2": "", "property3": "", "property4": "", "property5": "", "property6": "", "description": "This +3 composite longbow grants its wielder a +5 luck bonus to Stealth skill checks, and the ability to cast invisibility spell twice per day.", "rawName": "ShadyLongbowItem", "blueprint": "ad5cbd0bec32b6042abb0a0e82a43925", "cost": 26870},
		{"name": "Legacy of Accursed Tree", "type": "Composite Longbow", "enhancement": 1, "property1": "Composite", "property2": "Necrotic", "property3": "", "property4": "", "property5": "", "property6": "", "description": "This weapon is a +1 composite longbow.", "rawName": "LegacyOfAccursedTree", "blueprint": "622909c22c966f64e98e265c8cee594b", "cost": 21000},
		{"name": "Devourer of Metal", "type": "Composite Longbow", "enhancement": 1, "property1": "Composite", "property2": "Oversized", "property3": "Greater Corrosive", "property4": "", "property5": "", "property6": "", "description": "This +1 longbow deals 2d6 damage, and additional 2d6 acid damage, yet its clumsiness and weight impose a -2 penalty on the wielder's attack rolls.", "rawName": "DevourerOfMetal", "blueprint": "1d3e5519d0840ed4d96378d6a07cc9d1", "cost": 18500},
		{"name": "Lucky Longbow", "type": "Composite Longbow", "enhancement": 1, "property1": "Composite", "property2": "The luck of the draw", "property3": "", "property4": "", "property5": "", "property6": "", "description": "This weapon is a +1 composite longbow.", "rawName": "LuckyLongbow", "blueprint": "4636ef8b8a64b3941ac5dda42918d765", "cost": 15000},
		{"name": "Whirlwind", "type": "Composite Longbow", "enhancement": 2, "property1": "Composite", "property2": "", "property3": "", "property4": "", "property5": "", "property6": "", "description": "This +2 composite longbow grants its wielder a +2 enhancement bonus to Dexterity, and the ability to summon a medium air elemental once per day.", "rawName": "WhirlwindCompLongBowItem", "blueprint": "1f546ab76bb0e77478ad08248795f7d7", "cost": 7800},
		{"name": "Longbow of Erastil", "type": "Composite Longbow", "enhancement": 1, "property1": "Composite", "property2": "", "property3": "", "property4": "", "property5": "", "property6": "", "description": "This longbow deals additional 1d4 damage to animals and undead creatures.", "rawName": "LongbowOfErastilItem", "blueprint": "2f771b62ffb4bdf45a425ba0a0130217", "cost": 3500},
		{"name": "Prowling Cat", "type": "Composite Shortbow", "enhancement": 4, "property1": "Composite", "property2": "Speed", "property3": "", "property4": "", "property5": "", "property6": "", "description": "This +4 speed composite shortbow is decorated with a carving of a hunting cat. It grants its wielder the ability to summon 1d4+1 smilodons three times per day.", "rawName": "HuntingCatComShBowItem", "blueprint": "051ccf83137987847aade5287788bf9c", "cost": 145000},
		{"name": "Fiery Eye", "type": "Composite Shortbow", "enhancement": 1, "property1": "Composite", "property2": "Flaming", "property3": "", "property4": "", "property5": "", "property6": "", "description": "This +1 flaming composite shortbow grants its wielder the ability to cast flare burst spell three times per day.", "rawName": "FieryEyeItem", "blueprint": "05550fe34742a344c968839ba9e5284a", "cost": 6890},
		{"name": "Dormition", "type": "Dagger", "enhancement": 5, "property1": "Undead Bane", "property2": "", "property3": "", "property4": "", "property5": "", "property6": "", "description": "This +5 undead bane dagger grants its wielder a +2 bonus to death effect's DCs and saving throws against them, and deals additional 1d6 positive energy damage.", "rawName": "FinalDeathDaggerItem", "blueprint": "10d74936dad17d24b9e50df643f6b1eb", "cost": 123200},
		{"name": "Deceiver", "type": "Dagger", "enhancement": 3, "property1": "Agile", "property2": "", "property3": "", "property4": "", "property5": "", "property6": "", "description": "This +3 agile dagger has its reach increased by 5 feet. It grants its wielder a +5 luck bonus on all Stealth skill check, and the ability to cast displacement spell once per day.", "rawName": "TheDeceiverItem", "blueprint": "7124b5d7b77509847b8990fe26a50a65", "cost": 94520},
		{"name": "Edict", "type": "Dagger", "enhancement": 4, "property1": "Speed", "property2": "Breaker of Wills", "property3": "", "property4": "", "property5": "", "property6": "", "description": "Whenever this +4 mithral speed dagger lands a hit, it imposes a -3 penalty to target's Will score for 1 minute.", "rawName": "EdictItem", "blueprint": "3b3b9723d646a6649ab3c3281d5b656b", "cost": 48700},
		{"name": "Dark Wind", "type": "Dagger", "enhancement": 4, "property1": "", "property2": "", "property3": "", "property4": "", "property5": "", "property6": "", "description": "This +4 dagger grants its wielder a +5 bonus to Stealth skill checks and increases sneak attack damage with any weapon by 1d6 damage.", "rawName": "DarkwindDagger", "blueprint": "51a26a9df9f30ab48b9ebd6e4810d2bb", "cost": 47500},
		{"name": "Chaos Shard", "type": "Dagger", "enhancement": 2, "property1": "", "property2": "", "property3": "", "property4": "", "property5": "", "property6": "", "description": "This +2 dagger has a chance to confuse enemy on a hit.", "rawName": "ChaosShardDaggerItem", "blueprint": "8ccce68a6349232468a40b24c9e179cc", "cost": 24300},
		{"name": "Frailty", "type": "Dagger", "enhancement": 1, "property1": "Speed", "property2": "Ghost Touch", "property3": "", "property4": "", "property5": "", "property6": "", "description": "This +1 ghost touch dagger grants its wielder the ability to cast bestow curse (curse of weakness) spell once per day.", "rawName": "DaggerofWeakness", "blueprint": "02edf077ed6285643984fdd994d31c9e", "cost": 21400},
		{"name": "Troublemaker", "type": "Dagger", "enhancement": 2, "property1": "Destructive", "property2": "Agile", "property3": "Anarchic", "property4": "Flaming", "property5": "", "property6": "", "description": "This weapon is a +2 flaming anarchic agile dagger.", "rawName": "TroubleMakerItem", "blueprint": "7359ebb98cad3d54aafecc2027b3359e", "cost": 16890},
		{"name": "Arcane Protector", "type": "Dagger", "enhancement": 1, "property1": "", "property2": "", "property3": "", "property4": "", "property5": "", "property6": "", "description": "This +1 dagger grants its wielder a +3 dodge bonus to AC and immunity to nauseated condition.", "rawName": "ArcaneProtector", "blueprint": "493c0cee946597141a71c99589fabf08", "cost": 6000},
		{"name": "Lightsning Duelist", "type": "Dagger", "enhancement": 1, "property1": "Shock", "property2": "", "property3": "", "property4": "", "property5": "", "property6": "", "description": "This +1 dagger grants its wielder a +4 insight bonus to Initiative rolls and +1 dodge bonus to AC. Attacks with it deal additional 1d6 lightning damage.", "rawName": "LightningDuelistDagger", "blueprint": "b5fd33edbe6835c4ba6e1c5299aafbff", "cost": 6000},
		{"name": "Bloodhound", "type": "Dueling Sword", "enhancement": 5, "property1": "Agile", "property2": "Speed", "property3": "", "property4": "", "property5": "", "property6": "", "description": "This +5 speed agile dueling sword has a 18-20 critical range. Each successful hit it lands on an enemy grants its wielder a stacking +2 bonus to all subsequent damage rolls with Bloodhound against this enemy.", "rawName": "LegendItem", "blueprint": "44a13c66284fac9499eba8b4b5489441", "cost": 128000},
		{"name": "Menace", "type": "Dueling Sword", "enhancement": 3, "property1": "Brilliant Energy", "property2": "", "property3": "", "property4": "", "property5": "", "property6": "", "description": "This +3 brilliant energy dueling sword grants its wielder a +2 luck bonus sto CMD and a +2 luck bonus to CMB.", "rawName": "TheMenanceDuelSwordItem", "blueprint": "cdb9de995aa45aa4393706bc8af54f31", "cost": 81600},
		{"name": "Arcane Enforcer", "type": "Dueling Sword", "enhancement": 3, "property1": "", "property2": "", "property3": "", "property4": "", "property5": "", "property6": "", "description": "This +3 dueling sword deals additional 1d6 damage.", "rawName": "ArcaneEnforcerItem", "blueprint": "1e7bb481ce637ba4cbd12a4989ba8022", "cost": 33000},
		{"name": "Swordsman's Passion", "type": "Dueling Sword", "enhancement": 2, "property1": "Agile", "property2": "", "property3": "", "property4": "", "property5": "", "property6": "", "description": "This weapon is a +2 agile dueling sword.", "rawName": "SwordsmansPassion", "blueprint": "a34e72aec02da454a8bbe6b127237413", "cost": 20000},
		{"name": "Royal Gift", "type": "Dueling Sword", "enhancement": 3, "property1": "Keen", "property2": "", "property3": "", "property4": "", "property5": "", "property6": "", "description": "This weapon is a +3 keen dueling sword.", "rawName": "RoyalGift", "blueprint": "521e505f362c88b48993dd7a18be87ba", "cost": 10000},
		{"name": "Lord Protector", "type": "Dueling Sword", "enhancement": 2, "property1": "Loyal", "property2": "", "property3": "", "property4": "", "property5": "", "property6": "", "description": "This +2 dueling sword refuses to attack the ones its wearer swore to protect, imposing a -5 penalty to attack rolls against friendly targets.", "rawName": "LordProtector", "blueprint": "0a5e909be70d3c841b09a2f175a6e3ce", "cost": 7500},
		{"name": "Opportunist's Dwarven Waraxe", "type": "Dwarven Waraxe", "enhancement": 1, "property1": "Speed", "property2": "", "property3": "", "property4": "", "property5": "", "property6": "", "description": "This +1 speed dwarven waraxe deals additional 9 damage on a successful critcal hit and grants its wielder the ability to cast flare spell twice per day.", "rawName": "OpportunistsWarhammer_tolater", "blueprint": "e5e63ad98ceb68d45b5a4c011f35857c", "cost": 2300},
		{"name": "Obliteration", "type": "Earth Breaker", "enhancement": 5, "property1": "Vicious", "property2": "", "property3": "", "property4": "", "property5": "", "property6": "", "description": "Whenever this +5 vicious earthbreaker lands a hiton an enemy, it applies a stacking -2 AC penalty to the target. This penalty disappears once the battle ends.", "rawName": "ObliterationItem", "blueprint": "dcd3cd67ccb1a424e86f03f3f3b3c07e", "cost": 162000},
		{"name": "Bane of the Living", "type": "Elven Curve Blade", "enhancement": 5, "property1": "Living Bane", "property2": "", "property3": "", "property4": "", "property5": "", "property6": "", "description": "This +5 elven curve blade is a bane weapon against creature of every type except undead and constructs. Whenever it lands a critical hit, it has a chance to cast harm spell (DC22) on the target.", "rawName": "BaneOfTheLivingItem", "blueprint": "a45feea54bfebff4a9e867138469ced3", "cost": 375000},
		{"name": "Clarity", "type": "Elven Curve Blade", "enhancement": 4, "property1": "Magical Beast Bane", "property2": "Ghost Touch", "property3": "", "property4": "", "property5": "", "property6": "", "description": "This +4 ghost touch magical beast bane elven curve blade grants its wielder a +2 luck bonus to attack rolls.", "rawName": "ClarityElvenBladeItem", "blueprint": "c1cb73b9437bb324ca8d85793ebda3a7", "cost": 151200},
		{"name": "Lifestopper", "type": "Estoc", "enhancement": 4, "property1": "Speed", "property2": "Keen", "property3": "", "property4": "", "property5": "", "property6": "", "description": "This +4 keen speed estoc grants its wielder the ability to cast waves of fatigue spell once per day", "rawName": "GameChangerEstocItem", "blueprint": "255195c1cd2cbc04baf7ef8d399c09d1", "cost": 104000},
		{"name": "Blinding Light", "type": "Estoc", "enhancement": 5, "property1": "Improved Critical Multiplier", "property2": "", "property3": "", "property4": "", "property5": "", "property6": "", "description": "This +5 estoc has a x3 critical multiplier. Whenever it lands a critical hit, it has a chance to blind the target.", "rawName": "BlindingLightItem", "blueprint": "8eac691deaf5ec44bbc972a8e0ddb3c1", "cost": 103200},
		{"name": "Forsaken Edge", "type": "Estoc", "enhancement": 2, "property1": "Unholy", "property2": "", "property3": "", "property4": "", "property5": "", "property6": "", "description": "This weapon is a +2 unholy estoc.", "rawName": "ForsakenEdge", "blueprint": "f8142664c2c8bd1499e86f729737da70", "cost": 10000},
		{"name": "Hairsplitter", "type": "Estoc", "enhancement": 1, "property1": "Agile", "property2": "", "property3": "", "property4": "", "property5": "", "property6": "", "description": "This weapon is a +1 agile estoc.", "rawName": "GracefulEnd", "blueprint": "ca7205e1840e3f14081ba4532b13545b", "cost": 9000},
		{"name": "Fervent Edge", "type": "Falcata", "enhancement": 3, "property1": "Furious", "property2": "Incinerating", "property3": "", "property4": "", "property5": "", "property6": "", "description": "This +3 furious brass falcata grants its wielder the ability to cast righteous might spell once per day.", "rawName": "FerventEdgeFalcataItem", "blueprint": "db4c0b468836b49478a5dfca2dd79883", "cost": 59000},
		{"name": "Decapitator", "type": "Falcata", "enhancement": 2, "property1": "Furious", "property2": "Keen", "property3": "", "property4": "", "property5": "", "property6": "", "description": "This weapon is a +2 keen falcata.", "rawName": "Decapitator", "blueprint": "aa726088e7616f34f8fa2aed8e12efe4", "cost": 18000},
		{"name": "Odium", "type": "Falchion", "enhancement": 5, "property1": "Unholy", "property2": "Anarchic", "property3": "", "property4": "", "property5": "", "property6": "", "description": "This +5 unholy anarchic falchion gives its wielder a +6 enhancement bonus to natural armor, but reduce their Charisma score to 1.", "rawName": "LamashtuFalchionItem", "blueprint": "95960ccc7ac1d404890376baa8e4184b", "cost": 117500},
		{"name": "Beastrender", "type": "Falchion", "enhancement": 2, "property1": "Animal Bane", "property2": "", "property3": "", "property4": "", "property5": "", "property6": "", "description": "This weapon is a +2 animal bane falchion.", "rawName": "Beastrender", "blueprint": "3beba2c9af7ed0641b841b0fc9c0870b", "cost": 30000},
		{"name": "Fury's Legacy", "type": "Falchion", "enhancement": 2, "property1": "Furious", "property2": "", "property3": "", "property4": "", "property5": "", "property6": "", "description": "This weapon is a +2 furious falchion.", "rawName": "LegacyOfFury", "blueprint": "afc41ae94692b7147b60057d96855c23", "cost": 18000},
		{"name": "Mastery", "type": "Fauchard", "enhancement": 5, "property1": "", "property2": "", "property3": "", "property4": "", "property5": "", "property6": "", "description": "This +5 fauchard grants its wielder continuous effect of freedom of movement spell, immunity to trip and bull rush combat maneuvers, and a +5 enhancement bonus to CMB. Whenever the wielder succussfully performs a combat maneuver, Mastery also deals damage to its target as if it landed a hit.", "rawName": "MasteryItem", "blueprint": "2d9c8adc444adfb4e903fbd1bbd489e6", "cost": 213800},
		{"name": "Serpent Prince", "type": "Fauchard", "enhancement": 3, "property1": "Destructive", "property2": "Corrosive", "property3": "", "property4": "", "property5": "", "property6": "", "description": "This +3 corrosive fauchard has a higher critical hit multiplier.", "rawName": "SerpentPrinceFauchItem", "blueprint": "d1605b9f9a5a74c46a0dde19f01eae40", "cost": 51300},
		{"name": "Dark Bidding", "type": "Fauchard", "enhancement": 3, "property1": "Greater Necrotic", "property2": "", "property3": "", "property4": "", "property5": "", "property6": "", "description": "This +3 necrotic fauchard grants its wielder the ability to cast animate dead spell once per day.", "rawName": "DarkBiddingSlingstaffItem", "blueprint": "847907dfb635c3446ae9e4ee08a2ff15", "cost": 50666},
		{"name": "Tyrant", "type": "Flail", "enhancement": 5, "property1": "", "property2": "", "property3": "", "property4": "", "property5": "", "property6": "", "description": "Each time this +5 flail lands a hit, it applies a stacking -1 penalty to target's AC, all saving throws and CMD.", "rawName": "TyrantItem", "blueprint": "bdc39e9b171a7344893d9089e1e6480d", "cost": 103000},
		{"name": "Incurruptible Petal", "type": "Glaive", "enhancement": 5, "property1": "Holy", "property2": "Ultrasound", "property3": "", "property4": "", "property5": "", "property6": "", "description": "This +5 holy glaive deals an additional 2d6 sonic damage. It also grants its wielder the ability to cast heroic invocation once per day as a 17th level wizard.", "rawName": "IncorruptibleBladeItem", "blueprint": "59d9d41f42ecb5c46b4b61c51506742a", "cost": 231600},
		{"name": "Dragon's Essence", "type": "Greataxe", "enhancement": 5, "property1": "Dragon Bane", "property2": "", "property3": "", "property4": "", "property5": "", "property6": "", "description": "This +5 dragon bane greataxe grants its wielder the ability to cast dragonkind III spell once per day.", "rawName": "DragonEssenceItem", "blueprint": "0b6607610acca6549b7eea86690e724d", "cost": 287000},
		{"name": "Vanquisher", "type": "Greataxe", "enhancement": 5, "property1": "", "property2": "", "property3": "", "property4": "", "property5": "", "property6": "", "description": "This +5 greataxe has a critical range of 19-20, and deals additional 10 damage on every hit.", "rawName": "VanquisherItem", "blueprint": "294c4eb7e8d6f2c41b7696ce5fb28413", "cost": 245100},
		{"name": "Lava Forged Axe", "type": "Greataxe", "enhancement": 5, "property1": "Greater Flaming", "property2": "", "property3": "", "property4": "", "property5": "", "property6": "", "description": "This +5 bleed greataxe deals additional 2d8 damage. It grants its wielder ability to cast summon huge fire elemental spell once per day.", "rawName": "LavaForgedAxeItem", "blueprint": "c93fc085584f26d49a0a0d0f5f876a0e", "cost": 237600},
		{"name": "Destroyer", "type": "Greataxe", "enhancement": 5, "property1": "Anarchic", "property2": "Unholy", "property3": "Vicious", "property4": "Improved Critical Multiplier", "property5": "", "property6": "", "description": "This +5 anarchic unholy vicious greataxe has a x4 critical multiplier.", "rawName": "DestroyerItem", "blueprint": "db97b1caae0d99948a8c3c7243176034", "cost": 163000},
		{"name": "Retribution", "type": "Greataxe", "enhancement": 4, "property1": "Magical Beast Bane", "property2": "", "property3": "", "property4": "", "property5": "", "property6": "", "description": "This +4 flaming magic beast bane greataxe grants its wielder the ability to cast eaglesoul spell once per day.", "rawName": "RetributionGreataxe", "blueprint": "dfdb6779e8cd91e48ad096147836ec31", "cost": 97300},
		{"name": "Tempest", "type": "Greataxe", "enhancement": 3, "property1": "Speed", "property2": "Greater Shock", "property3": "", "property4": "", "property5": "", "property6": "", "description": "This +3 speed shock greataxe grants its wielder the ability to cast remove paralysis spell twice per day.", "rawName": "LightningStrikeAxeItem", "blueprint": "0c527fb7c259f4748b037db4e57db3b2", "cost": 43200},
		{"name": "Frost Touch", "type": "Greataxe", "enhancement": 3, "property1": "Fey Bane", "property2": "Greater Frost", "property3": "", "property4": "", "property5": "", "property6": "", "description": "This +3 frost fey bane greataxe grants its wielder the ability to cast resist cold spell once per day.", "rawName": "FrostKissintheNeckGreatAxItem", "blueprint": "641ca97e9f899464e8b78125017f793e", "cost": 32400},
		{"name": "Heat of Battle", "type": "Greataxe", "enhancement": 3, "property1": "Flaming", "property2": "", "property3": "", "property4": "", "property5": "", "property6": "", "description": "This weapon is a +3 flaming greataxe.", "rawName": "HeatOfBattle", "blueprint": "58c3540ce7375104698bce0f88e4f5d7", "cost": 32000},
		{"name": "Second Execution", "type": "Greataxe", "enhancement": 1, "property1": "Undead Bane", "property2": "", "property3": "", "property4": "", "property5": "", "property6": "", "description": "This weapon is a +1 undead bane greataxe.", "rawName": "SecondExecution", "blueprint": "0e6e63071dfaed048a6a247c5090ee48", "cost": 20000},
		{"name": "Extinguisher", "type": "Greataxe", "enhancement": 2, "property1": "Extinguisher", "property2": "", "property3": "", "property4": "", "property5": "", "property6": "", "description": "This +2 greataxe works as a +6 weapon against Will-o'-Wisps.", "rawName": "WillowispDestroyer", "blueprint": "d40c42776160c3844858cb8638ecae13", "cost": 13560},
		{"name": "Capital Punishment", "type": "Greataxe", "enhancement": 5, "property1": "Axiomatic", "property2": "Keen", "property3": "", "property4": "", "property5": "", "property6": "", "description": "This weapon is a +5 axiomatic keen greataxe.", "rawName": "ExecutionerDevilGreataxe", "blueprint": "ba91313daf281704199d58909244a1a2", "cost": 6000},
		{"name": "Trollreaper", "type": "Greataxe", "enhancement": 1, "property1": "Corrosive", "property2": "", "property3": "", "property4": "", "property5": "", "property6": "", "description": "This +1 greataxe deals additional 1d6 acid damage.", "rawName": "Trollreaper", "blueprint": "e6193f290bd809945bad1a9f2ca15a1a", "cost": 4400},
		{"name": "Bloodthirst", "type": "Greatclub", "enhancement": 5, "property1": "Vampiric", "property2": "", "property3": "", "property4": "", "property5": "", "property6": "", "description": "This +5 greatclub deals additional 2d6 negative energy damage on a hit, and has a chance to cast vampiric touch on a critical hit. It can only be used by evil characters.", "rawName": "BloodthirstItem", "blueprint": "9ab054026b5c90c4097552792a80f7f2", "cost": 324000},
		{"name": "Spinebreaker", "type": "Greatclub", "enhancement": 3, "property1": "Unholy", "property2": "Keen", "property3": "", "property4": "", "property5": "", "property6": "", "description": "This +3 unholy greatclub grants its wielder immunity to boneshaker and boneshatter spells. It has an improved critical range 19-20 (does not stack with other effects that enhance the critical range). Whenever it lands a critical hit, it has a chance to cast boneshatter spell at the target.", "rawName": "SpinebreakerItem", "blueprint": "77bcaf55c83ae1042a163132ff1d2cd5", "cost": 33000},
		{"name": "The Crusher", "type": "Greatclub", "enhancement": 2, "property1": "Oversized", "property2": "", "property3": "", "property4": "", "property5": "", "property6": "", "description": "This +2 large greatclub appears surprisingly light in your hand. Its size penalty for Medium creatures is reduced to -2.", "rawName": "TheCrusher", "blueprint": "993ee0462c4b36842bc3a73904d396bb", "cost": 9000},
		{"name": "Endless War", "type": "Greatsword", "enhancement": 5, "property1": "Vicious", "property2": "", "property3": "", "property4": "", "property5": "", "property6": "", "description": "This weapon is a +5 vicious greatsword.", "rawName": "WarswordItem", "blueprint": "d06e90fefe4461c40b05576c4c2f33d1", "cost": 89000},
		{"name": "Remnant", "type": "Greatsword", "enhancement": 5, "property1": "", "property2": "", "property3": "", "property4": "", "property5": "", "property6": "", "description": "This +5 flaming greatsword deals additional 2d6 divine damage on hit. If its wielder is good, and its target is evil, it deals additional 3d6 divine damage instead.", "rawName": "RemnantItem", "blueprint": "7695ca9a4fdf98a4ea78a14813ebc553", "cost": 87000},
		{"name": "Swift Blow", "type": "Greatsword", "enhancement": 4, "property1": "", "property2": "", "property3": "", "property4": "", "property5": "", "property6": "", "description": "This +4 shock greatsword grants its wielder the ability to cast umbral strike spell once per day.", "rawName": "SwiftBlowItem", "blueprint": "0a3fb024f4e27c64f8d1d00932e676d5", "cost": 85000},
		{"name": "Stonekeeper", "type": "Greatsword", "enhancement": 2, "property1": "Corrosive", "property2": "", "property3": "", "property4": "", "property5": "", "property6": "", "description": "This +2 corrosive greatsword grants its wielder the ability to cast pike stones spell twice per day.", "rawName": "Stonekeeper", "blueprint": "c82821375e458714091448a2ca4c86cd", "cost": 50320},
		{"name": "Fly Swatter", "type": "Greatsword", "enhancement": 1, "property1": "Bane Vermin", "property2": "Poison Resistance", "property3": "", "property4": "", "property5": "", "property6": "", "description": "This +1 greatsword grants its wielder a +4 bonus on all saving throws against poison, and deals an additional 1d8 damage against vermin.", "rawName": "FlySwatter", "blueprint": "c76ec6cbf196e8142be151e2c2c6a658", "cost": 14340},
		{"name": "Stonecutter", "type": "Handaxe", "enhancement": 5, "property1": "Construct Bane", "property2": "", "property3": "", "property4": "", "property5": "", "property6": "", "description": "This +5 adamantite construct bane handaxe grants its wielder DR 5/ bludgeoning.", "rawName": "StonecutterItem", "blueprint": "d93bf131f57ebd143a9904c269c608cb", "cost": 128000},
		{"name": "Elemental Squall", "type": "Heavy Crossbow", "enhancement": 3, "property1": "Corrosive", "property2": "Shock", "property3": "Flaming", "property4": "Frost", "property5": "", "property6": "", "description": "This weapon is a +3 flaming frost shock corrosive heavy crossbow.", "rawName": "ElementalArtilleryHeavyCrossbowItem", "blueprint": "16f5cce89bad4d840bf2447b76454fc8", "cost": 47000},
		{"name": "Ankle Breaker", "type": "Heavy Crossbow", "enhancement": 1, "property1": "Slowdown", "property2": "", "property3": "", "property4": "", "property5": "", "property6": "", "description": "This +1 crossbow has a chance to slow the enemy on hit.", "rawName": "CrossbowofSlowdown", "blueprint": "d2127cb56fa4c4c43a6af226ffb21ac1", "cost": 6800},
		{"name": "Myth Slayer", "type": "Heavy Crossbow", "enhancement": 5, "property1": "", "property2": "", "property3": "", "property4": "", "property5": "", "property6": "", "description": "This +5 heavy crossbow deals 2d10 damage on hit. If its target has one of the following qualities: Huge or Gargantuan size; 20 or more HD, it inflicts a single -2 penalty to wielder's attack rolls, but adds 1d10 to damage for each of the qualities the target has.", "rawName": "MythslayerItem", "blueprint": "a96caf050601a694fa919478bbd51332", "cost": 283400},
		{"name": "The End", "type": "Heavy Flail", "enhancement": 5, "property1": "Anarchic", "property2": "Vicious", "property3": "Unstoppable", "property4": "", "property5": "", "property6": "", "description": "This +5 anarchic vicious heavy flail deals divine damage instead of physical, bypassing any damage reduction, resistance or immunity the target may possess.", "rawName": "TheEndItem", "blueprint": "c2b104f3c963e8f459c7aa0000e2e1b8", "cost": 150000},
		{"name": "Overthrow", "type": "Heavy Flail", "enhancement": 5, "property1": "Speed", "property2": "", "property3": "", "property4": "", "property5": "", "property6": "", "description": "If the wielder of this +5 speed flail has the Trip feat, each round the first successful hit it lands also attempts to trip the target.", "rawName": "OverthrowItem", "blueprint": "03731ae7545b93245b16ddf18b2ce3ba", "cost": 95000},
		{"name": "Eradicator", "type": "Heavy Mace", "enhancement": 4, "property1": "Unholy", "property2": "", "property3": "", "property4": "", "property5": "", "property6": "", "description": "This +4 unholy mace grants its wielder the ability to cast slay living spell once per day.", "rawName": "TheEradicatorGreataxeItem", "blueprint": "0171c4bce2a18cb45840714906b2e163", "cost": 148500},
		{"name": "Authority", "type": "Heavy Mace", "enhancement": 5, "property1": "Unholy", "property2": "", "property3": "", "property4": "", "property5": "", "property6": "", "description": "This unholy heavy mace +5 grants its wielder fire immunity and a +5 bonus on Persuasion skill checks. On a successfuls hit, the target must succeed on DC 21 Fortitude check or be set on fire for 1d4 rounds (2d6 fire damage) and become nauseated for 1 round.", "rawName": "AuthorityHeavyMaceItem", "blueprint": "c19e5e3414d8fba489d760d8a86bca21", "cost": 134000},
		{"name": "Alkaline Mace", "type": "Heavy Mace", "enhancement": 3, "property1": "Corrosive", "property2": "", "property3": "", "property4": "", "property5": "", "property6": "", "description": "This +2 corrosive heavy mace allows its wearer to throw an acid bomb three times per day. Acid bombs launched from this mace deals 3d6+5 acid damage on a direct hit.", "rawName": "AcidBombsMace", "blueprint": "340439993de5862478a7032402b8b4f3", "cost": 124000},
		{"name": "Sovereign", "type": "Heavy Mace", "enhancement": 5, "property1": "", "property2": "", "property3": "", "property4": "", "property5": "", "property6": "", "description": "Whenever the wielder of this +5 heavy mace successfully hits a new target for the first time, it grants them a stacking +1 bonus to AC, attack rolls, and all saving throws until the end of the battle.", "rawName": "SovereignItem", "blueprint": "10a2302203ccb2348b30563f4038ac89", "cost": 92000},
		{"name": "Mallet of Woe", "type": "Heavy Mace", "enhancement": 3, "property1": "", "property2": "", "property3": "", "property4": "", "property5": "", "property6": "", "description": "This +3 heavy mace deals 2d6 damage and grants its wielder the continuous effect of freedom of movement spell.", "rawName": "ScepterOfWoe", "blueprint": "21ae3e4a55b4a56468fc5b5529fb7e2b", "cost": 35000},
		{"name": "Executioner", "type": "Heavy Mace", "enhancement": 2, "property1": "Human Bane", "property2": "", "property3": "", "property4": "", "property5": "", "property6": "", "description": "This weapon is a +2 human bane morningstar.", "rawName": "HumanbaneMorningstar2Item", "blueprint": "2b6874ccbee523640819f8a8d66167b6", "cost": 27500},
		{"name": "Righteous Punishment", "type": "Heavy Mace", "enhancement": 4, "property1": "", "property2": "", "property3": "", "property4": "", "property5": "", "property6": "", "description": "This +4 heavy mace gains a +4 bonus to attack rolls agianst the targets affected by Smite Evil or Mark of Justice effects.", "rawName": "RighteousPunishmentItem", "blueprint": "7c46e43f88dbd7f418da2ce71439d8b6", "cost": 24300},
		{"name": "Skullcrusher", "type": "Heavy Mace", "enhancement": 2, "property1": "Heavy Blow", "property2": "", "property3": "", "property4": "", "property5": "", "property6": "", "description": "Whenever this +2 heavy mace lands a critical hit, the target needs to succeed at a Fortitude saving throw (DC 17) or become stunned for 1d4 rounds. If the saving throw is successful, the target is staggered for 1 round instead.", "rawName": "Skullcrusher", "blueprint": "60d447726ca562c4ba9b4576beaee7f5", "cost": 12000},
		{"name": "Terror Bringer", "type": "Heavy Mace", "enhancement": 2, "property1": "", "property2": "", "property3": "", "property4": "", "property5": "", "property6": "", "description": "This +2 heavy mace grants its wielder the ability to cast boneshaker spell twice per day.", "rawName": "DRAFT_TerrorBringer", "blueprint": "bbfe6703b5dcf054aa8a31edef6a3e83", "cost": 11600},
		{"name": "Kneesplitter", "type": "Heavy Pick", "enhancement": 2, "property1": "Giant Bane", "property2": "", "property3": "", "property4": "", "property5": "", "property6": "", "description": "This weapon is a +2 giant bane heavy pick.", "rawName": "Kneesplitter", "blueprint": "2caff865ae325f54598a4cac1dd528e5", "cost": 18000},
		{"name": "Demolisher", "type": "Heavy Pick", "enhancement": 1, "property1": "Construct Bane", "property2": "", "property3": "", "property4": "", "property5": "", "property6": "", "description": "This weapon is a +1 adamantine construct bane heavy pick.", "rawName": "TheBreaker", "blueprint": "8b41dc79c8e1dca459d52b7040c8ab30", "cost": 18000},
		{"name": "Eye of the Tornado", "type": "Heavy Repeating Crossbow", "enhancement": 3, "property1": "Shock", "property2": "", "property3": "", "property4": "", "property5": "", "property6": "", "description": "This +3 shock light repeating crossbow grants its wielder a +2 luck bonus to Initiative, and the ablilty to cast summon medium air elemental spell once per day.", "rawName": "EyeOfTheTornadoLightRepShortbowItem", "blueprint": "b6c71cc97303b0f4f9f0a28e14bbb66e", "cost": 113400},
		{"name": "Monastic Kama", "type": "Kama", "enhancement": 3, "property1": "Eye Gouger", "property2": "", "property3": "", "property4": "", "property5": "", "property6": "", "description": "This +3 kama has a chance to blind the opponent on a successful hit and grants its wielder the ability to cast molten orb spell twice per day.", "rawName": "GoldenTideNunchItem", "blueprint": "89e1589150d4eda4c9d1e631914ff272", "cost": 37800},
		{"name": "Persector", "type": "Kama", "enhancement": 2, "property1": "Shock", "property2": "", "property3": "", "property4": "", "property5": "", "property6": "", "description": "This +2 shock kama grants its wielder the ability to cast thundering drums spell once per day.", "rawName": "ThePersecutorBolaItem", "blueprint": "72c65ae66207616499c99e7914682a58", "cost": 37800},
		{"name": "Monastic Kama", "type": "Kama", "enhancement": 2, "property1": "", "property2": "", "property3": "", "property4": "", "property5": "", "property6": "", "description": "This +2 kama grants its wielder a +2 dodge bonus to AC.", "rawName": "HumilityKamaItem", "blueprint": "f5b2d1118ed97354688095319e78b1b8", "cost": 32400},
		{"name": "Talon of the Wise", "type": "Kama", "enhancement": 2, "property1": "Agile", "property2": "", "property3": "", "property4": "", "property5": "", "property6": "", "description": "This weapon is a +2 agile kama.", "rawName": "TalonOfTheWise", "blueprint": "240d326bb03e4cf4c9fb0bdded1dcff9", "cost": 18500},
		{"name": "Weasel's Bite", "type": "Kukri", "enhancement": 5, "property1": "Destructive", "property2": "", "property3": "", "property4": "", "property5": "", "property6": "", "description": "This +5 kukri has a x3 critical multiplier. Whenever a creature is hit by it for the first time during a combat, it deals an additional 6d6 damage.", "rawName": "BetrayalFirstItem", "blueprint": "92cfdd028ba3bff4f9f29858f81b1c71", "cost": 74000},
		{"name": "Weasel's Claw", "type": "Kukri", "enhancement": 5, "property1": "Destructive", "property2": "", "property3": "", "property4": "", "property5": "", "property6": "", "description": "This +5 kukri has a x3 critical multiplier. Whenever a creature is hit by it for the first time during a combat, it deals an additional 6d6 damage.", "rawName": "BetrayalSecondItem", "blueprint": "8b6da0c2cead68d49bbc95316db2883f", "cost": 74000},
		{"name": "Cold Blood", "type": "Kukri", "enhancement": 4, "property1": "Agile", "property2": "Freezing", "property3": "", "property4": "", "property5": "", "property6": "", "description": "This weapon is a +4 freezing Kukri.", "rawName": "ColdBloodItem", "blueprint": "cd2bb6783419f35439457b3bdf83744e", "cost": 72000},
		{"name": "Fiery Blood", "type": "Kukri", "enhancement": 4, "property1": "Incinerating", "property2": "", "property3": "", "property4": "", "property5": "", "property6": "", "description": "This weapon is a +4 incinerating Kukri", "rawName": "FieryBloodItem", "blueprint": "6929f2f0de978dd4a9ae0d4f03278a03", "cost": 72000},
		{"name": "Swift Injustice", "type": "Kukri", "enhancement": 4, "property1": "Sacrificial", "property2": "", "property3": "", "property4": "", "property5": "", "property6": "", "description": "This +4 Kukri deals additional 2 damage to helpless targets.", "rawName": "FalseJusticeItem", "blueprint": "afab96bdb52d22f4796eb365c3f5df8c", "cost": 35800},
		{"name": "Gift of Death", "type": "Kukri", "enhancement": 2, "property1": "Unholy", "property2": "Sacrificial", "property3": "", "property4": "", "property5": "", "property6": "", "description": "This weapon is a +2 unholy kukri.", "rawName": "GiftOfDeath", "blueprint": "d7958455107164b47a78eb303bab51ad", "cost": 21000},
		{"name": "Mother's Care", "type": "Kukri", "enhancement": 2, "property1": "Keen", "property2": "Frost", "property3": "", "property4": "", "property5": "", "property6": "", "description": "This weapon is a +2 frost keen kukri.", "rawName": "MothersCare", "blueprint": "70ad3d3a88d1a02469b54205d82ce8c3", "cost": 20000},
		{"name": "Mother's Warmth", "type": "Kukri", "enhancement": 2, "property1": "Keen", "property2": "Flaming", "property3": "", "property4": "", "property5": "", "property6": "", "description": "This weapon is a +2 flaming keen kukri.", "rawName": "MothersWarmth", "blueprint": "565dd292fabbfb147b5279746cb63b85", "cost": 20000},
		{"name": "Ovinrbaane, Enemy of All Enemies", "type": "Large Bastard Sword", "enhancement": 5, "property1": "Oversized", "property2": "Anarchic", "property3": "Speed", "property4": "", "property5": "", "property6": "", "description": "The soul within the Ovinrbaane can manipulate reality around its wielder, allowing them to cast a mall assortment of spells from Abjuration and Transmutation schools.\r\nEach round in combat the wielder of Ovinrbaane risks falling under its influence and losing control over their actions. Each round the wielder must succeed on a Will saving throw (DC23) or begin attacking the closest target. Each round afterwards the wielder can make another saving throw to regain control. For every successful saving throw against this influence, the DC of subsequent saving throws is increased by 1 until the end of the combat.", "rawName": "ArmagsBladeItem", "blueprint": "ce0842546b73aa34b8fcf40a970ede68", "cost": 120000},
		{"name": "Graveyard of Giants", "type": "Large Bastard Sword", "enhancement": 4, "property1": "Oversized", "property2": "Furious", "property3": "Greater Frost", "property4": "", "property5": "", "property6": "", "description": "This weapon is a +5 furious greater frost oversized bastard sword. It doesn't impose the regular size penalty on the wielder.", "rawName": "BastardSwordOversizedFuriousExtremeFrostPlus5NoPenalty", "blueprint": "4d7aa1669e8c192478337e4ce2f4c213", "cost": 92000},
		{"name": "Lawbringer", "type": "Light Crossbow", "enhancement": 5, "property1": "Axiomatic", "property2": "Remove Rage", "property3": "", "property4": "", "property5": "", "property6": "", "description": "This +5 axiomatic light crossbow ends the barbarian's Rage on hit.", "rawName": "LawbringerItem", "blueprint": "88ab4bc7a0204b64c8a328c82688f370", "cost": 117500},
		{"name": "Escapist's Crossbow", "type": "Light Crossbow", "enhancement": 3, "property1": "Speed", "property2": "Shock", "property3": "", "property4": "", "property5": "", "property6": "", "description": "This +3 speed shock light crossbow grants its wielder the ability to cast dimension door spell once per day.", "rawName": "CrossbowOfEscape", "blueprint": "8762d9897514dd241b19e32ee9cf3f54", "cost": 83000},
		{"name": "Planar Hunter", "type": "Light Crossbow", "enhancement": 3, "property1": "Chaotic Outsider Bane", "property2": "Evil Outsider Bane", "property3": "Good Outsider Bane", "property4": "Lawful Outsider Bane", "property5": "Neutral Outsider Bane", "property6": "Brilliant Energy", "description": "+3 outsider bane brilliant energy light crossbow.", "rawName": "PlanarHunterLightCrossbowItem", "blueprint": "137fc6acf3f645a40a3ec041b472ba86", "cost": 27500},
		{"name": "Greater Sting", "type": "Light Crossbow", "enhancement": 2, "property1": "Destructive", "property2": "Heavy Blow", "property3": "Corrosive", "property4": "", "property5": "", "property6": "", "description": "This +2 corrosive light crossbow deals an extra 1d6 points of acid damage on a successful hit and has critical hit multiplier x3.", "rawName": "CorrosiveCrossbowArtisanItem", "blueprint": "84094c6a1e5ba694f9b1b6492d6fcdf3", "cost": 23600},
		{"name": "Torpor", "type": "Light Hammer", "enhancement": 1, "property1": "Destructive", "property2": "Torpor", "property3": "", "property4": "", "property5": "", "property6": "", "description": "This +1 light hammer has a 19-20/x3 critical range. On a successful critical hit it has a chance to stun the enemy.", "rawName": "TorporLightHammer", "blueprint": "c3e704d94d4fcd24ca79b1b2a68d388c", "cost": 12000},
		{"name": "Malice", "type": "Light Mace", "enhancement": 5, "property1": "Vicious", "property2": "", "property3": "", "property4": "", "property5": "", "property6": "", "description": "This +5 vicious mithral light mace has 19-20/ x2 critical range and deals bludgeoning, slashing and piercing damage.", "rawName": "MaliceLightMaceItem", "blueprint": "dec4acdd0677f1c4eaf2f5a180dfa4f5", "cost": 105600},
		{"name": "Highwayman's Argument", "type": "Light Mace", "enhancement": 4, "property1": "", "property2": "", "property3": "", "property4": "", "property5": "", "property6": "", "description": "This +4 light mace grants its wielder a +5 morale bonus to Persuasion skill checks when used to intimidate. It deals additional 2d6 damage against frightened targets and 1d6 damage against shaken targets (these effects do not stack with each other).", "rawName": "BanditLightMaceItem", "blueprint": "815f9ba2e31fdab49a7464df3189b71b", "cost": 53500},
		{"name": "Violent Mischief", "type": "Light Mace", "enhancement": 4, "property1": "", "property2": "", "property3": "", "property4": "", "property5": "", "property6": "", "description": "Whenever this +4 light mace deals sneak attack damage, it's increased by 1d6.", "rawName": "ViolentMischiefItem", "blueprint": "1f04244d7816cf74b8039b65560b0cdf", "cost": 50500},
		{"name": "Elemental Punisher", "type": "Longbow", "enhancement": 5, "property1": "Speed", "property2": "", "property3": "", "property4": "", "property5": "", "property6": "", "description": "This +5 speed longbow deals additional 1d6 electricity damage, 1d6 fire damage, 1d6 acid damage, and 1d6 sonic damage. It has 19-20 critical range. Whenever it lands a hit, it has a chance to blind target for 1d3 rounds (DC24).", "rawName": "ElementalPunisherLongbowItem", "blueprint": "fa1a55ef0cacce14ab2841569226675e", "cost": 345200},
		{"name": "Nobleman's Amusement", "type": "Longbow", "enhancement": 1, "property1": "Elite Expertise", "property2": "", "property3": "", "property4": "", "property5": "", "property6": "", "description": "This +1 longbow grants its wielder the effect of Point-Blank Shot and Precise Shot feats.", "rawName": "NobleHunterEliteExpertLongbow", "blueprint": "6500b366ea906a94ab21576e69e79264", "cost": 12000},
		{"name": "Singing Edge", "type": "Longspear", "enhancement": 3, "property1": "", "property2": "", "property3": "", "property4": "", "property5": "", "property6": "", "description": "Whenever the wielder of this +3 longspear becomes affected by bardic performance, its enhancement bonus increases to +3, and it grants its wielder a +2 dodge bonus to AC.", "rawName": "SingingEdgeItem", "blueprint": "1626d4d5c862bd148bf17a06e7e72f38", "cost": 71000},
		{"name": "Dragonslayer", "type": "Longspear", "enhancement": 5, "property1": "Dragon Bane", "property2": "", "property3": "", "property4": "", "property5": "", "property6": "", "description": "This weapon is a +5 dragonbane longspear.", "rawName": "DragonslayerItem", "blueprint": "c2c8a25e0dbd94646b71e17b55cfa78d", "cost": 60000},
		{"name": "Redeemer", "type": "Longsword", "enhancement": 5, "property1": "Holy", "property2": "Destructive", "property3": "Flaming", "property4": "", "property5": "", "property6": "", "description": "This +5 holy flaming longsword has an improved critical multiplier. It grants its wielder the ability to cast transformation spell once per day.", "rawName": "RedemptorLongSwItem", "blueprint": "50e7f5c17e327e2438f8878a0af1cc8c", "cost": 267300},
		{"name": "Light of Valor", "type": "Longsword", "enhancement": 5, "property1": "Holy", "property2": "Axiomatic", "property3": "", "property4": "", "property5": "", "property6": "", "description": "This +5 holy axiomatic longsword grants its wielder the ability to cast searing light spell as a 10th level cleric at will.", "rawName": "LightOfValorItem", "blueprint": "6fc22d205db48d7419758984a0ecd3b0", "cost": 168600},
		{"name": "Unbound Blade", "type": "Longsword", "enhancement": 4, "property1": "Shock", "property2": "", "property3": "", "property4": "", "property5": "", "property6": "", "description": "This +4 shock longsword grants its wielder a +4 bonus on saving throws against mind-affecting effects.", "rawName": "UnboundBladeItem", "blueprint": "4d46a97ba8c349c498abd8c49a9db0f6", "cost": 67000},
		{"name": "Perfection", "type": "Longsword", "enhancement": 5, "property1": "", "property2": "", "property3": "", "property4": "", "property5": "", "property6": "", "description": "This +5 longsword grants its wielder a +2 inherent bonus to AC, all saving throws, attack rolls and skill checks.", "rawName": "PerfectionItem", "blueprint": "b3977451f2d9e64498b3208bd78a5394", "cost": 32500},
		{"name": "Sword of Eternal Servitude", "type": "Longsword", "enhancement": 1, "property1": "Holy", "property2": "", "property3": "", "property4": "", "property5": "", "property6": "", "description": "This weapon is a +1 holy longsword.", "rawName": "SwordOfEternalSquire", "blueprint": "59a594b9b6d72c74692d53632ed29b0d", "cost": 18500},
		{"name": "Rageclaw", "type": "Longsword", "enhancement": 2, "property1": "Furious", "property2": "", "property3": "", "property4": "", "property5": "", "property6": "", "description": "This weapon is a +2 adamantine furious longsword.", "rawName": "Rageclaw", "blueprint": "4d252540a4b40e747bbd932fd410684e", "cost": 18000},
		{"name": "Faterender", "type": "Orc Double Axe", "enhancement": 5, "property1": "", "property2": "", "property3": "", "property4": "", "property5": "", "property6": "", "description": "This weapon is a +5/+5 double axe. Whenever its first blade lands a hit, it marks the target for an execution. Whenever the second blade hits a marked target, it removes the mark and deals additional 1d10 + wielder's Strength modifier damage.", "rawName": "FaterenderItem", "blueprint": "05717e60418e7e644b6b19fdd1b5f58b", "cost": 86900},
		{"name": "Silent Whisperer", "type": "Punching Dagger", "enhancement": 5, "property1": "Destructive", "property2": "Agile", "property3": "Greater Shock", "property4": "", "property5": "", "property6": "", "description": "This +5 shock agile dagger grants its wielder the ability to cast harm spell once per day.", "rawName": "SilentWhispererItem", "blueprint": "bde50faeaa5a3cf48872a9dc3da14fef", "cost": 214000},
		{"name": "Prehistoric Tooth", "type": "Punching Dagger", "enhancement": 4, "property1": "Lethal", "property2": "Necrotic Burst", "property3": "", "property4": "", "property5": "", "property6": "", "description": "This weapon is a +4 necrotic burst punching dagger.", "rawName": "ElderToothItem", "blueprint": "3e55ebd643d5df949a19a0e17a0d8380", "cost": 77000},
		{"name": "Trouble Solver", "type": "Punching Dagger", "enhancement": 2, "property1": "Speed", "property2": "Agile", "property3": "Slowdown", "property4": "Frost", "property5": "", "property6": "", "description": "This +2 frost agile speed dagger has a chance to slow an enemy on a successful hit.", "rawName": "TroubleSolverItem", "blueprint": "cc9a4edab870983419ed4d8f45bfedcf", "cost": 31030},
		{"name": "The Call", "type": "Quarterstaff", "enhancement": 4, "property1": "", "property2": "", "property3": "", "property4": "", "property5": "", "property6": "", "description": "This +4 quarterstaff grants its wielder the ability to cast summon monster VIII spell twice per day, and glitterdust spell at will.", "rawName": "StaffOfTheCallItem", "blueprint": "1ee9ba56d3874414bada34a9652f633c", "cost": 432000},
		{"name": "Twin Serpents", "type": "Quarterstaff", "enhancement": 5, "property1": "", "property2": "", "property3": "", "property4": "", "property5": "", "property6": "", "description": "This +5 quarterstaff deals force damage. Whenever its wielder casts spells with force descriptor, they deal +2 damage per dice. It also grants its wielder the ability to cast empowered magic missile spell at will.", "rawName": "TwinSerpentsItem", "blueprint": "fa02b3d13a6598c4f97acfbabfe1e01e", "cost": 275000},
		{"name": "Ruin", "type": "Quarterstaff", "enhancement": 5, "property1": "", "property2": "", "property3": "", "property4": "", "property5": "", "property6": "", "description": "Whenever this +5 quarterstaff lands a hit, it deals additional 2d6 force damage.\r\nIf Ruin's wielder is chaotic, it grants them a +4 bons to spell penetration.\r\nIf Ruin's wielder is lawful, it grants them a +6 bons on concentration checks.\r\nIf Ruin's wielder is neutral, it grants them a +2 bons to spell penetration and a +3 bonus on concentration checks.", "rawName": "RuinItem", "blueprint": "d9f0df00399b0f246ac75a6339342719", "cost": 235900},
		{"name": "Black Raven's Staff", "type": "Quarterstaff", "enhancement": 3, "property1": "", "property2": "", "property3": "", "property4": "", "property5": "", "property6": "", "description": "This +3 quarterstaff grants its wielder the ability to cast waves of fatigue spell three times per day, and ray of enfeeblement spell at will.", "rawName": "StaffofCurse", "blueprint": "0993799d4cefa0c4486952d59fa11518", "cost": 234000},
		{"name": "The Undaunted", "type": "Quarterstaff", "enhancement": 4, "property1": "Aberration Bane", "property2": "Flaming", "property3": "", "property4": "", "property5": "", "property6": "", "description": "This +4 flaming aberration bane quarterstaff grants its wielder a +3 morale bonus on Persuasion skill checks when used to intimidate, and the ability to cast remove paralysis spell once per day.", "rawName": "UndauntedStaffItem", "blueprint": "24ef71eb824832e4eaf2c2266f9f0fc3", "cost": 165000},
		{"name": "Burned Oak", "type": "Quarterstaff", "enhancement": 2, "property1": "", "property2": "", "property3": "", "property4": "", "property5": "", "property6": "", "description": "This +2 quarterstaff grants its wielder the ability to cast fire snake spell twice per day, and burning hands spell at will.", "rawName": "StaffOfBurnedOak", "blueprint": "bbde81f4b99e26542bf6366990fd5129", "cost": 126000},
		{"name": "Prowling Cheetah", "type": "Quarterstaff", "enhancement": 1, "property1": "Speed", "property2": "", "property3": "", "property4": "", "property5": "", "property6": "", "description": "This +1 speed quarterstaff grants its wielder the ability to cast feather step (mass) spell three times per day.", "rawName": "StaffofMovement", "blueprint": "b1c5381157ef52f4b8ebd6743369a7f9", "cost": 42000},
		{"name": "Rigid Oak Staff", "type": "Quarterstaff", "enhancement": 2, "property1": "", "property2": "", "property3": "", "property4": "", "property5": "", "property6": "", "description": "This +2 quarterstaff grants its wielder a +4 morale bonus to Constitution, a +2 morale bonus on Fortitude saving throws, and the ability to cast resist sonic spell twice per day.", "rawName": "RigidOakStaffItem", "blueprint": "f2fffa6d6619c7c4fb44e261a30c1865", "cost": 33200},
		{"name": "Crimson Counselor", "type": "Quarterstaff", "enhancement": 2, "property1": "Fire Gemstone", "property2": "", "property3": "", "property4": "", "property5": "", "property6": "", "description": "This weapon is a +2 quarterstaff.", "rawName": "CrimsonCounselor", "blueprint": "436ec3989c26a3442ab12cb055b2b22f", "cost": 18000},
		{"name": "Will of the Dsciple", "type": "Quarterstaff", "enhancement": 1, "property1": "Axiomatic", "property2": "Heavy Blow", "property3": "", "property4": "", "property5": "", "property6": "", "description": "This +1 axiomatic quarterstaff is capable of delivering heavy stunning strikes upon the enemy.", "rawName": "MonksWifeQuaterstaffItem", "blueprint": "3d4ab4a38a6b41c4a941a23fd6a47143", "cost": 4300},
		{"name": "Black Salt", "type": "Rapier", "enhancement": 5, "property1": "", "property2": "", "property3": "", "property4": "", "property5": "", "property6": "", "description": "This +5 vicious rapier deals 2 damage to a random ability on hit. It can't reduce any ability score below 7.", "rawName": "BlackSaltItem", "blueprint": "0719364187329ce43abff3c214587df7", "cost": 117500},
		{"name": "Satisfaction", "type": "Rapier", "enhancement": 5, "property1": "Anarchic", "property2": "", "property3": "", "property4": "", "property5": "", "property6": "", "description": "Each time an enemy lands a hit on the wielder of this +5 anarchic mithral rapier, it gains a stacking +2 bonus to damage rolls until the end of the battle.", "rawName": "CalistriaRapierItem", "blueprint": "8ef7bd33f3684f94e8640ff8094537f5", "cost": 117500},
		{"name": "Revelry", "type": "Rapier", "enhancement": 5, "property1": "Holy", "property2": "Anarchic", "property3": "", "property4": "", "property5": "", "property6": "", "description": "This +5 holy anarchic rapier grants its wielder the continuous effect of freedom of movement spell, and immunity to fear and death effect.", "rawName": "CaydenRapierItem", "blueprint": "4d58b0598e31aee448d09fcbd2af734e", "cost": 117500},
		{"name": "Putrid Blade", "type": "Rapier", "enhancement": 3, "property1": "Agile", "property2": "Corrosive", "property3": "", "property4": "", "property5": "", "property6": "", "description": "This +3 corrosive agile rapier grants its wielder acid resistance 20 and the ability to cast spit venom spell once per day.", "rawName": "SepticBiteRapierItem", "blueprint": "8ecc736a6d7ba034db7da9850522bc3c", "cost": 28000},
		{"name": "Deadly Grace", "type": "Rapier", "enhancement": 1, "property1": "Agile", "property2": "Keen", "property3": "Unfair Advantage", "property4": "", "property5": "", "property6": "", "description": "When this +1 keen agile rapier lands a hit, its target must succeed on a Fortitude saving throw (DC 15) or become affected by acid that deals 2d4 damage every round for 3 rounds.", "rawName": "RapierDeadlyGrace", "blueprint": "6951d546eb65e174a82f964e630a3864", "cost": 20000},
		{"name": "Vein Finder", "type": "Rapier", "enhancement": 3, "property1": "Agile", "property2": "", "property3": "", "property4": "", "property5": "", "property6": "", "description": "Whenever this +3 agile rapier lands a hit, it makes the target bleed for 1d6 HP per round. Bleed will continue until the target receives magic healing or leaves combat. It also grants its wielder the ability to cast cure moderate wounds spell once per day.", "rawName": "VeinFinderRapierItem", "blueprint": "383988f92f17ef74d830c8509c12d0ce", "cost": 18000},
		{"name": "Tears of Blood", "type": "Sai", "enhancement": 5, "property1": "Agile", "property2": "Keen", "property3": "", "property4": "", "property5": "", "property6": "", "description": "This +5 keen agile sai has a chance to stun the opponent on a successful hit and grants its wielder the ability to cast sirocco spell once per day.", "rawName": "TearsOfBloodShurikenItem", "blueprint": "ec2fca9d272c06547a3bb7acedc9215c", "cost": 210600},
		{"name": "Steelwind", "type": "Sai", "enhancement": 3, "property1": "Greater Speed", "property2": "", "property3": "", "property4": "", "property5": "", "property6": "", "description": "This +3 improved speed sai grants its wielder 2 additional attacks per rounds.", "rawName": "QuickbladeItem", "blueprint": "7ac52934f882e3d4bade1187548ab350", "cost": 47400},
		{"name": "Heart Piercer", "type": "Sai", "enhancement": 3, "property1": "Agile", "property2": "", "property3": "", "property4": "", "property5": "", "property6": "", "description": "This +3 agile sai grants its wielder a +2 luck bonus on Initiative rolls. Whenever it lands a hit, it makes the target bleed for 1d6 HP per round. Bleed will continue until the target receives magic healing or leaves combat.", "rawName": "HeartPircerSaiItem", "blueprint": "940b19550b9bd67428173f5b42e24d4f", "cost": 32870},
		{"name": "Blade of the Merciful", "type": "Scimitar", "enhancement": 5, "property1": "Holy", "property2": "", "property3": "", "property4": "", "property5": "", "property6": "", "description": "Whenever this +5 holy scimitar lands a hit on a target that is not good, it deals additional 2d6 fire damage. It grants its wielder the ability to cast mass heal spell once per day as a 17th level cleric.", "rawName": "BladeOfTheMercifulItem", "blueprint": "58a5d7af98c250944acf5f54ab88a924", "cost": 187500},
		{"name": "Thundercrack", "type": "Scimitar", "enhancement": 5, "property1": "Runic Mageblade", "property2": "Agile", "property3": "Shock", "property4": "", "property5": "", "property6": "", "description": "This weapon is a +5 agile shock scimitar.", "rawName": "ThirdMagebladeItem", "blueprint": "a007d0281f8ac924f952c31f3d9fc29e", "cost": 128000},
		{"name": "Divine Intervention", "type": "Scimitar", "enhancement": 4, "property1": "Holy", "property2": "Flaming", "property3": "", "property4": "", "property5": "", "property6": "", "description": "This +4 holy flaming scimitar grants its wielder the ability to cast divine power spell once per day.", "rawName": "DivineInterventionScimitarItem", "blueprint": "8df12b4e95fee2846a4c78b1bb2faa50", "cost": 113400},
		{"name": "Thundering Claw of the Bear God", "type": "Scimitar", "enhancement": 4, "property1": "Wrath of the Bear God", "property2": "Shock", "property3": "Thundering", "property4": "", "property5": "", "property6": "", "description": "Thundering Claw of the Bear God is a +4 Shock Thundering Scimitar. Any creature struck by a critical hit from this scimitar or its wielder's natural attack becomes the target of lightning, as per lightning storm spell (5d6 damage, 24 DC Reflex half).\r\nAll natural attacks from both the wielder of this scimitar and the wielder's animal companion have concussive and shocking modifier applied to them. If the wielder is wild shaped into a bear or if their animal companion is a bear, the sonic and electrical damage from their attacks is increased to 1d10.", "rawName": "ThunderingClawOfTheBearGod", "blueprint": "e5b46c4b36c2ca74d8a30f68a93bc77c", "cost": 82000},
		{"name": "Faithful Companion", "type": "Scimitar", "enhancement": 4, "property1": "", "property2": "", "property3": "", "property4": "", "property5": "", "property6": "", "description": "This s+4 cutlass grants its wielder a +2 insight bonus to attack rolls against flat footed and flanked targets.", "rawName": "TeamworkItem", "blueprint": "336dd76bbd5998347a3fbed7f4cbbd4a", "cost": 54600},
		{"name": "Jolt", "type": "Scimitar", "enhancement": 3, "property1": "Runic Mageblade", "property2": "Shock", "property3": "", "property4": "", "property5": "", "property6": "", "description": "This weapon is a +3 shock scismitar.", "rawName": "SecondMagebladeItem", "blueprint": "f7b461155c9e1e548a51fde60d8fcadf", "cost": 50000},
		{"name": "Slicer", "type": "Scimitar", "enhancement": 2, "property1": "Runic Mageblade", "property2": "", "property3": "", "property4": "", "property5": "", "property6": "", "description": "This weapon is a +2 scimitar.", "rawName": "FirstMageblade", "blueprint": "2a97785c5a5de674198f544883e0bebe", "cost": 18000},
		{"name": "The Way Out", "type": "Scythe", "enhancement": 5, "property1": "Undead Bane", "property2": "Keen", "property3": "", "property4": "", "property5": "", "property6": "", "description": "This +5 undead bane keen scythe allows its wielder to cast death ward spell at will.", "rawName": "AWayOutItem", "blueprint": "429cc41b276383a468015dc0d66129cf", "cost": 135000},
		{"name": "Glttonous Scythe", "type": "Scythe", "enhancement": 5, "property1": "", "property2": "", "property3": "", "property4": "", "property5": "", "property6": "", "description": "This +5 scythe cures its wielder 1d4 HP each time sit successfully hits a living creature.", "rawName": "GluttonousBladeItem", "blueprint": "b0243c123186a374baf3390fb8e9a3df", "cost": 103800},
		{"name": "Hand of Damnation", "type": "Scythe", "enhancement": 2, "property1": "Death Reservoir", "property2": "Keen", "property3": "", "property4": "", "property5": "", "property6": "", "description": "This weapon is a +1 keen scythe.", "rawName": "DamnationContainment", "blueprint": "eddba5f91333d8c40ac93efa4792ca30", "cost": 18000},
		{"name": "Eternal Conduit", "type": "Scythe", "enhancement": 2, "property1": "Arcane inscriptions", "property2": "", "property3": "", "property4": "", "property5": "", "property6": "", "description": "This weapon is a +2 scythe.", "rawName": "EternalConduit", "blueprint": "117038f5ba44f354285902caeb4cf746", "cost": 18000},
		{"name": "Bow of the True World", "type": "Shortbow", "enhancement": 5, "property1": "Fey Bane", "property2": "", "property3": "", "property4": "", "property5": "", "property6": "", "description": "This +5 fey bane shortbow grants its wielder a +4 bonus on all saving throws against the abilities of fey.", "rawName": "BowOfTheTrueWorldItem", "blueprint": "72b26998665d8e94bad284bf3abcb8a4", "cost": 113500},
		{"name": "Whimsy", "type": "Shortbow", "enhancement": 3, "property1": "", "property2": "", "property3": "", "property4": "", "property5": "", "property6": "", "description": "Whenever this +3 shortbow lands a hit, it has a chance to cast hideous laughter on its target.", "rawName": "WhimsyItem", "blueprint": "ceb4ae2d5f784e54594863a0a3e1813e", "cost": 36500},
		{"name": "Boneshard", "type": "Shortspear", "enhancement": 4, "property1": "", "property2": "", "property3": "", "property4": "", "property5": "", "property6": "", "description": "This +4 shortspear deals negative energy damage.", "rawName": "BoneshardItem", "blueprint": "2e7ce0eac8655044f9ea2590df25e64c", "cost": 49600},
		{"name": "Allslayer", "type": "Shortsword", "enhancement": 5, "property1": "Keen", "property2": "Unstoppable", "property3": "", "property4": "", "property5": "", "property6": "", "description": "This +5 keen shortsword deals divine damage instead of physical, bypassing any damage reduction, resistance or immunity the target may possess. It also grants its wielder the ability to cast invisibility spell at will.", "rawName": "AllslayerItem", "blueprint": "5f8ab08551f51c341bd3b36334e007ed", "cost": 133500},
		{"name": "Nature's Will", "type": "Shortsword", "enhancement": 2, "property1": "Vermin Bane", "property2": "", "property3": "", "property4": "", "property5": "", "property6": "", "description": "This +2 vermin bane shortsword grants its wielder the ability to cast summon nature's ally ll spell once per day.", "rawName": "NaturesWillShortSwordItem", "blueprint": "70f2f09a2dbbb5045be46fe123f2fe0e", "cost": 4300},
		{"name": "Oath of the Sky", "type": "Sickle", "enhancement": 5, "property1": "", "property2": "", "property3": "", "property4": "", "property5": "", "property6": "", "description": "This +5 sickle deals electricity damage instead of physical damage. Whenever its wielder casts call lightning or call lightning storm spell, it becomes empowered, as if using the Empower Spell feat.", "rawName": "OathOfTheSkyItem", "blueprint": "97cff923f9c4a0947a14a471b11c506d", "cost": 107800},
		{"name": "Oath of the Land", "type": "Sickle", "enhancement": 5, "property1": "", "property2": "", "property3": "", "property4": "", "property5": "", "property6": "", "description": "This +5 sickle grants its wielder a shambling mound's ability to grab their foes.", "rawName": "OathOfTheLandItem", "blueprint": "20e046d80df631445acce20cd05b5866", "cost": 87800},
		{"name": "Chilly Midnight", "type": "Sickle", "enhancement": 3, "property1": "", "property2": "", "property3": "", "property4": "", "property5": "", "property6": "", "description": "Whenever this +3 cold iron sickle lands a hit, its target has to succeed on a Fortitude saving throw (DC 17) or suffer 1d4 Dexterity damage.", "rawName": "ColdMidnightItem", "blueprint": "ff369e12d78b2b844bb73e4b79db362a", "cost": 27500},
		{"name": "Avalanche", "type": "Sling Staff", "enhancement": 3, "property1": "Strength", "property2": "Frost", "property3": "", "property4": "", "property5": "", "property6": "", "description": "This +3 frost halfling sling staff grants its wielder a+2 morale bonus to damage, and an ability to cast stone call spell once per day.", "rawName": "AvalancheHeavRepCrossBowItem", "blueprint": "7b7089e1b48724d4a8366628ab7b69e7", "cost": 56700},
		{"name": "Carefree Hunter", "type": "Sling Staff", "enhancement": 2, "property1": "Strength", "property2": "", "property3": "", "property4": "", "property5": "", "property6": "", "description": "This +2 halfling sling staff grants its wielder a +2 morale bonus to Dexterity, and a +5 luck bonus on Mobility skill checks.", "rawName": "GreenskinHunterHandCrosbwItem", "blueprint": "ac8ac83697d92de40bb3b011d40f437c", "cost": 38760},
		{"name": "Vengeance of the Mark", "type": "Sling Staff", "enhancement": 2, "property1": "Strength", "property2": "Giant Bane", "property3": "", "property4": "", "property5": "", "property6": "", "description": "This weapon is a +2 giant bane sling staff.", "rawName": "VengeanceOfTheMeek", "blueprint": "1b21029e3b24ae34eab9a7ff9fd37fd0", "cost": 23000},
		{"name": "Utopia", "type": "Spear", "enhancement": 5, "property1": "Holy", "property2": "Undead Bane", "property3": "", "property4": "", "property5": "", "property6": "", "description": "This +5 holy undead bane spear grants its wielder a +3 sacred bonus to Initiative checks, and the ablilty to cast good hope spell three times per day.", "rawName": "WoodenWardenItem", "blueprint": "f717759317fe42946b3080eee10a3140", "cost": 198000},
		{"name": "Venom", "type": "Spear", "enhancement": 5, "property1": "", "property2": "", "property3": "", "property4": "", "property5": "", "property6": "", "description": "Whenever this +5 spear lands a hit, its target has to succeed on a Fortitude saving throw (DC27), or become poisoned with a poison that deals 1d3 damage to Constitution, Strength and Dexterity per round, and affected by acid that deals 2d12 damage per round.", "rawName": "VenomItem", "blueprint": "934a377b465e2334084a31c938916c74", "cost": 114000},
		{"name": "Dark Forest", "type": "Spear", "enhancement": 4, "property1": "Necrotic", "property2": "", "property3": "", "property4": "", "property5": "", "property6": "", "description": "This +4 necrotic spear summons a friendly will-o'-wisp when it ends a life.", "rawName": "DarkForestItem", "blueprint": "7df39a3df79ebdb4e8fc1e5446f39051", "cost": 112500},
		{"name": "Dystopia", "type": "Spear", "enhancement": 2, "property1": "Necrotic", "property2": "", "property3": "", "property4": "", "property5": "", "property6": "", "description": "This +2 necrotic spear grants its wielder a +5 morale bonus to all Athletics checks, and the ability to cast inflict critical wounds spell three times per day.", "rawName": "WoundBearerItem", "blueprint": "bee1ef955c45961438c9972646ed2431", "cost": 25900},
		{"name": "Longshank Bane", "type": "Spear", "enhancement": 1, "property1": "Longshank Bane", "property2": "", "property3": "", "property4": "", "property5": "", "property6": "", "description": "This weapon is a +1 longshank bane spear.", "rawName": "LongshankBane", "blueprint": "928723c8d5238cb409b16e4d077a03d0", "cost": 15000},
		{"name": "Sunbeam", "type": "Spear", "enhancement": 2, "property1": "Flaming", "property2": "", "property3": "", "property4": "", "property5": "", "property6": "", "description": "This +2 flaming spear grants its wielder the ability to cast searing light spell twice per day.", "rawName": "SunbeamItem", "blueprint": "d7f93d95652fc0d48975c11fa13833ad", "cost": 13500},
		{"name": "Spiked Defender", "type": "Spear", "enhancement": 1, "property1": "", "property2": "", "property3": "", "property4": "", "property5": "", "property6": "", "description": "This +1 frost spear grants its wielder a +1 shield bonus to AC, and deals additional 1d3 cold damage.", "rawName": "SpikedDefendorItem", "blueprint": "2139593adc0a51346a2696107c3da78e", "cost": 4840},
		{"name": "Black Star", "type": "Starknife", "enhancement": 5, "property1": "Unholy", "property2": "", "property3": "", "property4": "", "property5": "", "property6": "", "description": "Whenever this +5 unholy starknife lands a critical hit, it has a chance to cast either slay living, confusion or crushing despair spell on the target.", "rawName": "BlackStarItem", "blueprint": "a662282ca2939144592ee4b1c8b1522e", "cost": 185000},
		{"name": "Tangled Claws", "type": "Starknife", "enhancement": 4, "property1": "Fey Bane", "property2": "", "property3": "", "property4": "", "property5": "", "property6": "", "description": "Whenever this +4 feybane starknife lands a hit, it has a chance to entangle the target.", "rawName": "TangledClawsItem", "blueprint": "7510be4c91e6a754d8c887db44585324", "cost": 117500},
		{"name": "Neverending Journey", "type": "Starknife", "enhancement": 5, "property1": "Holy", "property2": "", "property3": "", "property4": "", "property5": "", "property6": "", "description": "Whenever this +5 holy starknife lands a hit, it dazzles the target for 1d4 rounds, and has a chance to cast blindness spell (Fortitude save, DC21) on it.", "rawName": "StarbladeItem", "blueprint": "e9550e8e58b4afd488a6fe9e39224319", "cost": 92000},
		{"name": "Thwarter", "type": "Tongi", "enhancement": 5, "property1": "Blessed Weapon", "property2": "Sacrificial", "property3": "Heavy Blow", "property4": "", "property5": "", "property6": "", "description": "This +5 sacrificial tongi has a chance to stun creatures of evil alignment on critical hits and grants its wielder the ablilty to cast chain lightning spell once per day.", "rawName": "JustifierTongiItem", "blueprint": "89ac353b205e9314db41277514950f29", "cost": 178200},
		{"name": "Destroyer of the Corrupted", "type": "Tongi", "enhancement": 5, "property1": "", "property2": "", "property3": "", "property4": "", "property5": "", "property6": "", "description": "This weapon is a mithral tongi +5", "rawName": "Tongi5MithralItem", "blueprint": "eee4d2c600f03654c930203164722ff2", "cost": 84500},
		{"name": "Nature's Wrath", "type": "Trident", "enhancement": 5, "property1": "", "property2": "", "property3": "", "property4": "", "property5": "", "property6": "", "description": "This +5 trident does additional 1d12 damage against aberrations, constructs, humanoids, ousiders and undead. On a successful hit, it makes the target vulnerable to electricity for 1 minute.", "rawName": "NaturesWrathItem", "blueprint": "0bf54625681d5bc44bfc24339e9be442", "cost": 245000},
		{"name": "Bound Thunder", "type": "Trident", "enhancement": 1, "property1": "Shock", "property2": "", "property3": "", "property4": "", "property5": "", "property6": "", "description": "This +1 shock trident grants its wielder the ability to cast lightning bolt spell once per day as a 10th level wizard.", "rawName": "BoundThunder", "blueprint": "65a835f0873ff0b428d4a91133ab94df", "cost": 14000},
		{"name": "Twin Crystals", "type": "Two-bladed Sword", "enhancement": 5, "property1": "Agile", "property2": "Keen", "property3": "", "property4": "", "property5": "", "property6": "", "description": "This +5 agile keen two-bladed sword deals force damage instead of physical damage.", "rawName": "TwinCrystalsItem", "blueprint": "d106f7b0517b6ed49b99115841799f48", "cost": 108000},
		{"name": "Fireborn Warhammer", "type": "Warhammer", "enhancement": 4, "property1": "Greater Flaming", "property2": "", "property3": "", "property4": "", "property5": "", "property6": "", "description": "This +4 flaming warhammer holds three small fire elementals that can be summoned once per day.", "rawName": "FirebornWarhammer", "blueprint": "854e566488509a04994101344c3c4e2a", "cost": 185000},
		{"name": "Preacher's Warhammer", "type": "Warhammer", "enhancement": 4, "property1": "Holy", "property2": "", "property3": "", "property4": "", "property5": "", "property6": "", "description": "This +4 holy warhammer grants its wielder the ability to cast inspiring recovery spell once per day.", "rawName": "InspiringWillWarhammerItem", "blueprint": "3f477e35c8c4278458bac33e2b4a0a79", "cost": 128200},
		{"name": "Solid Strategy", "type": "Warhammer", "enhancement": 5, "property1": "Holy", "property2": "", "property3": "", "property4": "", "property5": "", "property6": "", "description": "This +5 holy warhammer grants its wielder the ability to move without provoking attacks of opportunity.", "rawName": "DwarvenChampionItem", "blueprint": "81310913ee067e14dbb3d35a71f25b14", "cost": 98000},
		{"name": "Chaos Hammer", "type": "Warhammer", "enhancement": 4, "property1": "Anarchic", "property2": "", "property3": "", "property4": "", "property5": "", "property6": "", "description": "Whenever this +4 anarchic warhammer lands a critical hit, it applies the effect of Touch of chaos ability to the target.\r\nTouch of chaos: You imbue the target with chaos. For the next round, anytime they rolls a d20, they must roll twice and take the less favorable result.", "rawName": "ChaosHammerItem", "blueprint": "30880fe99cff7f84fac8c2672464d335", "cost": 89000},
		{"name": "Noble Warhammer", "type": "Warhammer", "enhancement": 3, "property1": "", "property2": "", "property3": "", "property4": "", "property5": "", "property6": "", "description": "This weapon is a +3 warhammer.", "rawName": "NobleHammer", "blueprint": "47edb64bd292707448b2f6b207599a58", "cost": 18500},
		{"name": "Warhammer of Hatred", "type": "Warhammer", "enhancement": 1, "property1": "Giant Bane", "property2": "", "property3": "", "property4": "", "property5": "", "property6": "", "description": "This +1 warhammer is particularly efficient against the ancestral enemies of the dwarven race. Its damage is increased by 1d6 against orcs and goblins, and by 2d6 against giants.", "rawName": "WarhammerofHatred", "blueprint": "52c789e6d7ee3cd499c17d5822ba2ae7", "cost": 7500}
  ]
}