﻿{
  "Armor": [
		{"name": "Envy of the Master", "type": "Cloth", "enhancement": 0, "property1": "", "property2": "", "property3": "", "property4": "", "property5": "", "description": "This robe grants its wearer a +6 enhancement bonus to Intelligence, a +4 enhancement bonus to Wisdom, a +4 armor bonus to AC and the ability to cast prediction of failure spell once per day.", "rawName": "ArchmagesEnvyRobeItem", "blueprint": "c9a0fe9921ec0034c9f8895c47f51e94", "cost": 305000},
		{"name": "Dark Master's Robe", "type": "Cloth", "enhancement": 0, "property1": "", "property2": "", "property3": "", "property4": "", "property5": "", "description": "This robe grants its wearer a +8 enhancement bonus to Intelligence and Charisma, a +5 bonus on all concentration checks, and a +10 competence bonus to Knowledge: arcana skill checks.", "rawName": "DarkMastersRobeItem", "blueprint": "987c0cf4f89acd64eb984e29a383d630", "cost": 130000},
		{"name": "Prankster's Robe", "type": "Cloth", "enhancement": 0, "property1": "", "property2": "", "property3": "", "property4": "", "property5": "", "description": "This robe grants its wearer a +4 deflection bonus to AC, a +2 luck bonus to all saving throws and the ability to cast blindness spell twice per day.", "rawName": "SilkySkinRobeItem", "blueprint": "a15cc28e6328f024183c7e7a9707304b", "cost": 82500},
		{"name": "Robe of Eyes", "type": "Cloth", "enhancement": 0, "property1": "", "property2": "", "property3": "", "property4": "", "property5": "", "description": "This robe grants its wearer a +10 armor enhancement bonus to Perception and the effects of the Uncanny Dodge feat. It also inflicts a -4 penalty to saving throws against gaze attacks and blindness.", "rawName": "RobeOfEyesItem", "blueprint": "61ead8ede5f473049b36441f6a9f7768", "cost": 82000},
		{"name": "Integrity", "type": "Cloth", "enhancement": 0, "property1": "", "property2": "", "property3": "", "property4": "", "property5": "", "description": "This robe grants its wearer a +3 resistance bonus on Will, Fortitude, and Reflex saving throws and the ability to cast blindness spell once per day.", "rawName": "IntegrityRobeItem", "blueprint": "779208f1c1c1b6f4b83a327594673b4e", "cost": 81400},
		{"name": "Ambrosial Attire of Arcane Annihilation", "type": "Cloth", "enhancement": 0, "property1": "", "property2": "", "property3": "", "property4": "", "property5": "", "description": "This robe grants its wearer a +4 bonus to attack rolls with ray attacks, +1 damage per dice to fire, acid, force, cold, electicity spells, and a +4 bonus to spell penetration.", "rawName": "RobeOfArcaneAnnihilationItem", "blueprint": "aeead5298c3326c4b99e69862a2b6c37", "cost": 61000},
		{"name": "Draping Veil of Prowess", "type": "Cloth", "enhancement": 0, "property1": "Electricity Resistance 10", "property2": "Cold Resistance 10", "property3": "", "property4": "", "property5": "", "description": "This robe grants its wearer electricity resistance 10, cold resistance 10, a +2 deflection bonus to AC and the ability to cast enlarge person spell once per day.", "rawName": "DrapingVeilOfProwessRobeItem", "blueprint": "bad754cddbddc3741822051eabb8e611", "cost": 60000},
		{"name": "Robe of True Master", "type": "Cloth", "enhancement": 0, "property1": "", "property2": "", "property3": "", "property4": "", "property5": "", "description": "This robe grants its wearer a +5 deflection bonus to AC, Spell Resistance 18, +4 resistance bonus to all saving throws, and +2 bous to spell penetration.", "rawName": "RobeOfTheArchmagiItem", "blueprint": "c3ef98f515f75f54db56f1aae6a14fde", "cost": 58500},
		{"name": "Dark Acolyte's Robe", "type": "Cloth", "enhancement": 0, "property1": "", "property2": "", "property3": "", "property4": "", "property5": "", "description": "This robe grants its wearer a +2 bonus to all concentration checks.", "rawName": "DarkAcolytesRobeItem", "blueprint": "af4a17dffcc97914fb29199eb3cbe923", "cost": 44000},
		{"name": "Enforcer's Robe", "type": "Cloth", "enhancement": 0, "property1": "", "property2": "", "property3": "", "property4": "", "property5": "", "description": "This robe grants a +1 dodge bonus to AC, and a +5 bonus to unarmed attack and damage. It can be worn only by a monk of Lawful Evil alignment.", "rawName": "EnforcersRobeItem", "blueprint": "c18a1d22dca8b684195633d685855d0c", "cost": 36500},
		{"name": "Protector's Robe", "type": "Cloth", "enhancement": 0, "property1": "", "property2": "", "property3": "", "property4": "", "property5": "", "description": "This robe grants its wearer a +5 dodge bonus to AC, and a +1 bonus to unarmed attack and damage. It can be worn only by a monk of Lawful Good alignment.", "rawName": "ProtectorsRobeItem", "blueprint": "70c13c319f3d18841bb4c4e5c27125c9", "cost": 34700},
		{"name": "Arbiter's Robe", "type": "Cloth", "enhancement": 0, "property1": "", "property2": "", "property3": "", "property4": "", "property5": "", "description": "This robe grants its wearer a +3 dodge bonus to AC, and a +3 bonus to unarmed attack and damage. It can be worn only by a monk of Lawful Neutral alignment.", "rawName": "ArbitersRobeItem", "blueprint": "d2eb319bc6b399a48b1b1d0a73238ac4", "cost": 32600},
		{"name": "Unnatural Robe", "type": "Cloth", "enhancement": 0, "property1": "", "property2": "", "property3": "", "property4": "", "property5": "", "description": "This robe grants its wearer a +2 resistance bonus on Will saving throws, negative energy resistance 10 and the ability to cast phantasmal kills spell once per day.", "rawName": "UnnaturalRobeItem", "blueprint": "8b044d16442f5dc44bd26884a088d093", "cost": 24500},
		{"name": "Leviathan's Gift", "type": "Cloth", "enhancement": 0, "property1": "", "property2": "", "property3": "", "property4": "", "property5": "", "description": "This robe grants its wearer the ability to cast up to six spells per day that are empowered as though using the Maximize Spell feat. It affects spells on 6th level of lower.\r\nAll variable, numeric effects of a spell modified by this feat are maximized. Saving throws and opposed rolls are not affected, nor are spells without random variables.", "rawName": "LeviathanSkinRobeItem", "blueprint": "10df573e9968ccd48906d56fcdc8bc2a", "cost": 23000},
		{"name": "Censor's Robe", "type": "Cloth", "enhancement": 0, "property1": "", "property2": "", "property3": "", "property4": "", "property5": "", "description": "This robe grants its wearer a +2 dodge bonus to AC and the ability to cast dispel magic spell twice per day.", "rawName": "PurlingRobeItem", "blueprint": "8ece39962e791784fb096f59bcc95ba9", "cost": 21780},
		{"name": "Robe of False Death", "type": "Cloth", "enhancement": 0, "property1": "", "property2": "", "property3": "", "property4": "", "property5": "", "description": "The wearer of this robe gains immunity to critical hits, but suffers a -6 penalty to Constitution.", "rawName": "RobeOfFalseDeathItem", "blueprint": "2258062337f6ad9488bdd3b6e6b313b1", "cost": 13000},
		{"name": "Robe of Air", "type": "Cloth", "enhancement": 0, "property1": "Electric Aura", "property2": "", "property3": "", "property4": "", "property5": "", "description": "-", "rawName": "RobeOfAirItem", "blueprint": "b5a204f4311dafe42ab06d1d8ee7c1b9", "cost": 12000},
		{"name": "Robe of Earth", "type": "Cloth", "enhancement": 0, "property1": "Acid Aura", "property2": "", "property3": "", "property4": "", "property5": "", "description": "-", "rawName": "RobeOfEarthItem", "blueprint": "beba168ccba9ccd4facd66d99ef031ef", "cost": 12000},
		{"name": "Robe of Fire", "type": "Cloth", "enhancement": 0, "property1": "Fire Aura", "property2": "", "property3": "", "property4": "", "property5": "", "description": "-", "rawName": "RobeOfFireItem", "blueprint": "86f0292dc48f0e8458384f9198f4db81", "cost": 12000},
		{"name": "Robe of Water", "type": "Cloth", "enhancement": 0, "property1": "Cold Aura", "property2": "", "property3": "", "property4": "", "property5": "", "description": "-", "rawName": "RobeOfWaterItem", "blueprint": "028cee4babc7c9c4d95043fc4a1f4359", "cost": 12000},
		{"name": "Valerie's Embroidered Shirt", "type": "Cloth", "enhancement": 0, "property1": "", "property2": "", "property3": "", "property4": "", "property5": "", "description": "This shirt grants its wearer a +5 bonus to Persuasion skill checks and a +6 enhancement bonus to Charisma.", "rawName": "ValerieSilkShirt", "blueprint": "22be640f87796374fa35d213b729f079", "cost": 1000},
		{"name": "Warpath", "type": "Heavy Armor - Banded", "enhancement": 3, "property1": "", "property2": "", "property3": "", "property4": "", "property5": "", "description": "This +3 banded mail grants its wearer a +3 bonus to AC against the attacks by humans and elves.", "rawName": "WarpathItem", "blueprint": "67faf43ace752b54eb831dfae5059b89", "cost": 24800},
		{"name": "Mark of the Guardian", "type": "Heavy Armor - Full Plate", "enhancement": 5, "property1": "Negative Energy Resistance 30", "property2": "Fire Resistance 10", "property3": "Acid Resistance 10", "property4": "Cold Resistance 10", "property5": "Electricity Resistance 10", "description": "This +5 full plate grants its wearer Negative Energy Resistance 30, Fire resistnace 10, Acid Resistance 10, Cold Resistance 10, and Electricity Resistance 10. It also grants its wearer the ability to cast searing light once per day.", "rawName": "MarkOfTheGuardianArmorItem", "blueprint": "21bcbc018a604214cb10694abb3a5056", "cost": 243000},
		{"name": "Onslaught", "type": "Heavy Armor - Full Plate", "enhancement": 5, "property1": "Mithral", "property2": "", "property3": "", "property4": "", "property5": "", "description": "This +5 mithral full plate grants its wearer a +8 enhancement bonus to Strength and increases their movement speed by 20.", "rawName": "AugmentedPlateItem", "blueprint": "d8ee7209715003b44bbcb02164c6692d", "cost": 158300},
		{"name": "Death Crusher's Full Plate", "type": "Heavy Armor - Full Plate", "enhancement": 4, "property1": "Negative Energy Resistance 10", "property2": "", "property3": "", "property4": "", "property5": "", "description": "This +4 full plate armor grants its wearer negative energy resistance 10 and the ability to cast death ward spell twice per day.", "rawName": "DeathCrushersFullPlateItem", "blueprint": "1d9782b28b47cb64ea5e90e093db087b", "cost": 151200},
		{"name": "Crusader's Mithral Full Plate", "type": "Heavy Armor - Full Plate", "enhancement": 3, "property1": "Mithral", "property2": "", "property3": "", "property4": "", "property5": "", "description": "This +3 mithral full plate grants the wearer a +3 enhancement bonus to Wisdom and the ability to cast angelic aspect spell once per day.", "rawName": "MithralFullPlateOfCrusadeItem", "blueprint": "feb844f3ace1aec4ba4f27e5b7172e4f", "cost": 103000},
		{"name": "Bladed Plate", "type": "Heavy Armor - Full Plate", "enhancement": 3, "property1": "", "property2": "", "property3": "", "property4": "", "property5": "", "description": "A creature that attacks the wearer of this +3 full plate with a melee weapon, an unarmed strike, or a natural weapon takes 1d4+1 slashing damage. Creatures using melee weapons with reach are unaffected by this armor.", "rawName": "BladedPlateItem", "blueprint": "b99f5d0d7f30c9e4f9f7afbdf0adc264", "cost": 28000},
		{"name": "Blessed Path", "type": "Heavy Armor - Full Plate", "enhancement": 2, "property1": "", "property2": "", "property3": "", "property4": "", "property5": "", "description": "This +2 full plate can only be equipped by good characters. It grants its wearer a +2 enhancement bonus to Wisdom and Charisma, and a +4 sacred bonus on saving throws against compulsion effects and poisons. If equipped by a paladin, it also gives her the ability to use Smite Evil two more times per day.", "rawName": "BlessedWay", "blueprint": "30db78c139acf3b41b6572357f0a7650", "cost": 15000},
		{"name": "Dragonscale Plate", "type": "Heavy Armor - Full Plate", "enhancement": 2, "property1": "Acid Resistance 30", "property2": "", "property3": "", "property4": "", "property5": "", "description": "This +2 full plate grants its wearer acid resistance 30.", "rawName": "DragonscalePlate", "blueprint": "d0808425cbe661140a636de0ca1a1535", "cost": 13600},
		{"name": "Ravena's Embrace", "type": "Heavy Armor - Full Plate", "enhancement": 4, "property1": "Adamantine", "property2": "", "property3": "", "property4": "", "property5": "", "description": "-", "rawName": "AdamantineFullplateStandartPlus4", "blueprint": "615de12de63abcb42a606686354459cc", "cost": 50000},
		{"name": "Half-Plate of Hatred", "type": "Heavy Armor - Half-plate", "enhancement": 2, "property1": "", "property2": "", "property3": "", "property4": "", "property5": "", "description": "This is a +2 half-plate armor. Its enhancement bonus to AC increases to +4 against the attacks of humanoids, orcs, giants and goblinoids.", "rawName": "HalfplateOfHatred", "blueprint": "f50a1a93cab16d549a690f73ba68ad1d", "cost": 2},
		{"name": "Chainbreaker's Chainmail", "type": "Light Armor - Chainshirt", "enhancement": 3, "property1": "Mithral", "property2": "", "property3": "", "property4": "", "property5": "", "description": "This +3 chainshirt grants its wearer a +5 competence bonus on all Trickery skill checks and a +3 resistance bonus on Reflex saving throws. It also grants the ability to cast fredom of movement spell once per day.", "rawName": "ChainbreakersChainChainmailItem", "blueprint": "c7d12c41a9edf0847b13f3978ac85418", "cost": 149000},
		{"name": "Heavenly Vest", "type": "Light Armor - Chainshirt", "enhancement": 5, "property1": "Mithral", "property2": "", "property3": "", "property4": "", "property5": "", "description": "This +5 mithral chainshirt grants its wearer immunity to energy drain.", "rawName": "HeavenlyVestItem", "blueprint": "53e3c078b543f1b4e9c3b1e7dba7e452", "cost": 80000},
		{"name": "Gleaming Chainshirt", "type": "Light Armor - Chainshirt", "enhancement": 2, "property1": "Fire Resistance 10", "property2": "Cold Resistance 10", "property3": "Electricity Resistance 10", "property4": "Acid Resistance 10", "property5": "", "description": "This +2 chainshirt grants its wearer fire resistance 10, acid resistance 10, cold resistance 10 and electricity resistance 10.", "rawName": "ChainshirtofResists", "blueprint": "b0c4929a4b8658342a61c611ca78afe0", "cost": 62000},
		{"name": "Assassin's Chainshirt", "type": "Light Armor - Chainshirt", "enhancement": 4, "property1": "Adamantine", "property2": "", "property3": "", "property4": "", "property5": "", "description": "This +4 adamantine chainshirt grants its wearer a +4 bonus on critical confirmation rolls.", "rawName": "AssassinsChainshirtItem", "blueprint": "fd54ed3702d98a24283a400bd76c6b03", "cost": 43000},
		{"name": "Light Absorber", "type": "Light Armor - Chainshirt", "enhancement": 2, "property1": "", "property2": "", "property3": "", "property4": "", "property5": "", "description": "This +2 chainshirt protects its wearer from blinding effects.", "rawName": "LightAbsorberChainshirtItem", "blueprint": "aec36d117bf9a1646ac85bc3089c3430", "cost": 21650},
		{"name": "Gentle Persuasion", "type": "Light Armor - Leather", "enhancement": 5, "property1": "Greater Shadow", "property2": "Conditioning", "property3": "", "property4": "", "property5": "", "description": "Upon performing a good deed, this armor reduces the wearer's Constitution by 2 each time, to a minimum of 1. Only committing an evil act can provide relief, removing the constitution penalty and giving 10 temporary hit points instead. Unequipping this armor is only possible after casting remove curse on the wearer and passing a DC 33 caster level check.\r\nThe wearer also gets a +6 enhancement bonus to Dexterity, +10 competence bonus on Stealth checks and allows the wearer to cast dominate person once per day (DC 22).", "rawName": "GentlePersuasion", "blueprint": "5b4f6f18b0664964f83705a163244283", "cost": 160000},
		{"name": "Python Skin Doublet", "type": "Light Armor - Leather", "enhancement": 4, "property1": "", "property2": "", "property3": "", "property4": "", "property5": "", "description": "This +4 leather armor grants its wearer a +4 bonus to all saving throws against poison, and immunity to trip.", "rawName": "GiantSnakesSkinLeathArmorItem", "blueprint": "dfe9839fab2afe846b6c8c4acde1b19d", "cost": 121200},
		{"name": "Vest of Mirrors", "type": "Light Armor - Leather", "enhancement": 3, "property1": "", "property2": "", "property3": "", "property4": "", "property5": "", "description": "If the wearer of this +3 leather armor has the Bardic Performance ability, it allows them to use it for 4 additional rounds per day. It also grants them the ability to cast displacement spell three times per day.", "rawName": "MirroredDefenseLeathArmorItem", "blueprint": "65a1b4aaca81626449bc435354b42c80", "cost": 81000},
		{"name": "Scorpion's Hatred", "type": "Light Armor - Leather", "enhancement": 3, "property1": "Fire Resistance 10", "property2": "Acid Resistance 10", "property3": "", "property4": "", "property5": "", "description": "This +3 leather armor grants its wearer fire resistance 10 and acid resistance 10. It also grants the ability to cast poison spell twice per day.", "rawName": "ScorpionsHatredLeathArmorItem", "blueprint": "4835d4988db1ad64780ff3c6af19e1e6", "cost": 79500},
		{"name": "Sage Armor", "type": "Light Armor - Leather", "enhancement": 5, "property1": "", "property2": "", "property3": "", "property4": "", "property5": "", "description": "This +5 leather armor grants its wearer an additional +2 dodge bonus to AC while under the effects of shield spell.", "rawName": "SageArmorItem", "blueprint": "4ac204fcd49e8ef4e8065fda2ec47f71", "cost": 62000},
		{"name": "Ghost Leather", "type": "Light Armor - Leather", "enhancement": 3, "property1": "", "property2": "", "property3": "", "property4": "", "property5": "", "description": "This +3 leather armor grants its wearer the effect of e greater invisibility spell for 2 rounds whenever an enemy successfully hits them.", "rawName": "GhostLeatherItem", "blueprint": "70e83bb165be77640bf6b798fdd8b2a9", "cost": 61700},
		{"name": "Burned Protector", "type": "Light Armor - Leather", "enhancement": 2, "property1": "Fire Resistance 10", "property2": "", "property3": "", "property4": "", "property5": "", "description": "This +2 leather armor grants its wearer fire resistance 10 and an ability to cast remove disease spell once per day.", "rawName": "BurnedProtectorLeathArmorItem", "blueprint": "c135396b3bf22a14e99ac2c4c8860dca", "cost": 61000},
		{"name": "Bombardier's Vest", "type": "Light Armor - Leather", "enhancement": 1, "property1": "", "property2": "", "property3": "", "property4": "", "property5": "", "description": "This +1 leather armor provides its wearer a +2 bonus on attack rolls with bombs and similar weapons.", "rawName": "GrenadiersVest", "blueprint": "91973844b871531419c5aa35afa0b4bb", "cost": 5000},
		{"name": "Archer's Archfoe", "type": "Light Armor - Padded", "enhancement": 5, "property1": "", "property2": "", "property3": "", "property4": "", "property5": "", "description": "This +5 padded armor grants its wearer DR 5/- against ranged attacks.", "rawName": "PerfectDefenseItem", "blueprint": "ff8d9b4cc14ad924c84c01f881dd24ce", "cost": 82100},
		{"name": "Second Skin", "type": "Light Armor - Padded", "enhancement": 4, "property1": "", "property2": "", "property3": "", "property4": "", "property5": "", "description": "This +4 padded armor has a +4 bonus to armor's maximum Dexterity.", "rawName": "SecondSkinItem", "blueprint": "be870ed4eb418a9459e2e8e991252861", "cost": 28700},
		{"name": "Jester's Vest", "type": "Light Armor - Padded", "enhancement": 1, "property1": "", "property2": "", "property3": "", "property4": "", "property5": "", "description": "Whenever the wearer of this colorful +1 padded armor casts the hideous laughter spell, its DC is increased by 2.", "rawName": "JestersVest", "blueprint": "85010395ccc8a6c489650b2f2768cc11", "cost": 4000},
		{"name": "Blizard's Heart", "type": "Light Armor - Studded", "enhancement": 4, "property1": "", "property2": "", "property3": "", "property4": "", "property5": "", "description": "This +4 studded leather armor grants its wearer cold resistance 25 and an ability to cast cone of cold spell twice per day.", "rawName": "BlizzardsHeartLeathArmorItem", "blueprint": "2c4699388c4b9c14dbc7d50bdab30c87", "cost": 189000},
		{"name": "Royal Guardian", "type": "Light Armor - Studded", "enhancement": 5, "property1": "", "property2": "", "property3": "", "property4": "", "property5": "", "description": "This +5 studded leather armor has a maximum Dexterity bonus of +15. It increases its wearer's maximum HP by 20.", "rawName": "HalfElfFemaleLeatherworkerMasterpieceItem", "blueprint": "84a07e2c12cc3b2469d57c7a348d4858", "cost": 165300},
		{"name": "Shepherd's Armor", "type": "Light Armor - Studded", "enhancement": 5, "property1": "", "property2": "", "property3": "", "property4": "", "property5": "", "description": "This +5 studded armor grants its wearer a +2 bonus on attack and damage rolls with shortbows and longbows.", "rawName": "GamekeepersArmorItem", "blueprint": "3150ab7b73b0f7441b8ad49679e343fe", "cost": 127800},
		{"name": "Stoic Wolf", "type": "Light Armor - Studded", "enhancement": 2, "property1": "Cold Resistance 10", "property2": "", "property3": "", "property4": "", "property5": "", "description": "This +2 studded leather armor grants its wearer cold resistance 10 and the ability to cast beast shape I (wolf) spell once per day.", "rawName": "StoicWolfLeathArmorItem", "blueprint": "ad58d4d53de00934aa354c5dbe5233c9", "cost": 65300},
		{"name": "Reaper's Vest", "type": "Light Armor - Studded", "enhancement": 3, "property1": "", "property2": "", "property3": "", "property4": "", "property5": "", "description": "This +3 studded armor grants its wearer an additional +3 dodge bonus to AC against shaken opponent's attacks.", "rawName": "GrimArmorItem", "blueprint": "3e372aee104ebc44f9aea2a108fa9b48", "cost": 27800},
		{"name": "Mail of Clear Skies", "type": "Light Armor - Studded", "enhancement": 5, "property1": "", "property2": "", "property3": "", "property4": "", "property5": "", "description": "This +5 chainmail has a maximum Dexterity bonus of +5, an armor check penalty of -1, and an arcane spell failure chance of 15%. It is considered light armor.", "rawName": "Skymail", "blueprint": "fe4b98e8776f29545882990305abeb6b", "cost": 7500},
		{"name": "Armor of Wealth", "type": "Medium Armor", "enhancement": 5, "property1": "", "property2": "", "property3": "", "property4": "", "property5": "", "description": "This +5 scalemail grants its wielder DR 5/-.", "rawName": "ArmorOfWealthItem", "blueprint": "29bb76101a8331a4f82f350aed25fc7e", "cost": 340000},
		{"name": "Plate of the Beast", "type": "Medium Armor - Breastplate", "enhancement": 2, "property1": "", "property2": "", "property3": "", "property4": "", "property5": "", "description": "This +2 breastplate grants its wearer a +4 enhancement bonus to Constitution and the ability to cast aspect of the wolf spell once per day.", "rawName": "BreastPlateofConstitution", "blueprint": "64de66aa83fabf44a880da49f94be587", "cost": 54360},
		{"name": "Black Dragon Breastplate", "type": "Medium Armor - Breastplate", "enhancement": 5, "property1": "Acid Resistance 30", "property2": "", "property3": "", "property4": "", "property5": "", "description": "This +5 breastplate grants its wearer acid resistance 30. It can be used by druids.", "rawName": "BlackDragonBreastplateItem", "blueprint": "9c1dd7e5c3dc25e4cb12116950dff129", "cost": 43100},
		{"name": "Breastplate of Afterlife", "type": "Medium Armor - Breastplate", "enhancement": 1, "property1": "Energy Resistance", "property2": "", "property3": "", "property4": "", "property5": "", "description": "This +1 armor absorbs 10 points of positive and 10 points of negative energy damage per attack that the wearer would normally take. It also grants the ability to cast daze spell once per day.", "rawName": "BreastPlateofEnergy", "blueprint": "ed66fdbedee97b1478182cb63143ca85", "cost": 27000},
		{"name": "Void Mirror", "type": "Medium Armor - Breastplate", "enhancement": 3, "property1": "Adamantine", "property2": "", "property3": "", "property4": "", "property5": "", "description": "This +3 adamantine breastplate grants its wearer a +4 dodge bonus to AC against ray attacks.", "rawName": "VoidMirrorItem", "blueprint": "21dedb7862f249248b7c959d8b4d615f", "cost": 23100},
		{"name": "Heart of Valor", "type": "Medium Armor - Breastplate", "enhancement": 2, "property1": "Mithral", "property2": "", "property3": "", "property4": "", "property5": "", "description": "This +2 mithral breastplate gives its wearer a +4 morale bonus on saves against fear effects.", "rawName": "KingsHeart", "blueprint": "b28af61add4b90f4db51e9ae9280150d", "cost": 7500},
		{"name": "Singing Steel Breastplate", "type": "Medium Armor - Breastplate", "enhancement": 5, "property1": "Singing Steel", "property2": "", "property3": "", "property4": "", "property5": "", "description": "This is a +5 breastplate made of singing steel.", "rawName": "IrovettisBreastplate", "blueprint": "d88d5d845c34b9649b2d83101df40d32", "cost": 5000},
		{"name": "Weaver's Chainmail", "type": "Medium Armor - Chainmail", "enhancement": 3, "property1": "Acid Resistance 15", "property2": "", "property3": "", "property4": "", "property5": "", "description": "This +3 chainmail grants its wearer acid resistance 15, a +2 resistance bonus to Reflex saving throws and the ability to cast web spell three times per day.", "rawName": "WeaversChainmailItem", "blueprint": "4bb7011a832bb6a48a7e9534f6df43a0", "cost": 83000},
		{"name": "Blazing Omen", "type": "Medium Armor - Chainmail", "enhancement": 3, "property1": "Fire Resistance 10", "property2": "", "property3": "", "property4": "", "property5": "", "description": "This +3 chainmail grants its wearer the ability to cast fireball spell once per day.", "rawName": "BlazingOmenChainmailItem", "blueprint": "7ad716f319c73494ebf917df87bfc084", "cost": 48600},
		{"name": "Talwyn's Armor", "type": "Medium Armor - Chainmail", "enhancement": 4, "property1": "", "property2": "", "property3": "", "property4": "", "property5": "", "description": "This +4 chainmail grants its wearer protection from critical hits and sneak attacks. Whenever such attack would be scored on the wearer, with a 50% chance it is negated, and the attack only deals normal damage.", "rawName": "TalwynsArmorItem", "blueprint": "edf946b04eb1dce42be9064aa9efe31c", "cost": 34850},
		{"name": "Celestial Armor", "type": "Medium Armor - Chainmail", "enhancement": 3, "property1": "", "property2": "", "property3": "", "property4": "", "property5": "", "description": "This +3 chainmail is so fine and light that it can be worn under normal clothing without betraying its presence. It has a maximm Dexterity bonus of +8, an armor check penalty of -2, and an arcane spell failure chance of 15%.", "rawName": "CelestialArmorItem", "blueprint": "e9d7a6a56346fd942853490c89ece7d1", "cost": 22400},
		{"name": "Tiger's Stripes", "type": "Medium Armor - Hide", "enhancement": 0, "property1": "", "property2": "", "property3": "", "property4": "", "property5": "", "description": "This +5 hide armor grants its wearer the ability to turn into Smilodon at will. While in this form, their natural weapons get a +5 enhancement bonus.", "rawName": "Artifact_TigerArmorItem", "blueprint": "088ab2857d916d74e991e152d7c72e11", "cost": 125000},
		{"name": "Hodag Hide", "type": "Medium Armor - Hide", "enhancement": 4, "property1": "", "property2": "", "property3": "", "property4": "", "property5": "", "description": "This +4 hide armor grants its wearer additional 2d6 damage on charge.", "rawName": "HodagHideItem", "blueprint": "7981ac4c52f4dbe4fabb19884aaacea3", "cost": 73900},
		{"name": "Linnorm Hide", "type": "Medium Armor - Hide", "enhancement": 5, "property1": "", "property2": "", "property3": "", "property4": "", "property5": "", "description": "This +5 hide armor grants its wearer immunity to fire and a +4 bonus to saving throws against Trasmutation school spells.", "rawName": "LinnormHideItem", "blueprint": "8fa54f5d50b3fd44abb6e5045f6e3fcb", "cost": 73900},
		{"name": "Primal Hide", "type": "Medium Armor - Hide", "enhancement": 2, "property1": "", "property2": "", "property3": "", "property4": "", "property5": "", "description": "This +2 hide armor grants its wearer a +2 luck bonus on all Initiative and Perception checks.", "rawName": "HideArmorofAlertness", "blueprint": "caef4e3a5dace8e49a938cafc0a9b3e6", "cost": 27840},
		{"name": "Owlbeast Hide", "type": "Medium Armor - Hide", "enhancement": 2, "property1": "", "property2": "", "property3": "", "property4": "", "property5": "", "description": "This +2 hide armor grants its wearer a +2 enhancement bonus to Strength.", "rawName": "HideOwlbear", "blueprint": "0c75e3a3025240247bc3388040e82ddd", "cost": 4165},
		{"name": "Raging Bulwark", "type": "Medium Armor - Scalemail", "enhancement": 3, "property1": "Fire Resistance 10", "property2": "", "property3": "", "property4": "", "property5": "", "description": "This +3 scalemail grants its wearer fire resistance 10 and the ability to cast rage spell twice per day.", "rawName": "RagingBulwarkArmorItem", "blueprint": "7bbe7e0bdf691914e958284f7877672c", "cost": 79900},
		{"name": "Bonemail", "type": "Medium Armor - Scalemail", "enhancement": 4, "property1": "", "property2": "", "property3": "", "property4": "", "property5": "", "description": "This +4 scalemail grants its wearer immunity to cold and DR 5/bludgeoning.", "rawName": "BonemailItem", "blueprint": "71e8a7c15aeebcf4ea11370f3d35ad58", "cost": 57000}
  ]
}