﻿{
  "Note": [
		{"className": "BlueprintItemNote", "name": "1stCampNote", "blueprint": "9f950ce3f4437da4aa3225a989db67ea", "isStackable": false, "cost": 0, "weight": 0, "isNotable": false},
		{"className": "BlueprintItemNote", "name": "2ndCampNote", "blueprint": "cd57e67106c503d49802962076967679", "isStackable": false, "cost": 0, "weight": 0, "isNotable": false},
		{"className": "BlueprintItemNote", "name": "AbandonedKeep_ArmagChildBook", "blueprint": "a67be9be45bc00749a084b5b9be4cc54", "isStackable": false, "cost": 40, "weight": 2, "isNotable": false},
		{"className": "BlueprintItemNote", "name": "AbandonedKeep_BookAboutArmagTomb", "blueprint": "868f0e9d1dde3e44591b282b1abe0f4f", "isStackable": false, "cost": 80, "weight": 2, "isNotable": false},
		{"className": "BlueprintItemNote", "name": "AbandonedKeep_MageNote", "blueprint": "2daead54532af534fb97d23bdeb349a6", "isStackable": false, "cost": 0, "weight": 0, "isNotable": false},
		{"className": "BlueprintItemNote", "name": "AbandonedKeep_NoteWithOrders", "blueprint": "be6c9c5c6b31a774a9d4e47dc16f1ad6", "isStackable": false, "cost": 0, "weight": 0, "isNotable": false},
		{"className": "BlueprintItemNote", "name": "BadFearBook", "blueprint": "22621d9f7803cf844beff006d2cafb15", "isStackable": false, "cost": 2000, "weight": 2, "isNotable": false},
		{"className": "BlueprintItemNote", "name": "BadJoyBook", "blueprint": "f4bc0cd35608430488a28fd2ed8a13ff", "isStackable": false, "cost": 2000, "weight": 2, "isNotable": false},
		{"className": "BlueprintItemNote", "name": "BadSadnessBook", "blueprint": "975f248a0ceda2749859107a8feee61b", "isStackable": false, "cost": 2000, "weight": 2, "isNotable": false},
		{"className": "BlueprintItemNote", "name": "BadWrathBook", "blueprint": "7356f42bff3008d45a8b346f0d6f16d4", "isStackable": false, "cost": 2000, "weight": 2, "isNotable": false},
		{"className": "BlueprintItemNote", "name": "BanditNote", "blueprint": "f2f2df1782e599c4d8159452d4795468", "isStackable": false, "cost": 0, "weight": 0, "isNotable": false},
		{"className": "BlueprintItemNote", "name": "BarbarianKey", "blueprint": "8d3c926b6268d21439c819b307a59d39", "isStackable": false, "cost": 1, "weight": 0, "isNotable": false},
		{"className": "BlueprintItemNote", "name": "BardBattlePamphlet", "blueprint": "e121d4575f4a22f4386437bd7c2cb19a", "isStackable": true, "cost": 1, "weight": 0, "isNotable": false},
		{"className": "BlueprintItemNote", "name": "Biography_lies", "blueprint": "d8a68fa6868011644b5d54d591837641", "isStackable": false, "cost": 40, "weight": 2, "isNotable": false},
		{"className": "BlueprintItemNote", "name": "Biography_true", "blueprint": "e7b0b019f8f0bb045b629d16064a1019", "isStackable": false, "cost": 35, "weight": 2, "isNotable": false},
		{"className": "BlueprintItemNote", "name": "Broadsheet", "blueprint": "715f9a57347c73447a479810cb0c7afe", "isStackable": false, "cost": 10, "weight": 0.5, "isNotable": false},
		{"className": "BlueprintItemNote", "name": "BugMandibles", "blueprint": "cd959601b729d154aae0041251e8b8d7", "isStackable": false, "cost": 10, "weight": 0, "isNotable": true},
		{"className": "BlueprintItemNote", "name": "Capital_Jaethal_Quest1_Enneo_Letter", "blueprint": "6d21edaa2207b0f4e819c397a23c987b", "isStackable": false, "cost": 0, "weight": 0, "isNotable": false},
		{"className": "BlueprintItemNote", "name": "Capital_Jaethal_Quest3_Elfs_Letter", "blueprint": "28e0b27c8f0f1e24289a611e513696dc", "isStackable": false, "cost": 0, "weight": 0, "isNotable": false},
		{"className": "BlueprintItemNote", "name": "CaveBanditLetters", "blueprint": "b8c87e55afc3e484683f9b107cca757a", "isStackable": false, "cost": 10, "weight": 0.5, "isNotable": false},
		{"className": "BlueprintItemNote", "name": "CultistDiary", "blueprint": "b816d0937b7715c448e8e9887ec95577", "isStackable": false, "cost": 10, "weight": 0, "isNotable": false},
		{"className": "BlueprintItemNote", "name": "CultistDiary2", "blueprint": "65f7a2fa754687d4c9ea64ce2b1177d1", "isStackable": false, "cost": 10, "weight": 0, "isNotable": false},
		{"className": "BlueprintItemNote", "name": "CyclopCenser", "blueprint": "5ff98d789fb9bcc4480d840e3971e0f9", "isStackable": true, "cost": 100, "weight": 0, "isNotable": true},
		{"className": "BlueprintItemNote", "name": "DarvenMessage", "blueprint": "854f988646bf5f245acb564394c4fbac", "isStackable": false, "cost": 0, "weight": 0, "isNotable": false},
		{"className": "BlueprintItemNote", "name": "DeadArcheologistNote", "blueprint": "28aadfae505aabf48a19ad695efcd7c4", "isStackable": false, "cost": 0, "weight": 0, "isNotable": false},
		{"className": "BlueprintItemNote", "name": "Deadman_book", "blueprint": "cf9e5563ff63223438824eb6e5fea930", "isStackable": false, "cost": 10, "weight": 2, "isNotable": false},
		{"className": "BlueprintItemNote", "name": "DeadmanDiary", "blueprint": "ef85c6cc7d799814d9a1ce937749f179", "isStackable": false, "cost": 10, "weight": 0.5, "isNotable": false},
		{"className": "BlueprintItemNote", "name": "DeadNobleLetter01", "blueprint": "a2b2e6c6d2aa69f4781e6bed8045389d", "isStackable": false, "cost": 10, "weight": 0, "isNotable": false},
		{"className": "BlueprintItemNote", "name": "DeadNobleLetter02", "blueprint": "c7246e3a459f02c4886e4c0170ee0884", "isStackable": false, "cost": 10, "weight": 0, "isNotable": false},
		{"className": "BlueprintItemNote", "name": "DeadTraderHeirloom", "blueprint": "ed296cc68c880f14f9b7e0c0a06acd9d", "isStackable": false, "cost": 1000, "weight": 0, "isNotable": true},
		{"className": "BlueprintItemNote", "name": "DeadTraderLetter", "blueprint": "d1c7a3bd6b4a19944b081b4669fdd51b", "isStackable": false, "cost": 0, "weight": 0, "isNotable": false},
		{"className": "BlueprintItemNote", "name": "DumraList", "blueprint": "28a903d5feec9cf4e84bee8b73d2a6b9", "isStackable": false, "cost": 1, "weight": 0, "isNotable": false},
		{"className": "BlueprintItemNote", "name": "DwarfKeepDiary1", "blueprint": "9e476898a472b3b4a93d9b1b1c143d0c", "isStackable": false, "cost": 0, "weight": 0.5, "isNotable": false},
		{"className": "BlueprintItemNote", "name": "DwarfKeepDiary2", "blueprint": "59f07d3b11896fd4d98a743e30080258", "isStackable": false, "cost": 10, "weight": 0.5, "isNotable": false},
		{"className": "BlueprintItemNote", "name": "ElgaFatherLetter", "blueprint": "e025ec1763af8244fbc409067feb6a34", "isStackable": false, "cost": 10, "weight": 0, "isNotable": false},
		{"className": "BlueprintItemNote", "name": "ExpeditionEstimateList", "blueprint": "abf90e9a19190b6428b2cb538b093cdd", "isStackable": false, "cost": 0, "weight": 0, "isNotable": false},
		{"className": "BlueprintItemNote", "name": "FarnirrasDiary", "blueprint": "985b349d470e3714383fc2aba86953db", "isStackable": false, "cost": 10, "weight": 0.5, "isNotable": false},
		{"className": "BlueprintItemNote", "name": "FarnirrasLetter", "blueprint": "d50b96277e5a423459603089e5123388", "isStackable": false, "cost": 10, "weight": 0, "isNotable": false},
		{"className": "BlueprintItemNote", "name": "Flyer", "blueprint": "897299535ac9dd54098ba6ac79ffd7e9", "isStackable": false, "cost": 0, "weight": 0, "isNotable": false},
		{"className": "BlueprintItemNote", "name": "FornirrasDiaryPages", "blueprint": "4b7ef3a96c7ac62488aaa8b1e29bc902", "isStackable": false, "cost": 10, "weight": 0, "isNotable": false},
		{"className": "BlueprintItemNote", "name": "GearsRuleNote", "blueprint": "150cd8e6ce9859b4586e721cbc4cc86f", "isStackable": false, "cost": 10, "weight": 0, "isNotable": false},
		{"className": "BlueprintItemNote", "name": "GoodFearBook", "blueprint": "0b35e1cca3c77da499ee04f093775996", "isStackable": false, "cost": 2000, "weight": 2, "isNotable": false},
		{"className": "BlueprintItemNote", "name": "GoodJoyBook", "blueprint": "629c8ba7afc50004b8cdba3b2b5150dd", "isStackable": false, "cost": 2000, "weight": 2, "isNotable": false},
		{"className": "BlueprintItemNote", "name": "GoodSadnessBook", "blueprint": "76a8c4b3855eb544ab96643b6d4a825b", "isStackable": false, "cost": 2000, "weight": 2, "isNotable": false},
		{"className": "BlueprintItemNote", "name": "GoodWrathBook", "blueprint": "ef27d033742b6a9469fa96e1e7091ffa", "isStackable": false, "cost": 2000, "weight": 2, "isNotable": false},
		{"className": "BlueprintItemNote", "name": "GreedBook", "blueprint": "300e91564b500aa45af80c9320d9f182", "isStackable": false, "cost": 700000, "weight": 2, "isNotable": false},
		{"className": "BlueprintItemNote", "name": "GuardKey", "blueprint": "1f2f2b63aacfc704fa9bb196f6d1f699", "isStackable": false, "cost": 1, "weight": 0, "isNotable": false},
		{"className": "BlueprintItemNote", "name": "Gunderson_diary", "blueprint": "78a70060236810941a3ae022a0337970", "isStackable": false, "cost": 10, "weight": 0.5, "isNotable": false},
		{"className": "BlueprintItemNote", "name": "gunderson_farewell", "blueprint": "12cb34582fe92e4449a89ab1356816ae", "isStackable": false, "cost": 0, "weight": 0, "isNotable": false},
		{"className": "BlueprintItemNote", "name": "HuntersLetter", "blueprint": "6a23bf499faa95c4780c6a27db2ad0fa", "isStackable": false, "cost": 10, "weight": 0, "isNotable": false},
		{"className": "BlueprintItemNote", "name": "HydraHead", "blueprint": "390017c7d2770ef4ab705e37f070ccad", "isStackable": false, "cost": 500, "weight": 0, "isNotable": true},
		{"className": "BlueprintItemNote", "name": "InvitationToRushlight", "blueprint": "9c87b579dd0ab3c40b414e1d8fb1f5cd", "isStackable": false, "cost": 0, "weight": 0, "isNotable": false},
		{"className": "BlueprintItemNote", "name": "IrovettiBookPaladin", "blueprint": "78c9bcb832cfcf545ba4968495df8aef", "isStackable": false, "cost": 55, "weight": 2, "isNotable": false},
		{"className": "BlueprintItemNote", "name": "IrovettiPoemAntology", "blueprint": "4c2cb29bb4ee869439a777cb1b4db8b6", "isStackable": false, "cost": 50, "weight": 2, "isNotable": false},
		{"className": "BlueprintItemNote", "name": "JamandiLetter-Excuses", "blueprint": "e01d37f1d0fccc94e8177dc556e9ebe3", "isStackable": false, "cost": 0, "weight": 0, "isNotable": false},
		{"className": "BlueprintItemNote", "name": "JamandiLetter-OlegForgiven", "blueprint": "4fc2fd21090286b46a4e93e04e7aa68a", "isStackable": false, "cost": 0, "weight": 0, "isNotable": false},
		{"className": "BlueprintItemNote", "name": "JamandiLetter-OlegLeftForBrevoy", "blueprint": "fa05998dc59510d44a8b96d0fef3a479", "isStackable": false, "cost": 0, "weight": 0, "isNotable": false},
		{"className": "BlueprintItemNote", "name": "JamandiLetter-OlegSecured", "blueprint": "b0b33cb74fc171043ae7a9fbcc9fd672", "isStackable": false, "cost": 0, "weight": 0, "isNotable": false},
		{"className": "BlueprintItemNote", "name": "JamandiLetter-VarnholdTrouble", "blueprint": "427d98746aef6d245ba88423805efa7d", "isStackable": false, "cost": 0, "weight": 0, "isNotable": false},
		{"className": "BlueprintItemNote", "name": "JanushJournal", "blueprint": "8a649f92d90410b45b33f98ba8470878", "isStackable": false, "cost": 10, "weight": 0.5, "isNotable": false},
		{"className": "BlueprintItemNote", "name": "Jubilost_MoonBook", "blueprint": "31133ca90f002c2409a4a58c47ea0f7d", "isStackable": false, "cost": 20, "weight": 2, "isNotable": false},
		{"className": "BlueprintItemNote", "name": "Jubilost_MoonMap", "blueprint": "4669e27501fdd6444810e69666f69ab5", "isStackable": false, "cost": 0, "weight": 0, "isNotable": false},
		{"className": "BlueprintItemNote", "name": "JubilostReview_bad", "blueprint": "a597d1486de72db4b83585134761b223", "isStackable": false, "cost": 10, "weight": 1, "isNotable": false},
		{"className": "BlueprintItemNote", "name": "JubilostReview_good", "blueprint": "f21fb8033e492fb4298c75e40a59650f", "isStackable": false, "cost": 10, "weight": 1, "isNotable": false},
		{"className": "BlueprintItemNote", "name": "JubilostReview_neutral", "blueprint": "81640eafd2f866e4295a656e132eef93", "isStackable": false, "cost": 10, "weight": 1, "isNotable": false},
		{"className": "BlueprintItemNote", "name": "LamashtuWords", "blueprint": "3617957184860554280fb0348482bff5", "isStackable": false, "cost": 10, "weight": 0, "isNotable": false},
		{"className": "BlueprintItemNote", "name": "LastDwarfJournal", "blueprint": "265ea130e72fb604e98a571895834954", "isStackable": false, "cost": 0, "weight": 1, "isNotable": false},
		{"className": "BlueprintItemNote", "name": "Leaflet", "blueprint": "cace1757cc5836c4981c895d379a015e", "isStackable": false, "cost": 10, "weight": 0, "isNotable": false},
		{"className": "BlueprintItemNote", "name": "LetterLander", "blueprint": "fc2244ed08ff1fd459f6eb7c4a85ba88", "isStackable": false, "cost": 0, "weight": 0, "isNotable": false},
		{"className": "BlueprintItemNote", "name": "LetterSarrona", "blueprint": "527ddd9f11adb4547973f74b831fc843", "isStackable": false, "cost": 0, "weight": 0, "isNotable": false},
		{"className": "BlueprintItemNote", "name": "LetterWithThreats", "blueprint": "790327474f7641147b101726fa96998d", "isStackable": false, "cost": 10, "weight": 0, "isNotable": false},
		{"className": "BlueprintItemNote", "name": "LinxiaMessage", "blueprint": "140d31e04f0e77746b1416620ae877b1", "isStackable": false, "cost": 0, "weight": 0, "isNotable": false},
		{"className": "BlueprintItemNote", "name": "Linzi_book_truth", "blueprint": "5a94fd29f21ad8647a9f070637322ada", "isStackable": false, "cost": 45, "weight": 2, "isNotable": false},
		{"className": "BlueprintItemNote", "name": "Linzi_book_whitewashed", "blueprint": "67047daf462a1cd4c834b87cf20c5739", "isStackable": false, "cost": 45, "weight": 2, "isNotable": false},
		{"className": "BlueprintItemNote", "name": "LongLetter", "blueprint": "8790576aead976847a539ef5afb33484", "isStackable": false, "cost": 10, "weight": 0, "isNotable": false},
		{"className": "BlueprintItemNote", "name": "MadAlchemistNotes", "blueprint": "4650f49a9ca24a54ea285ffd186b0589", "isStackable": false, "cost": 0, "weight": 0.5, "isNotable": false},
		{"className": "BlueprintItemNote", "name": "MageLetter", "blueprint": "eec5ef0f545258545bbe6538bd4251a9", "isStackable": false, "cost": 10, "weight": 0, "isNotable": false},
		{"className": "BlueprintItemNote", "name": "MiteBridgeKey", "blueprint": "07e9c251cb0ccfd45b8abc7bd9cd0d35", "isStackable": false, "cost": 10, "weight": 0, "isNotable": true},
		{"className": "BlueprintItemNote", "name": "NitaLetter", "blueprint": "7181c81f61c441d42855a260847e7ba8", "isStackable": false, "cost": 10, "weight": 0, "isNotable": false},
		{"className": "BlueprintItemNote", "name": "NugrahLastNote", "blueprint": "e1f952d8120dc8d41a5495bfef4df896", "isStackable": false, "cost": 10, "weight": 0, "isNotable": false},
		{"className": "BlueprintItemNote", "name": "NugrahNotes1", "blueprint": "1fb540b85de98594bb6eacf10e1efc67", "isStackable": false, "cost": 10, "weight": 0, "isNotable": false},
		{"className": "BlueprintItemNote", "name": "NugrahNotes1_Ruined", "blueprint": "71b040eb4f3174543a9ffeb3c70f6df8", "isStackable": false, "cost": 10, "weight": 0, "isNotable": false},
		{"className": "BlueprintItemNote", "name": "NugrahNotes2", "blueprint": "21d16ccb30e13b54b802cc05916134f2", "isStackable": false, "cost": 10, "weight": 0, "isNotable": false},
		{"className": "BlueprintItemNote", "name": "OwlbearHead", "blueprint": "b69687b4af9b1df4ca1d2d353bff81dc", "isStackable": false, "cost": 500, "weight": 0, "isNotable": true},
		{"className": "BlueprintItemNote", "name": "Paintbrush", "blueprint": "7054591270e74c947b2a389af75899ff", "isStackable": false, "cost": 10, "weight": 0, "isNotable": true},
		{"className": "BlueprintItemNote", "name": "PeddlerBook_Anti-Irovetti1", "blueprint": "da7161b8122a34249858777bcdfb0137", "isStackable": true, "cost": 35, "weight": 2, "isNotable": false},
		{"className": "BlueprintItemNote", "name": "PeddlerBook_Anti-Irovetti2", "blueprint": "4976784a057fc0b4cbfd58e0ee3cda78", "isStackable": true, "cost": 35, "weight": 2, "isNotable": false},
		{"className": "BlueprintItemNote", "name": "PeddlerBook_Anti-Irovetti3", "blueprint": "14624c16436411b4db3aeba838a16206", "isStackable": true, "cost": 35, "weight": 2, "isNotable": false},
		{"className": "BlueprintItemNote", "name": "PeddlerBook_Archknights1", "blueprint": "0d7d7eb0fbfde4243b044e4fe4cc674a", "isStackable": true, "cost": 60, "weight": 2, "isNotable": false},
		{"className": "BlueprintItemNote", "name": "PeddlerBook_Archknights2", "blueprint": "864826b88fdc9de42801d6f37589292f", "isStackable": true, "cost": 60, "weight": 2, "isNotable": false},
		{"className": "BlueprintItemNote", "name": "PeddlerBook_Limericks", "blueprint": "641c76e2b94f5be448cd1f275c02db90", "isStackable": true, "cost": 25, "weight": 2, "isNotable": false},
		{"className": "BlueprintItemNote", "name": "PeddlerBook_Pulp1", "blueprint": "ff7ffc98453e93c4a8fd96c46eb0fabe", "isStackable": true, "cost": 55, "weight": 2, "isNotable": false},
		{"className": "BlueprintItemNote", "name": "PeddlerBook_Pulp2", "blueprint": "6d14246312400f2488c55e141f3d3120", "isStackable": true, "cost": 65, "weight": 2, "isNotable": false},
		{"className": "BlueprintItemNote", "name": "PeddlerBook_Pulp3", "blueprint": "41b530df8acdf6843990b9fcb5e90bc6", "isStackable": true, "cost": 60, "weight": 2, "isNotable": false},
		{"className": "BlueprintItemNote", "name": "PeddlerBook_Smart1", "blueprint": "0d7261adf71af7949ad4329802171ee8", "isStackable": true, "cost": 40, "weight": 2, "isNotable": false},
		{"className": "BlueprintItemNote", "name": "PeddlerBook_Smart2", "blueprint": "b22d7fdeb3614314ea83744f9017ead0", "isStackable": true, "cost": 45, "weight": 2, "isNotable": false},
		{"className": "BlueprintItemNote", "name": "PeddlerBook_Smart3", "blueprint": "c7865bab7c4361446bdd3b2b421ca48a", "isStackable": true, "cost": 50, "weight": 2, "isNotable": false},
		{"className": "BlueprintItemNote", "name": "PlayScriptExcerpt", "blueprint": "99afba7debee49f4297ce9a6d35a43ec", "isStackable": false, "cost": 1, "weight": 0.5, "isNotable": false},
		{"className": "BlueprintItemNote", "name": "RangerNote", "blueprint": "f5585edc2f12e7c4dafca8f60baf9e65", "isStackable": false, "cost": 0, "weight": 0.5, "isNotable": false},
		{"className": "BlueprintItemNote", "name": "RegBook1_CulinaryAlmanach", "blueprint": "388a3d709e38dec429accd98353b225e", "isStackable": true, "cost": 40, "weight": 2, "isNotable": false},
		{"className": "BlueprintItemNote", "name": "RegBook10_ProdigalSons", "blueprint": "100a322d4d1208542a4b11847d17305e", "isStackable": true, "cost": 60, "weight": 2, "isNotable": false},
		{"className": "BlueprintItemNote", "name": "RegBook11_RiverFreedoms", "blueprint": "b73b70398f90a044c8c20381aea7c8a1", "isStackable": true, "cost": 60, "weight": 2, "isNotable": false},
		{"className": "BlueprintItemNote", "name": "RegBook12_SearchForJoy", "blueprint": "fbd4c7e04dd089046ba894cb3993e9bf", "isStackable": true, "cost": 70, "weight": 2, "isNotable": false},
		{"className": "BlueprintItemNote", "name": "RegBook13_ShadowsOfAbsalom", "blueprint": "7aecf468f0a9ead43b9001c19a8962ce", "isStackable": true, "cost": 70, "weight": 2, "isNotable": false},
		{"className": "BlueprintItemNote", "name": "RegBook14_SwordsScribes", "blueprint": "88b232b7a1b759147858075978936347", "isStackable": true, "cost": 55, "weight": 2, "isNotable": false},
		{"className": "BlueprintItemNote", "name": "RegBook15_ThousandRevolutions", "blueprint": "eabdc75e3eae8634f8c353e5ccffb9ae", "isStackable": true, "cost": 45, "weight": 2, "isNotable": false},
		{"className": "BlueprintItemNote", "name": "RegBook16_ValleyOfFire", "blueprint": "dec532c406d2760488927068a98ee121", "isStackable": true, "cost": 65, "weight": 2, "isNotable": false},
		{"className": "BlueprintItemNote", "name": "RegBook17_WhyEarthTrembles", "blueprint": "5f6660bb0e2a4df4bac3d15625939d69", "isStackable": true, "cost": 45, "weight": 2, "isNotable": false},
		{"className": "BlueprintItemNote", "name": "RegBook2_DarkLords", "blueprint": "b11981de253a30c45b1632cc23386d4b", "isStackable": true, "cost": 40, "weight": 2, "isNotable": false},
		{"className": "BlueprintItemNote", "name": "RegBook3_Everlight", "blueprint": "98f17a5556213024cae9663e4cf1164a", "isStackable": true, "cost": 40, "weight": 2, "isNotable": false},
		{"className": "BlueprintItemNote", "name": "RegBook4_FightingBleaching", "blueprint": "2d75995fb43c24d45a22143c4afc3c76", "isStackable": true, "cost": 50, "weight": 2, "isNotable": false},
		{"className": "BlueprintItemNote", "name": "RegBook5_Ilthuliak", "blueprint": "3cba382ac1b9d6245a40b2d6ebd96087", "isStackable": true, "cost": 50, "weight": 2, "isNotable": false},
		{"className": "BlueprintItemNote", "name": "RegBook6_IobariaCurse", "blueprint": "dbc6bb4b4cb3381489cc4ab34c74c892", "isStackable": true, "cost": 50, "weight": 2, "isNotable": false},
		{"className": "BlueprintItemNote", "name": "RegBook7_LegendOfPathfinder", "blueprint": "79b39b89e7a839e4ba2f8cf926550706", "isStackable": true, "cost": 60, "weight": 2, "isNotable": false},
		{"className": "BlueprintItemNote", "name": "RegBook8_MonsterGuide", "blueprint": "cb3eaa822e14b9d48a3515dedafbb880", "isStackable": true, "cost": 60, "weight": 2, "isNotable": false},
		{"className": "BlueprintItemNote", "name": "RegBook9_OnGodsAndDivine", "blueprint": "0feedecc3f3df2e44b0dc3a4c5a98d32", "isStackable": true, "cost": 60, "weight": 2, "isNotable": false},
		{"className": "BlueprintItemNote", "name": "SadisticMageBook", "blueprint": "7c26c08c2cd89ae4b8adb559bdf3cf0f", "isStackable": true, "cost": 55, "weight": 2, "isNotable": false},
		{"className": "BlueprintItemNote", "name": "SadisticMageDiary", "blueprint": "bcbc45879428a51438cdd42269424339", "isStackable": false, "cost": 0, "weight": 0.5, "isNotable": false},
		{"className": "BlueprintItemNote", "name": "ShamblingMound_Nametag", "blueprint": "3220180c0abc6c34aa9eb8d3bfc53990", "isStackable": false, "cost": 10, "weight": 0, "isNotable": false},
		{"className": "BlueprintItemNote", "name": "ShortLetter", "blueprint": "9ec181e460263784a93c65a6ce557c03", "isStackable": false, "cost": 10, "weight": 0, "isNotable": false},
		{"className": "BlueprintItemNote", "name": "SoldierNote", "blueprint": "bb73076bbb5b1a24281af8ceb031dac1", "isStackable": false, "cost": 10, "weight": 0, "isNotable": false},
		{"className": "BlueprintItemNote", "name": "StagLordOrders", "blueprint": "a207da37e8a4be34ea0136d2b92f6d30", "isStackable": false, "cost": 10, "weight": 0, "isNotable": false},
		{"className": "BlueprintItemNote", "name": "StrangerMeConfession", "blueprint": "0123b70469559c947b66242dc0780b1d", "isStackable": false, "cost": 10, "weight": 0, "isNotable": false},
		{"className": "BlueprintItemNote", "name": "SuramgaminBook1", "blueprint": "ceaf8786eada58040819b0fa912f1a3a", "isStackable": false, "cost": 40, "weight": 2, "isNotable": false},
		{"className": "BlueprintItemNote", "name": "SuramgaminBook2", "blueprint": "8007ad3c9f395954fa68e5c865f90f31", "isStackable": false, "cost": 40, "weight": 2, "isNotable": false},
		{"className": "BlueprintItemNote", "name": "SycamoreBranch_K", "blueprint": "341fa0fe7366c9f4aaf68e81aa0df475", "isStackable": false, "cost": 1000, "weight": 0, "isNotable": true},
		{"className": "BlueprintItemNote", "name": "SycamoreBranch_M", "blueprint": "448bdd06c87ca7f458192ebc3436b5d1", "isStackable": false, "cost": 1000, "weight": 0, "isNotable": true},
		{"className": "BlueprintItemNote", "name": "TaldorMineLever", "blueprint": "8cbeb0a70e722fa4fa898dc0bb4fdba4", "isStackable": false, "cost": 10, "weight": 0, "isNotable": true},
		{"className": "BlueprintItemNote", "name": "ToyDragon", "blueprint": "f880b2ceaa1eb0341945ac25ccd8c3d1", "isStackable": false, "cost": 25, "weight": 0, "isNotable": false},
		{"className": "BlueprintItemNote", "name": "ToyKnight", "blueprint": "f4b87bf848009e54ea980714be3373fe", "isStackable": false, "cost": 20, "weight": 0, "isNotable": false},
		{"className": "BlueprintItemNote", "name": "TrebricentLetter", "blueprint": "1776b5079bfa1144a95051761acb58ef", "isStackable": false, "cost": 10, "weight": 0, "isNotable": false},
		{"className": "BlueprintItemNote", "name": "Tristian_BadWriting", "blueprint": "92d5dfb45dab37848a3431f9b99dd48c", "isStackable": false, "cost": 15, "weight": 2, "isNotable": false},
		{"className": "BlueprintItemNote", "name": "TristianQ2_Letter", "blueprint": "cad3345808c57524b888423db9cd1be5", "isStackable": false, "cost": 0, "weight": 0, "isNotable": false},
		{"className": "BlueprintItemNote", "name": "TrollLairNote1", "blueprint": "eea0151240a07a747bb2d7fc3cc0d571", "isStackable": false, "cost": 10, "weight": 0, "isNotable": false},
		{"className": "BlueprintItemNote", "name": "TuskguttersHead", "blueprint": "3f037f18c22580f499dbe4d5f944926f", "isStackable": false, "cost": 500, "weight": 0, "isNotable": true},
		{"className": "BlueprintItemNote", "name": "UnfinishedLetterMaegarVarn", "blueprint": "dd3427f70c1158d4184ce9591ce1178e", "isStackable": false, "cost": 10, "weight": 0, "isNotable": false},
		{"className": "BlueprintItemNote", "name": "UselessBook", "blueprint": "8aa411bf8157b4d48b0cdd80b602d375", "isStackable": false, "cost": 1000000, "weight": 2, "isNotable": false},
		{"className": "BlueprintItemNote", "name": "ValerieQ1_message", "blueprint": "21354dd07ac0b924aa7d103e79ffa3cf", "isStackable": false, "cost": 0, "weight": 0, "isNotable": false},
		{"className": "BlueprintItemNote", "name": "VarnSaysHelloLetter", "blueprint": "c9744fe20bd6e984085100ac9d3008a8", "isStackable": false, "cost": 0, "weight": 0, "isNotable": false},
		{"className": "BlueprintItemNote", "name": "VarnSendsHelpLetter", "blueprint": "b8904164486ac4243adc92e7b3fafc1a", "isStackable": false, "cost": 0, "weight": 0, "isNotable": false},
		{"className": "BlueprintItemNote", "name": "VictimNote", "blueprint": "ba39e8fc13bd79644aa53d9d76dcdeda", "isStackable": false, "cost": 10, "weight": 2, "isNotable": false},
		{"className": "BlueprintItemNote", "name": "WalshLetter", "blueprint": "f0c92c040772a7a4c929789f7ae80db9", "isStackable": false, "cost": 10, "weight": 0, "isNotable": false},
		{"className": "BlueprintItemNote", "name": "WitchHuntKestenLetter", "blueprint": "66a98080760639e42a8a79ed9b6bacf0", "isStackable": false, "cost": 0, "weight": 0, "isNotable": false},
		{"className": "BlueprintItemNote", "name": "WyvernHead", "blueprint": "583b12b13e1c121439f7bba7602be9dc", "isStackable": false, "cost": 500, "weight": 0, "isNotable": true}
  ]
}