﻿{
  "Head": [
		{"className": "BlueprintItemEquipmentHead", "name": "BandOfStalwartWarriorsLuck", "blueprint": "06a6dbc06fba88245888463669309b73", "isStackable": false, "cost": 18000, "weight": 1, "isNotable": false, "dc": 11},
		{"className": "BlueprintItemEquipmentHead", "name": "CrownOfFear", "blueprint": "223bac52b60a45741a04d03003c9c65f", "isStackable": false, "cost": 8000, "weight": 1, "isNotable": false, "dc": 11},
		{"className": "BlueprintItemEquipmentHead", "name": "EelCircletItem", "blueprint": "f7d8c27c57d6bd949a5c2a85dc5ca045", "isStackable": false, "cost": 65600, "weight": 1, "isNotable": false, "dc": 14},
		{"className": "BlueprintItemEquipmentHead", "name": "EvasiveRoundHelmetItem", "blueprint": "bb0ed39b655024946b04396b247081ca", "isStackable": false, "cost": 86000, "weight": 4, "isNotable": false, "dc": 11},
		{"className": "BlueprintItemEquipmentHead", "name": "ExpertsHatItem", "blueprint": "405abbf543c9cc148a6f091bb5e58d14", "isStackable": false, "cost": 1500, "weight": 1, "isNotable": false, "dc": 11},
		{"className": "BlueprintItemEquipmentHead", "name": "EyesOfEagle", "blueprint": "303e3a1df232b0747b7fde723828fa45", "isStackable": false, "cost": 2500, "weight": 1, "isNotable": false, "dc": 11},
		{"className": "BlueprintItemEquipmentHead", "name": "GoldenThreadHeadbandItem", "blueprint": "8b3521fdebc83a149a1fe766cdb52610", "isStackable": false, "cost": 8700, "weight": 1, "isNotable": false, "dc": 14},
		{"className": "BlueprintItemEquipmentHead", "name": "GrimHelmetItem", "blueprint": "89c8089f4664d37438d24cd1440fedc8", "isStackable": false, "cost": 61300, "weight": 4, "isNotable": false, "dc": 11},
		{"className": "BlueprintItemEquipmentHead", "name": "HarrimQ3_RewardHead", "blueprint": "245eb6cf94643ba49a0adb36ef3b4ead", "isStackable": false, "cost": 114000, "weight": 0, "isNotable": false, "dc": 11},
		{"className": "BlueprintItemEquipmentHead", "name": "HeadbandOfAedinasfaith", "blueprint": "6b4daa6b4c3e1e8418ded841fb7469a6", "isStackable": false, "cost": 50400, "weight": 1, "isNotable": false, "dc": 0},
		{"className": "BlueprintItemEquipmentHead", "name": "HeadbandOfCharisma2", "blueprint": "a3e8e907908ca7a40ac6da78e70bf33d", "isStackable": false, "cost": 4000, "weight": 1, "isNotable": false, "dc": 11},
		{"className": "BlueprintItemEquipmentHead", "name": "HeadbandOfCharisma4", "blueprint": "71b4c3f8976784d4abf46976b15eba4a", "isStackable": false, "cost": 16000, "weight": 1, "isNotable": false, "dc": 11},
		{"className": "BlueprintItemEquipmentHead", "name": "HeadbandOfCharisma6", "blueprint": "66fa9c56ef410104a9a3d7fb3c78d140", "isStackable": false, "cost": 70000, "weight": 1, "isNotable": false, "dc": 11},
		{"className": "BlueprintItemEquipmentHead", "name": "HeadbandOfFrozenShout", "blueprint": "9628598182b76784e975ce8486b2c944", "isStackable": false, "cost": 98000, "weight": 1, "isNotable": false, "dc": 15},
		{"className": "BlueprintItemEquipmentHead", "name": "HeadbandOfIntelligence2", "blueprint": "22184af355826444087506d7f2f8f0b1", "isStackable": false, "cost": 4000, "weight": 1, "isNotable": false, "dc": 11},
		{"className": "BlueprintItemEquipmentHead", "name": "HeadbandOfIntelligence4", "blueprint": "ee15329357f8f974bacf02521d8d37fe", "isStackable": false, "cost": 16000, "weight": 1, "isNotable": false, "dc": 11},
		{"className": "BlueprintItemEquipmentHead", "name": "HeadbandOfIntelligence6", "blueprint": "eee1c6ee3542ffd47a7804990da11c21", "isStackable": false, "cost": 70000, "weight": 1, "isNotable": false, "dc": 11},
		{"className": "BlueprintItemEquipmentHead", "name": "HeadbandOfPerfection2", "blueprint": "b9b49933be6ac7f4aa3c71c602227332", "isStackable": false, "cost": 10000, "weight": 1, "isNotable": false, "dc": 11},
		{"className": "BlueprintItemEquipmentHead", "name": "HeadbandOfPerfection4", "blueprint": "df2aa195ecce07c4c8dcabb5ea8c696e", "isStackable": false, "cost": 60000, "weight": 1, "isNotable": false, "dc": 11},
		{"className": "BlueprintItemEquipmentHead", "name": "HeadbandOfPerfection6", "blueprint": "6d7992679c557c842887c8bba08a12c8", "isStackable": false, "cost": 120000, "weight": 1, "isNotable": false, "dc": 11},
		{"className": "BlueprintItemEquipmentHead", "name": "HeadbandOfPerfection8", "blueprint": "f94d69b19fe07ca4a8ade7993a1a7510", "isStackable": false, "cost": 480000, "weight": 1, "isNotable": false, "dc": 11},
		{"className": "BlueprintItemEquipmentHead", "name": "HeadbandOfSharpEye", "blueprint": "f286eaf3897455147be99fbcde210774", "isStackable": false, "cost": 140000, "weight": 1, "isNotable": false, "dc": 17},
		{"className": "BlueprintItemEquipmentHead", "name": "HeadbandOfWisdom2", "blueprint": "3d33605336c62274483f382f58908f5b", "isStackable": false, "cost": 4000, "weight": 1, "isNotable": false, "dc": 11},
		{"className": "BlueprintItemEquipmentHead", "name": "HeadbandOfWisdom4", "blueprint": "716bdfe5c57be9b43a958bb612c1ecd4", "isStackable": false, "cost": 16000, "weight": 1, "isNotable": false, "dc": 11},
		{"className": "BlueprintItemEquipmentHead", "name": "HeadbandOfWisdom6", "blueprint": "bc931a618226e044caaebdf4ace1188a", "isStackable": false, "cost": 70000, "weight": 1, "isNotable": false, "dc": 11},
		{"className": "BlueprintItemEquipmentHead", "name": "HelmetOfBattlefieldClarity", "blueprint": "5d47f2fbf9eb8ae41a88f28e7707f627", "isStackable": false, "cost": 5400, "weight": 4, "isNotable": false, "dc": 11},
		{"className": "BlueprintItemEquipmentHead", "name": "HelmetOfTheDuskItem", "blueprint": "713e371e88a44984cacfaadf48551d47", "isStackable": false, "cost": 68000, "weight": 4, "isNotable": false, "dc": 11},
		{"className": "BlueprintItemEquipmentHead", "name": "HelmOfBattleAlertnessItem", "blueprint": "384b6c0809611814cb6be00f5d8e32f0", "isStackable": false, "cost": 24600, "weight": 4, "isNotable": false, "dc": 0},
		{"className": "BlueprintItemEquipmentHead", "name": "JasperCirclet", "blueprint": "35f2344d0c7b8e24a865dbc440adcdb5", "isStackable": true, "cost": 600, "weight": 0.05, "isNotable": false, "dc": 11},
		{"className": "BlueprintItemEquipmentHead", "name": "KingCrown", "blueprint": "2bffd039eb8f54847a2e0642db6c9080", "isStackable": false, "cost": 40000, "weight": 1, "isNotable": false, "dc": 11},
		{"className": "BlueprintItemEquipmentHead", "name": "KnightsHelmetItem", "blueprint": "fdc95ffb7adbb9c48adfafc9546fa633", "isStackable": false, "cost": 2000, "weight": 1, "isNotable": false, "dc": 11},
		{"className": "BlueprintItemEquipmentHead", "name": "LightAbsoberHeadbandItem", "blueprint": "bc87fd1cd75d1814f93695259906ba01", "isStackable": false, "cost": 108000, "weight": 1, "isNotable": false, "dc": 16},
		{"className": "BlueprintItemEquipmentHead", "name": "MarksmansHatItem", "blueprint": "7188029fda598f749a9dfbf23bec9bdc", "isStackable": false, "cost": 5400, "weight": 1, "isNotable": false, "dc": 11},
		{"className": "BlueprintItemEquipmentHead", "name": "ParagonOfDefendersItem", "blueprint": "e9cc3f1f8074fc14eb3ada35871c98da", "isStackable": false, "cost": 52000, "weight": 4, "isNotable": false, "dc": 11},
		{"className": "BlueprintItemEquipmentHead", "name": "PhylachetryOfNegativeChanneling", "blueprint": "7ccc1833353d9a64cb671c7bc747bade", "isStackable": false, "cost": 12000, "weight": 1, "isNotable": false, "dc": 11},
		{"className": "BlueprintItemEquipmentHead", "name": "PhylachetryOfNegativeChannelingLesser", "blueprint": "9751f7b073f740b458ab170cc81f5f1b", "isStackable": false, "cost": 4000, "weight": 1, "isNotable": false, "dc": 11},
		{"className": "BlueprintItemEquipmentHead", "name": "PhylachetryOfPositiveChanneling", "blueprint": "01bc7670bd0225745a66957f21f1ba23", "isStackable": false, "cost": 12000, "weight": 1, "isNotable": false, "dc": 11},
		{"className": "BlueprintItemEquipmentHead", "name": "PhylachetryOfPositiveChannelingLesser", "blueprint": "6b50bf738b4e6964b916539efc582a9d", "isStackable": false, "cost": 4000, "weight": 1, "isNotable": false, "dc": 11},
		{"className": "BlueprintItemEquipmentHead", "name": "ProfessorHatItem", "blueprint": "efc6ab00482c16b4c898283cb215c6f3", "isStackable": false, "cost": 16000, "weight": 1, "isNotable": false, "dc": 11},
		{"className": "BlueprintItemEquipmentHead", "name": "StagHelmetItem", "blueprint": "7437f12e61554634595e36fdbf804bbc", "isStackable": false, "cost": 6000, "weight": 4, "isNotable": false, "dc": 11},
		{"className": "BlueprintItemEquipmentHead", "name": "SteelHelm", "blueprint": "7bf221661e9c5bf4bb6269627d5abd92", "isStackable": false, "cost": 100, "weight": 4, "isNotable": false, "dc": 11},
		{"className": "BlueprintItemEquipmentHead", "name": "SteelHelm_Hellknight", "blueprint": "2db24f8127080d243adfc4fac3939357", "isStackable": false, "cost": 100, "weight": 4, "isNotable": false, "dc": 11},
		{"className": "BlueprintItemEquipmentHead", "name": "StubbornHeadItem", "blueprint": "127fd5a7b742937428953334f6c13052", "isStackable": false, "cost": 8000, "weight": 1, "isNotable": false, "dc": 11},
		{"className": "BlueprintItemEquipmentHead", "name": "TheFirstCrown", "blueprint": "d5f207009a651094f83b6057043e1431", "isStackable": false, "cost": 480000, "weight": 1, "isNotable": true, "dc": 11},
		{"className": "BlueprintItemEquipmentHead", "name": "TrailblazerHelmetItem", "blueprint": "51eb5bdbb42b0ef4f84b45dddfc67f08", "isStackable": false, "cost": 2500, "weight": 10, "isNotable": true, "dc": 11},
		{"className": "BlueprintItemEquipmentHead", "name": "TripleFinHelmetItem", "blueprint": "c1666f8be90ffb94ca8fa501d87d24cc", "isStackable": false, "cost": 61300, "weight": 4, "isNotable": false, "dc": 11},
		{"className": "BlueprintItemEquipmentHead", "name": "WardedHelmetItem", "blueprint": "e11492eec1164544aa16d991b5fdc2d0", "isStackable": false, "cost": 61300, "weight": 4, "isNotable": false, "dc": 11},
		{"className": "BlueprintItemEquipmentHead", "name": "WarpaintedSkullItem", "blueprint": "5d343648bb8887d42b24cbadfeb36991", "isStackable": false, "cost": 42000, "weight": 10, "isNotable": true, "dc": 11}
  ]
}