﻿{
  "Belt": [
		{"className": "BlueprintItemEquipmentBelt", "name": "BeltofAdditionalPockets", "blueprint": "f8ce35e547965db47b1b3ffce9fac8f1", "isStackable": false, "cost": 40000, "weight": 1, "isNotable": false, "dc": 11},
		{"className": "BlueprintItemEquipmentBelt", "name": "BeltOfConstitution2", "blueprint": "b9cc5d85d4a5032458ef4491f5fed251", "isStackable": false, "cost": 4000, "weight": 1, "isNotable": false, "dc": 11},
		{"className": "BlueprintItemEquipmentBelt", "name": "BeltOfConstitution4", "blueprint": "dbeb5ba83e9fd2046a31590636b8b36d", "isStackable": false, "cost": 16000, "weight": 1, "isNotable": false, "dc": 11},
		{"className": "BlueprintItemEquipmentBelt", "name": "BeltOfConstitution6", "blueprint": "f2c5555b4cce199488f9e6d3796a661f", "isStackable": false, "cost": 70000, "weight": 1, "isNotable": false, "dc": 11},
		{"className": "BlueprintItemEquipmentBelt", "name": "BeltOfDexterity2", "blueprint": "b6af4c1834999e74497b41588d1071cd", "isStackable": false, "cost": 4000, "weight": 1, "isNotable": false, "dc": 11},
		{"className": "BlueprintItemEquipmentBelt", "name": "BeltOfDexterity4", "blueprint": "20539ffabe4365e419ca7413129ab78a", "isStackable": false, "cost": 16000, "weight": 1, "isNotable": false, "dc": 11},
		{"className": "BlueprintItemEquipmentBelt", "name": "BeltOfDexterity6", "blueprint": "a214f971f937c2c46805211dcb9c1576", "isStackable": false, "cost": 70000, "weight": 1, "isNotable": false, "dc": 11},
		{"className": "BlueprintItemEquipmentBelt", "name": "BeltOfDexterityConstitution2", "blueprint": "939ad0109fec02b46adcac4b85e1249a", "isStackable": false, "cost": 10000, "weight": 1, "isNotable": false, "dc": 11},
		{"className": "BlueprintItemEquipmentBelt", "name": "BeltOfDexterityConstitution4", "blueprint": "5cc240d94335ee046913b9c23a72cf96", "isStackable": false, "cost": 65000, "weight": 1, "isNotable": false, "dc": 11},
		{"className": "BlueprintItemEquipmentBelt", "name": "BeltOfDexterityConstitution6", "blueprint": "8cf20c1d0e9e0974e8f0c01bd2f80e3e", "isStackable": false, "cost": 125000, "weight": 1, "isNotable": false, "dc": 11},
		{"className": "BlueprintItemEquipmentBelt", "name": "BeltOfPerfectComponentsGreaterItem", "blueprint": "841d3d5dfb09f6c468f4fae3567937ee", "isStackable": false, "cost": 170000, "weight": 1, "isNotable": false, "dc": 11},
		{"className": "BlueprintItemEquipmentBelt", "name": "BeltOfPerfectComponentsItem", "blueprint": "bc195fd6225959c439bee1088a83aa6b", "isStackable": false, "cost": 43000, "weight": 1, "isNotable": false, "dc": 11},
		{"className": "BlueprintItemEquipmentBelt", "name": "BeltOfPerfectComponentsLesserItem", "blueprint": "5e94d9ac3448c774db72a51007aab1df", "isStackable": false, "cost": 23000, "weight": 1, "isNotable": false, "dc": 11},
		{"className": "BlueprintItemEquipmentBelt", "name": "BeltOfPerfection2", "blueprint": "7abdce2cab3e3dd43b9e6c41c1b44525", "isStackable": false, "cost": 16000, "weight": 1, "isNotable": false, "dc": 11},
		{"className": "BlueprintItemEquipmentBelt", "name": "BeltOfPerfection4", "blueprint": "7cda6252ed289b74fb667b4e9f69fcbd", "isStackable": false, "cost": 64000, "weight": 1, "isNotable": false, "dc": 11},
		{"className": "BlueprintItemEquipmentBelt", "name": "BeltOfPerfection6", "blueprint": "2b400628f960a8a43bc2f085d84788cf", "isStackable": false, "cost": 200000, "weight": 1, "isNotable": false, "dc": 11},
		{"className": "BlueprintItemEquipmentBelt", "name": "BeltOfPerfection8", "blueprint": "dc2f2613634c2f947b306fa3379232c2", "isStackable": false, "cost": 480000, "weight": 1, "isNotable": false, "dc": 11},
		{"className": "BlueprintItemEquipmentBelt", "name": "BeltOfStoneskinItem", "blueprint": "9162128e476bdd6428c2c273ea83d447", "isStackable": false, "cost": 50400, "weight": 1, "isNotable": false, "dc": 16},
		{"className": "BlueprintItemEquipmentBelt", "name": "BeltOfStrength2", "blueprint": "c354de364a714ee4dbe2cfee628df267", "isStackable": false, "cost": 4000, "weight": 1, "isNotable": false, "dc": 11},
		{"className": "BlueprintItemEquipmentBelt", "name": "BeltOfStrength4", "blueprint": "ede812de6b31b194686595fab33fc3ed", "isStackable": false, "cost": 16000, "weight": 1, "isNotable": false, "dc": 11},
		{"className": "BlueprintItemEquipmentBelt", "name": "BeltOfStrength6", "blueprint": "d8062d43606e89e4bb3f0483ed3aba5d", "isStackable": false, "cost": 70000, "weight": 1, "isNotable": false, "dc": 11},
		{"className": "BlueprintItemEquipmentBelt", "name": "BeltOfStrengthConstitution2", "blueprint": "c95c552c19a5c5a4492462802104b071", "isStackable": false, "cost": 10000, "weight": 1, "isNotable": false, "dc": 11},
		{"className": "BlueprintItemEquipmentBelt", "name": "BeltOfStrengthConstitution4", "blueprint": "4782eaff2231a524183c6f6034ee31db", "isStackable": false, "cost": 65000, "weight": 1, "isNotable": false, "dc": 11},
		{"className": "BlueprintItemEquipmentBelt", "name": "BeltOfStrengthConstitution6", "blueprint": "a03b3ba9469d89347a9878cb5c00769a", "isStackable": false, "cost": 125000, "weight": 1, "isNotable": false, "dc": 11},
		{"className": "BlueprintItemEquipmentBelt", "name": "BeltOfStrengthDexterity2", "blueprint": "6577d56f2da72874a8abea1a3cbd2fa0", "isStackable": false, "cost": 10000, "weight": 1, "isNotable": false, "dc": 11},
		{"className": "BlueprintItemEquipmentBelt", "name": "BeltOfStrengthDexterity4", "blueprint": "519cc630ba3402543af4267b4f75548a", "isStackable": false, "cost": 65000, "weight": 1, "isNotable": false, "dc": 11},
		{"className": "BlueprintItemEquipmentBelt", "name": "BeltOfStrengthDexterity6", "blueprint": "3475dbb1752869444ac9ffd528d8f491", "isStackable": false, "cost": 125000, "weight": 1, "isNotable": false, "dc": 11},
		{"className": "BlueprintItemEquipmentBelt", "name": "CordOfStubbornFuryItem", "blueprint": "3b7820965662afe4ab17627103e44228", "isStackable": false, "cost": 6500, "weight": 1, "isNotable": false, "dc": 11},
		{"className": "BlueprintItemEquipmentBelt", "name": "DivineSupportBeltItem", "blueprint": "da13dd41c96287e4d934cb10ae069c28", "isStackable": false, "cost": 245700, "weight": 1, "isNotable": false, "dc": 20},
		{"className": "BlueprintItemEquipmentBelt", "name": "EqualityBeltItem", "blueprint": "b01ed89b10d0da14bbbe1432ed4ca168", "isStackable": false, "cost": 143200, "weight": 1, "isNotable": false, "dc": 15},
		{"className": "BlueprintItemEquipmentBelt", "name": "ExplorersBeltItem", "blueprint": "ec34985b81b9f744488456e7009044ee", "isStackable": false, "cost": 2500, "weight": 1, "isNotable": false, "dc": 11},
		{"className": "BlueprintItemEquipmentBelt", "name": "GozrehsEmbracementBeltItem", "blueprint": "77bfc25b7f08e044d9ce73b76c332651", "isStackable": false, "cost": 37640, "weight": 1, "isNotable": false, "dc": 15},
		{"className": "BlueprintItemEquipmentBelt", "name": "HermitRopeBeltItem", "blueprint": "c6edeb6c69d5da74a9bf5d73700ed04e", "isStackable": false, "cost": 58600, "weight": 1, "isNotable": false, "dc": 0},
		{"className": "BlueprintItemEquipmentBelt", "name": "InfernalCordGreaterItem", "blueprint": "174433eb78a197d4a8926d761b556572", "isStackable": false, "cost": 26000, "weight": 1, "isNotable": false, "dc": 11},
		{"className": "BlueprintItemEquipmentBelt", "name": "KorgathShackledFury", "blueprint": "04992d8f7ac12674eab02d73f726d4ac", "isStackable": false, "cost": 60000, "weight": 1, "isNotable": false, "dc": 11},
		{"className": "BlueprintItemEquipmentBelt", "name": "MirroredBeltItem", "blueprint": "be3cadb084c816448b873dd791eec3e4", "isStackable": false, "cost": 43200, "weight": 1, "isNotable": false, "dc": 0},
		{"className": "BlueprintItemEquipmentBelt", "name": "SashOfRazorsItem", "blueprint": "1138835111e5aeb4081ea9fa6eb5286e", "isStackable": false, "cost": 83000, "weight": 1, "isNotable": false, "dc": 11},
		{"className": "BlueprintItemEquipmentBelt", "name": "SeedOfInsanityBeltItem", "blueprint": "1fa5125a155d06543aebddfcfeee5cd2", "isStackable": false, "cost": 225800, "weight": 1, "isNotable": false, "dc": 20}
  ]
}