﻿{
  "Key": [
		{"className": "BlueprintItemKey", "name": "AbandonedKeep_PrisonKey", "blueprint": "8f58fd2bcf7268740acd53d131dc0432", "isStackable": false, "cost": 0, "weight": 0, "isNotable": false},
		{"className": "BlueprintItemKey", "name": "ArtefactDoorKey1", "blueprint": "94ede3d8de7d0b1418a73509296f4f38", "isStackable": false, "cost": 10, "weight": 0, "isNotable": false},
		{"className": "BlueprintItemKey", "name": "ArtefactDoorKey2", "blueprint": "90c1f3a595c1fec42a56a5a30823d26a", "isStackable": false, "cost": 10, "weight": 0, "isNotable": false},
		{"className": "BlueprintItemKey", "name": "BalconyKey", "blueprint": "111312995037cd34aafc95629b02d289", "isStackable": false, "cost": 10, "weight": 0, "isNotable": false},
		{"className": "BlueprintItemKey", "name": "BasementKey", "blueprint": "1e9eaa72ee165c941be89a80d930367d", "isStackable": false, "cost": 10, "weight": 0, "isNotable": false},
		{"className": "BlueprintItemKey", "name": "Blakemoor_BKey", "blueprint": "e7d2a7fca583800488436685ad096196", "isStackable": false, "cost": 1, "weight": 0, "isNotable": false},
		{"className": "BlueprintItemKey", "name": "ChestKey", "blueprint": "82469fe875a4376438927d9e84aa838c", "isStackable": false, "cost": 1, "weight": 0, "isNotable": false},
		{"className": "BlueprintItemKey", "name": "DeadmanKey", "blueprint": "91677c07af1a0a54b92800fedbdfd0bf", "isStackable": false, "cost": 10, "weight": 0, "isNotable": false},
		{"className": "BlueprintItemKey", "name": "FatLootChestKey", "blueprint": "2f28acb121a15b8428ab6be2f77e66e9", "isStackable": false, "cost": 10, "weight": 0, "isNotable": false},
		{"className": "BlueprintItemKey", "name": "FinalDungeon_CupShard1_item", "blueprint": "f693c737694dfc54db7d1d8775a85b2f", "isStackable": false, "cost": 0, "weight": 1, "isNotable": true},
		{"className": "BlueprintItemKey", "name": "FinalDungeon_CupShard2_item", "blueprint": "cd2ea79080797e04f96752d4effe4efd", "isStackable": false, "cost": 0, "weight": 1, "isNotable": true},
		{"className": "BlueprintItemKey", "name": "FinalDungeon_CupShard3_item", "blueprint": "6bdb8020f1bb2f048872b026705c18ab", "isStackable": false, "cost": 0, "weight": 1, "isNotable": true},
		{"className": "BlueprintItemKey", "name": "FW_Shovel", "blueprint": "bb25f3fc19ad66a408e2414fee1eb5b7", "isStackable": false, "cost": 10, "weight": 2, "isNotable": false},
		{"className": "BlueprintItemKey", "name": "GoblinTraderKey", "blueprint": "c79bfc70a92ccea46a4f2442c6350047", "isStackable": false, "cost": 10, "weight": 0, "isNotable": false},
		{"className": "BlueprintItemKey", "name": "HornedHunterKey", "blueprint": "0cb09dcb53daa684583536cf68583cdc", "isStackable": false, "cost": 0, "weight": 0, "isNotable": false},
		{"className": "BlueprintItemKey", "name": "HostessRoomKey", "blueprint": "1519470bf2508854a85b0c81abc6e0c0", "isStackable": false, "cost": 1, "weight": 0, "isNotable": false},
		{"className": "BlueprintItemKey", "name": "HragulkaExitKey", "blueprint": "a041939cf49a5ba45b487e0fa0bb357c", "isStackable": false, "cost": 10, "weight": 0, "isNotable": false},
		{"className": "BlueprintItemKey", "name": "IrovettiJournal", "blueprint": "ac28b5642f0d9d24bb4e2ec843cad9a1", "isStackable": false, "cost": 1, "weight": 0.5, "isNotable": false},
		{"className": "BlueprintItemKey", "name": "IrovettiPalace_BriarRoomKey", "blueprint": "df01fd651b0b21547aba91f0fd142847", "isStackable": false, "cost": 1, "weight": 0, "isNotable": false},
		{"className": "BlueprintItemKey", "name": "IrovettiPalace_ConservatoryKey", "blueprint": "119bb02bdce3b8e4bb4368facb620f03", "isStackable": false, "cost": 1, "weight": 0, "isNotable": false},
		{"className": "BlueprintItemKey", "name": "IrovettiPalace_GhostMageKey", "blueprint": "7a6177279d7f4f043a2ff1f0228f4f7c", "isStackable": false, "cost": 1, "weight": 0, "isNotable": false},
		{"className": "BlueprintItemKey", "name": "IrovettiPalace_OgreMageKey", "blueprint": "0bad02b9b5a50324ba8dd123b51dc93f", "isStackable": false, "cost": 1, "weight": 0, "isNotable": false},
		{"className": "BlueprintItemKey", "name": "JanushKey", "blueprint": "68edfe25b795028448436b01cee5ead2", "isStackable": false, "cost": 10, "weight": 0, "isNotable": false},
		{"className": "BlueprintItemKey", "name": "KingsChestKey", "blueprint": "d24784428f916eb4dbe3648c8f1a8360", "isStackable": false, "cost": 1, "weight": 0, "isNotable": false},
		{"className": "BlueprintItemKey", "name": "KnurlyWitchKey", "blueprint": "d80d79e6f026e3f4eb55ed10118d3aa4", "isStackable": false, "cost": 0, "weight": 0, "isNotable": false},
		{"className": "BlueprintItemKey", "name": "KorgaddKey", "blueprint": "3a0bd7f2f9e9ac948bdba32c6d461bdc", "isStackable": false, "cost": 10, "weight": 0, "isNotable": false},
		{"className": "BlueprintItemKey", "name": "KWDoorKey", "blueprint": "ad08e90ff90cb5740a1569fbc9c7bfcb", "isStackable": false, "cost": 0, "weight": 0, "isNotable": false},
		{"className": "BlueprintItemKey", "name": "MageToy", "blueprint": "f4cc3a7a51929ca4d98c84320c2d1b9d", "isStackable": false, "cost": 1000, "weight": 0, "isNotable": true},
		{"className": "BlueprintItemKey", "name": "MartaRoomKey", "blueprint": "27b82b15de1b79443b95ffc63fdd8aef", "isStackable": false, "cost": 1, "weight": 0, "isNotable": false},
		{"className": "BlueprintItemKey", "name": "MirrorShard", "blueprint": "79609810b606cd24fbdc29d424791211", "isStackable": false, "cost": 100, "weight": 0, "isNotable": true},
		{"className": "BlueprintItemKey", "name": "NobleRoomKey", "blueprint": "fe0b1c89f28ab894cbd8e1499720eb87", "isStackable": false, "cost": 1, "weight": 0, "isNotable": false},
		{"className": "BlueprintItemKey", "name": "OptionalRoomKey", "blueprint": "e17d33a51c9864a419457f59212e78c9", "isStackable": false, "cost": 10, "weight": 0, "isNotable": false},
		{"className": "BlueprintItemKey", "name": "PartyRestRoomKey", "blueprint": "27d9b069b823a7e41acab4232376f8fc", "isStackable": false, "cost": 1, "weight": 0, "isNotable": false},
		{"className": "BlueprintItemKey", "name": "PieceOfPuzzle1", "blueprint": "65ab7c1fda9e48b4caf61f7b5dd3a2d0", "isStackable": false, "cost": 10, "weight": 0, "isNotable": true},
		{"className": "BlueprintItemKey", "name": "PieceOfPuzzle2", "blueprint": "cc15e15dd3d62ea46bbaafcc54ac32a9", "isStackable": false, "cost": 10, "weight": 0, "isNotable": true},
		{"className": "BlueprintItemKey", "name": "PieceOfPuzzle3", "blueprint": "5b1f7feaff9f41843b40c2e94659f5b9", "isStackable": false, "cost": 10, "weight": 0, "isNotable": true},
		{"className": "BlueprintItemKey", "name": "PuzzleItem1_Cup", "blueprint": "19e5a2d17d4bf354da8bda0c77701656", "isStackable": false, "cost": 15, "weight": 0, "isNotable": true},
		{"className": "BlueprintItemKey", "name": "PuzzleItem2_Statuette", "blueprint": "b5a5f81d0b8f6814c924fc38dc5a70b2", "isStackable": false, "cost": 20, "weight": 0, "isNotable": true},
		{"className": "BlueprintItemKey", "name": "PuzzleItem3_Instrument", "blueprint": "94ee438cddb123a4eb205d2df86c5787", "isStackable": false, "cost": 5, "weight": 0, "isNotable": true},
		{"className": "BlueprintItemKey", "name": "Room14Key", "blueprint": "aebbc1f4ffe3f8c448b98df1962e0c81", "isStackable": false, "cost": 10, "weight": 0, "isNotable": false},
		{"className": "BlueprintItemKey", "name": "Room16Key", "blueprint": "d18bbbd472a3dc74196726e9b4f0ad4a", "isStackable": false, "cost": 10, "weight": 0, "isNotable": false},
		{"className": "BlueprintItemKey", "name": "SilasKey", "blueprint": "a5bc4b75d256ab9448f6f88b644d5611", "isStackable": false, "cost": 10, "weight": 0, "isNotable": false},
		{"className": "BlueprintItemKey", "name": "ThirdNyrissaKey", "blueprint": "e50eb543498587d4992715f963a670c9", "isStackable": false, "cost": 0, "weight": 0, "isNotable": false},
		{"className": "BlueprintItemKey", "name": "WrigglingManKey", "blueprint": "7a5e6bbafe3b81a46bdef45d039ab603", "isStackable": false, "cost": 1, "weight": 0, "isNotable": false}
  ]
}