﻿{
  "Shield": [
		{"className": "BlueprintItemShield", "name": "AncestralDwarwenShieldItem", "blueprint": "c62344a8b887b1f4d98d85b7c5b975b5", "isStackable": false, "cost": 18500, "weight": 0, "isNotable": false, "dc": 11},
		{"className": "BlueprintItemShield", "name": "ArrowguardBucklerItem", "blueprint": "7c034e82710f36b45850f2127406992f", "isStackable": false, "cost": 47000, "weight": 0, "isNotable": false, "dc": 11},
		{"className": "BlueprintItemShield", "name": "BashingShield", "blueprint": "5a326f3961ad985448c9c7b72c82b1a7", "isStackable": false, "cost": 18000, "weight": 0, "isNotable": false, "dc": 11},
		{"className": "BlueprintItemShield", "name": "BladeguardBucklerItem", "blueprint": "a310407e90d1039488d241c50270716c", "isStackable": false, "cost": 43400, "weight": 0, "isNotable": false, "dc": 11},
		{"className": "BlueprintItemShield", "name": "BlazingCavalierShieldItem", "blueprint": "63beefff8449fd94a8e5fada3b18ef72", "isStackable": false, "cost": 21000, "weight": 0, "isNotable": false, "dc": 11},
		{"className": "BlueprintItemShield", "name": "Buckler", "blueprint": "78aef04821150bd479314bc974ea73e2", "isStackable": false, "cost": 5, "weight": 0, "isNotable": false, "dc": 11},
		{"className": "BlueprintItemShield", "name": "BucklerItemPlus1", "blueprint": "5615afebd80c5de43b6def5fc4646e1c", "isStackable": false, "cost": 1155, "weight": 0, "isNotable": false, "dc": 11},
		{"className": "BlueprintItemShield", "name": "BucklerItemPlus2", "blueprint": "cff02b5c7e391f24e88239536f88416d", "isStackable": false, "cost": 4155, "weight": 0, "isNotable": false, "dc": 11},
		{"className": "BlueprintItemShield", "name": "BucklerItemPlus3", "blueprint": "9552d3843ff7b4140a8cf04b753848eb", "isStackable": false, "cost": 9155, "weight": 0, "isNotable": false, "dc": 11},
		{"className": "BlueprintItemShield", "name": "BucklerItemPlus4", "blueprint": "c7c5ff1f7c5800f44b51fade5f183655", "isStackable": false, "cost": 16155, "weight": 0, "isNotable": false, "dc": 11},
		{"className": "BlueprintItemShield", "name": "BucklerItemPlus5", "blueprint": "ecc360d423eed06478c3ce761359243e", "isStackable": false, "cost": 25155, "weight": 0, "isNotable": false, "dc": 11},
		{"className": "BlueprintItemShield", "name": "DefendersBulwarkShieldItem", "blueprint": "954bab43deeac3b47a390623647cbdd6", "isStackable": false, "cost": 51000, "weight": 0, "isNotable": false, "dc": 11},
		{"className": "BlueprintItemShield", "name": "FlameguardShieldItem", "blueprint": "f4b263547ad2cb1459a53476c3eaf442", "isStackable": false, "cost": 8000, "weight": 0, "isNotable": false, "dc": 11},
		{"className": "BlueprintItemShield", "name": "ForewarningShieldItem", "blueprint": "9115bd6d7dd0908408b92cf53cd19ffb", "isStackable": false, "cost": 110000, "weight": 0, "isNotable": false, "dc": 11},
		{"className": "BlueprintItemShield", "name": "GrimBarrierShieldItem", "blueprint": "7b4b7f4781c7de347a400c4e1b25c81f", "isStackable": false, "cost": 67000, "weight": 0, "isNotable": false, "dc": 11},
		{"className": "BlueprintItemShield", "name": "HeartOfThunderShieldItem", "blueprint": "e9c7e91d3b032ab4d96d9588b985bab5", "isStackable": false, "cost": 151300, "weight": 0, "isNotable": false, "dc": 17},
		{"className": "BlueprintItemShield", "name": "HeavyShield", "blueprint": "f4cef3ba1a15b0f4fa7fd66b602ff32b", "isStackable": false, "cost": 20, "weight": 0, "isNotable": false, "dc": 11},
		{"className": "BlueprintItemShield", "name": "HeavyShieldItemPlus1", "blueprint": "5c7b898a1bfb6cb4f8c14a0ebc143abe", "isStackable": false, "cost": 1170, "weight": 0, "isNotable": false, "dc": 11},
		{"className": "BlueprintItemShield", "name": "HeavyShieldItemPlus1LivingArmor", "blueprint": "6989ca8e0d28af643b908468ead16922", "isStackable": false, "cost": 9170, "weight": 0, "isNotable": false, "dc": 11},
		{"className": "BlueprintItemShield", "name": "HeavyShieldItemPlus2", "blueprint": "d41ea649a1054b647aafc5b2cb4f8543", "isStackable": false, "cost": 4170, "weight": 0, "isNotable": false, "dc": 11},
		{"className": "BlueprintItemShield", "name": "HeavyShieldItemPlus3", "blueprint": "7e23918977b18524591204c93fae0a37", "isStackable": false, "cost": 9170, "weight": 0, "isNotable": false, "dc": 11},
		{"className": "BlueprintItemShield", "name": "HeavyShieldItemPlus4", "blueprint": "777f5b91bdda1804cacd3f45dd9f0cf1", "isStackable": false, "cost": 16170, "weight": 0, "isNotable": false, "dc": 11},
		{"className": "BlueprintItemShield", "name": "HeavyShieldItemPlus5", "blueprint": "0b09d902ff100524dbec6e3d3d93dc3b", "isStackable": false, "cost": 25170, "weight": 0, "isNotable": false, "dc": 11},
		{"className": "BlueprintItemShield", "name": "LightShield", "blueprint": "a85d51d0fb905f940b951eec60388bac", "isStackable": false, "cost": 10, "weight": 0, "isNotable": false, "dc": 11},
		{"className": "BlueprintItemShield", "name": "LightShieldFrostCorrosivePlus4", "blueprint": "41508dc6f0c72834280761896c5f2679", "isStackable": false, "cost": 16160, "weight": 0, "isNotable": false, "dc": 11},
		{"className": "BlueprintItemShield", "name": "LightShieldFuryPlus5", "blueprint": "85a221a99b0d1c64186795c6c095811c", "isStackable": false, "cost": 16160, "weight": 0, "isNotable": false, "dc": 11},
		{"className": "BlueprintItemShield", "name": "LightShieldItemPlus1", "blueprint": "cac3ca0cae325b44b9d7833bbe0e6c69", "isStackable": false, "cost": 1160, "weight": 0, "isNotable": false, "dc": 11},
		{"className": "BlueprintItemShield", "name": "LightShieldItemPlus2", "blueprint": "2a298726445c2184bbeab9f34ece55eb", "isStackable": false, "cost": 4160, "weight": 0, "isNotable": false, "dc": 11},
		{"className": "BlueprintItemShield", "name": "LightShieldItemPlus3", "blueprint": "3b3f25ba61ba5f346b4d546e702732cb", "isStackable": false, "cost": 9160, "weight": 0, "isNotable": false, "dc": 11},
		{"className": "BlueprintItemShield", "name": "LightShieldItemPlus4", "blueprint": "38455bc9dc12b6b4895d49e27e559f51", "isStackable": false, "cost": 16160, "weight": 0, "isNotable": false, "dc": 11},
		{"className": "BlueprintItemShield", "name": "LightShieldItemPlus5", "blueprint": "0bebff4f12aca5649ac4402ffd59d9ad", "isStackable": false, "cost": 25160, "weight": 0, "isNotable": false, "dc": 11},
		{"className": "BlueprintItemShield", "name": "LightShieldShockPlus4", "blueprint": "6e2c74c95ccece143ab9ae9c4d27ca82", "isStackable": false, "cost": 16160, "weight": 0, "isNotable": false, "dc": 11},
		{"className": "BlueprintItemShield", "name": "NorthLightShieldItem", "blueprint": "9b8e47989eb3b4d4ea13ae6b70579b46", "isStackable": false, "cost": 8500, "weight": 0, "isNotable": false, "dc": 11},
		{"className": "BlueprintItemShield", "name": "ProtectorOfUnjustShieldItem", "blueprint": "5505ca19d4e5b304cbf7f0bdda689ea5", "isStackable": false, "cost": 8000, "weight": 0, "isNotable": false, "dc": 11},
		{"className": "BlueprintItemShield", "name": "ShieldofDivinePower", "blueprint": "19d1b3535d22c0144babe51d7da1d028", "isStackable": false, "cost": 26000, "weight": 0, "isNotable": false, "dc": 0},
		{"className": "BlueprintItemShield", "name": "ShieldofWill", "blueprint": "7ab0c34a329421045b61d2f15f91b6b1", "isStackable": false, "cost": 39000, "weight": 0, "isNotable": false, "dc": 11},
		{"className": "BlueprintItemShield", "name": "TowerShield", "blueprint": "6a1a429f023e5134fb16a4962cb79257", "isStackable": false, "cost": 30, "weight": 0, "isNotable": false, "dc": 11},
		{"className": "BlueprintItemShield", "name": "TowerShieldItemPlus1", "blueprint": "e7b9e76870927424eb9de56611206867", "isStackable": false, "cost": 1180, "weight": 0, "isNotable": false, "dc": 11},
		{"className": "BlueprintItemShield", "name": "TowerShieldItemPlus2", "blueprint": "294e15227b2c1d245ab1ff99922f339f", "isStackable": false, "cost": 4180, "weight": 0, "isNotable": false, "dc": 11},
		{"className": "BlueprintItemShield", "name": "TowerShieldItemPlus3", "blueprint": "4c7ca318e6754f542a7f9a685f375f4b", "isStackable": false, "cost": 9180, "weight": 0, "isNotable": false, "dc": 11},
		{"className": "BlueprintItemShield", "name": "TowerShieldItemPlus4", "blueprint": "b0a27282bc64ca045b0607de36c4d426", "isStackable": false, "cost": 16180, "weight": 0, "isNotable": false, "dc": 11},
		{"className": "BlueprintItemShield", "name": "TowerShieldItemPlus5", "blueprint": "a03cb1b8370305247bf94cd193e9bc82", "isStackable": false, "cost": 25180, "weight": 0, "isNotable": false, "dc": 11},
		{"className": "BlueprintItemShield", "name": "UnbreakableBastionShieldItem", "blueprint": "aadfa4f5a1ecbac4eae9daa65bde7138", "isStackable": false, "cost": 110800, "weight": 0, "isNotable": false, "dc": 0},
		{"className": "BlueprintItemShield", "name": "VenomousLimbShieldItem", "blueprint": "5f7e85634b80177428370151feb2116b", "isStackable": false, "cost": 23300, "weight": 0, "isNotable": false, "dc": 11},
		{"className": "BlueprintItemShield", "name": "WallsOfTheSanctuaryShieldItem", "blueprint": "26440b63b13c71344a91559da15acf59", "isStackable": false, "cost": 143000, "weight": 0, "isNotable": false, "dc": 11},
		{"className": "BlueprintItemShield", "name": "WildGuardianShieldItem", "blueprint": "05d8f2e20b09a3d43871d76424c195c6", "isStackable": false, "cost": 48600, "weight": 0, "isNotable": false, "dc": 15},
		{"className": "BlueprintItemShield", "name": "WyrmwallShieldItem", "blueprint": "a3c44b8d08b634d479fd1ff01ab5fc08", "isStackable": false, "cost": 157000, "weight": 0, "isNotable": false, "dc": 11}
  ]
}