﻿{
  "Ring": [
		{"className": "BlueprintItemEquipmentRing", "name": "AcerbicRingItem", "blueprint": "1f34a6b309907a44681c689709976bff", "isStackable": false, "cost": 3240, "weight": 0.05, "isNotable": false, "dc": 11},
		{"className": "BlueprintItemEquipmentRing", "name": "AmethystEncrustedRing", "blueprint": "3cfeae23012c8b9488b5b36d51ee4a8d", "isStackable": true, "cost": 32, "weight": 0.05, "isNotable": false, "dc": 11},
		{"className": "BlueprintItemEquipmentRing", "name": "ArcaneSignet", "blueprint": "7829052aa5f0b57409dbef0fbc413682", "isStackable": false, "cost": 1500, "weight": 0.05, "isNotable": false, "dc": 0},
		{"className": "BlueprintItemEquipmentRing", "name": "Artifact_BraveryRingItem", "blueprint": "06b345774d4a34541b5c91033b3220fb", "isStackable": false, "cost": 15000, "weight": 0.05, "isNotable": true, "dc": 11},
		{"className": "BlueprintItemEquipmentRing", "name": "BeastKingItem", "blueprint": "382d36b339d911248bf4da59c258f5dc", "isStackable": false, "cost": 6000, "weight": 0.05, "isNotable": false, "dc": 11},
		{"className": "BlueprintItemEquipmentRing", "name": "BlessedSignet", "blueprint": "4421a45952e4f2a40a11c1f409fe2e13", "isStackable": false, "cost": 1500, "weight": 0.05, "isNotable": false, "dc": 0},
		{"className": "BlueprintItemEquipmentRing", "name": "ChameleonRingItem", "blueprint": "072ddfdddd30f3c428e18cb70b566493", "isStackable": false, "cost": 27000, "weight": 0.05, "isNotable": false, "dc": 0},
		{"className": "BlueprintItemEquipmentRing", "name": "CopperRing", "blueprint": "caeb348840e1fd240a70971db14da63b", "isStackable": false, "cost": 10, "weight": 0.05, "isNotable": false, "dc": 11},
		{"className": "BlueprintItemEquipmentRing", "name": "FireflyRingItem", "blueprint": "bf9ede076df62094fbcafac6900681ea", "isStackable": false, "cost": 330000, "weight": 0.05, "isNotable": false, "dc": 0},
		{"className": "BlueprintItemEquipmentRing", "name": "GarnetEncrustedRing", "blueprint": "489a7b81151c40541b8de88b0eaa6a77", "isStackable": true, "cost": 200, "weight": 0.05, "isNotable": false, "dc": 11},
		{"className": "BlueprintItemEquipmentRing", "name": "GnomeFemaleJewelcrafterMasterpieceItem", "blueprint": "13a5439d1ea7938449d2c2518d5f4b97", "isStackable": false, "cost": 3240, "weight": 0.05, "isNotable": false, "dc": 11},
		{"className": "BlueprintItemEquipmentRing", "name": "GoldenSignet", "blueprint": "45a5397ab34f60247906064949b710fc", "isStackable": true, "cost": 280, "weight": 0.05, "isNotable": false, "dc": 11},
		{"className": "BlueprintItemEquipmentRing", "name": "GoldRing", "blueprint": "ba4276197d204314d9b4a69a4366b2a3", "isStackable": false, "cost": 100, "weight": 0.05, "isNotable": false, "dc": 11},
		{"className": "BlueprintItemEquipmentRing", "name": "JaethalQ3_ringReward", "blueprint": "ec4247c5f7731524b81191815c2a8d75", "isStackable": false, "cost": 30000, "weight": 0, "isNotable": false, "dc": 11},
		{"className": "BlueprintItemEquipmentRing", "name": "LinziRing", "blueprint": "dea2c61ad3503864db6189db96ddef65", "isStackable": false, "cost": 1500, "weight": 0.05, "isNotable": false, "dc": 11},
		{"className": "BlueprintItemEquipmentRing", "name": "ParagonOfWinterRing", "blueprint": "60b987c6fc96c264c8b0521036b5e975", "isStackable": false, "cost": 30000, "weight": 0.05, "isNotable": false, "dc": 11},
		{"className": "BlueprintItemEquipmentRing", "name": "RingMasterpieceItem", "blueprint": "459cff3f67aea3846a228e0119f5e522", "isStackable": false, "cost": 410000, "weight": 0.05, "isNotable": false, "dc": 11},
		{"className": "BlueprintItemEquipmentRing", "name": "RingOfAcidImmunityItem", "blueprint": "97e6c9904cb2b8a40942068019f88be3", "isStackable": false, "cost": 40000, "weight": 0.05, "isNotable": false, "dc": 11},
		{"className": "BlueprintItemEquipmentRing", "name": "RingofAdditionalRage", "blueprint": "1bcd56737f1ca8d44a278839e4e32c02", "isStackable": false, "cost": 12400, "weight": 0.05, "isNotable": false, "dc": 11},
		{"className": "BlueprintItemEquipmentRing", "name": "RingOfBalanceGreaterItem", "blueprint": "5bd6fafea3ee43c42abb7bec222afa11", "isStackable": false, "cost": 123500, "weight": 0.05, "isNotable": false, "dc": 11},
		{"className": "BlueprintItemEquipmentRing", "name": "RingOfBalanceLesserItem", "blueprint": "db042ab0c7b93dc4c945c9a134b12d98", "isStackable": false, "cost": 32300, "weight": 0.05, "isNotable": false, "dc": 11},
		{"className": "BlueprintItemEquipmentRing", "name": "RingOfBigBoom", "blueprint": "a4aa862b9e7771d4fae3402aa905ae3b", "isStackable": false, "cost": 237600, "weight": 0.05, "isNotable": false, "dc": 16},
		{"className": "BlueprintItemEquipmentRing", "name": "RingOfBlurItem", "blueprint": "9811125a437824c41a1b106653de7eda", "isStackable": false, "cost": 47000, "weight": 0.05, "isNotable": false, "dc": 11},
		{"className": "BlueprintItemEquipmentRing", "name": "RingOfChaosItem", "blueprint": "97143f0ec43f505409929934811144c3", "isStackable": false, "cost": 47500, "weight": 0.05, "isNotable": false, "dc": 11},
		{"className": "BlueprintItemEquipmentRing", "name": "RingOfCircumstancesItem", "blueprint": "dde6fa4881bed584aa5647cb0d16dd45", "isStackable": false, "cost": 370000, "weight": 0.05, "isNotable": false, "dc": 11},
		{"className": "BlueprintItemEquipmentRing", "name": "RingofConstitution", "blueprint": "6c7f785bab7bd1243a43e365dc2089bd", "isStackable": false, "cost": 17800, "weight": 0.05, "isNotable": false, "dc": 0},
		{"className": "BlueprintItemEquipmentRing", "name": "RingOfEnergySourceItem", "blueprint": "9525bbdd4aeb7db4ab7fe2a7b8f20902", "isStackable": false, "cost": 7000, "weight": 0.05, "isNotable": false, "dc": 11},
		{"className": "BlueprintItemEquipmentRing", "name": "RingOfEnhancedSummonsItem", "blueprint": "c4e6665dbb126624991d78072ff919aa", "isStackable": false, "cost": 33000, "weight": 0.05, "isNotable": false, "dc": 11},
		{"className": "BlueprintItemEquipmentRing", "name": "RingOfEternalSkyItem", "blueprint": "71d0a43206dc9b449b6721c09b160332", "isStackable": false, "cost": 77600, "weight": 0.05, "isNotable": false, "dc": 17},
		{"className": "BlueprintItemEquipmentRing", "name": "RingOfEvasionItem", "blueprint": "ae3638b2f8016f84d87122ae60d26937", "isStackable": false, "cost": 25000, "weight": 0.05, "isNotable": false, "dc": 11},
		{"className": "BlueprintItemEquipmentRing", "name": "RingofForceShield", "blueprint": "1fdfcfdaeee3ca441adc14f204fca521", "isStackable": false, "cost": 18500, "weight": 0.05, "isNotable": false, "dc": 11},
		{"className": "BlueprintItemEquipmentRing", "name": "RingOfHonorOfDeathItem", "blueprint": "0afdc38b32896db4897b832b4b5242b8", "isStackable": false, "cost": 121500, "weight": 0.05, "isNotable": false, "dc": 18},
		{"className": "BlueprintItemEquipmentRing", "name": "RingOfHumbleMasterItem", "blueprint": "c29d9ca30384c5e47a2a0392fe750878", "isStackable": false, "cost": 170000, "weight": 0.05, "isNotable": false, "dc": 19},
		{"className": "BlueprintItemEquipmentRing", "name": "RingOfHuntersLuckItem", "blueprint": "fde80a3b342957f4b88b90fe8b8c261a", "isStackable": false, "cost": 4000, "weight": 0.05, "isNotable": false, "dc": 11},
		{"className": "BlueprintItemEquipmentRing", "name": "RingOfLawItem", "blueprint": "5004d122ca41d2b4897d9c2c5ec08439", "isStackable": false, "cost": 51200, "weight": 0.05, "isNotable": false, "dc": 11},
		{"className": "BlueprintItemEquipmentRing", "name": "RingOfLuck1", "blueprint": "ec4c8aa06b5f46e4f961c5bc3526da04", "isStackable": false, "cost": 6500, "weight": 0.05, "isNotable": false, "dc": 11},
		{"className": "BlueprintItemEquipmentRing", "name": "RingofMagicDevices", "blueprint": "66ab84747fa8c5f43851b4bd02ed3f85", "isStackable": false, "cost": 16000, "weight": 0.05, "isNotable": false, "dc": 0},
		{"className": "BlueprintItemEquipmentRing", "name": "RingOfPowerStoneItem", "blueprint": "e270a14888c38dd44a6818ce2599ebbf", "isStackable": false, "cost": 48200, "weight": 0.05, "isNotable": false, "dc": 0},
		{"className": "BlueprintItemEquipmentRing", "name": "RingOfProtection1", "blueprint": "f333bf86cd122974792162cbcd27c9ed", "isStackable": false, "cost": 2000, "weight": 0.05, "isNotable": false, "dc": 11},
		{"className": "BlueprintItemEquipmentRing", "name": "RingOfProtection1_Prologue", "blueprint": "80bb1c22e06b57c4ba9557e0ed2996c0", "isStackable": false, "cost": 100, "weight": 0.05, "isNotable": true, "dc": 11},
		{"className": "BlueprintItemEquipmentRing", "name": "RingOfProtection2", "blueprint": "254755ca73eb52a4d8ab1a663106659b", "isStackable": false, "cost": 8000, "weight": 0.05, "isNotable": false, "dc": 11},
		{"className": "BlueprintItemEquipmentRing", "name": "RingOfProtection3", "blueprint": "31315100c28e6a2418396fb152466fcd", "isStackable": false, "cost": 18000, "weight": 0.05, "isNotable": false, "dc": 11},
		{"className": "BlueprintItemEquipmentRing", "name": "RingOfProtection4", "blueprint": "1c8d2d0358c664447bc9bff52220f027", "isStackable": false, "cost": 32000, "weight": 0.05, "isNotable": false, "dc": 11},
		{"className": "BlueprintItemEquipmentRing", "name": "RingOfProtection5", "blueprint": "2d576daea5f62ae489028bce40469285", "isStackable": false, "cost": 50000, "weight": 0.05, "isNotable": false, "dc": 11},
		{"className": "BlueprintItemEquipmentRing", "name": "RingOfSecurityItem", "blueprint": "70dadcb5b5184e746a7ee1b8e43b8b63", "isStackable": false, "cost": 24000, "weight": 0.05, "isNotable": false, "dc": 11},
		{"className": "BlueprintItemEquipmentRing", "name": "RingofSickeningEntanglement", "blueprint": "a71872b5b18d31c42b8bfc19c9a16d5f", "isStackable": false, "cost": 19500, "weight": 0.05, "isNotable": false, "dc": 11},
		{"className": "BlueprintItemEquipmentRing", "name": "RingOfSourceOfInvisibilityItem", "blueprint": "10260ec4544af3846baa124f04617b3f", "isStackable": false, "cost": 100000, "weight": 0.05, "isNotable": false, "dc": 16},
		{"className": "BlueprintItemEquipmentRing", "name": "RingOfTwinArrows", "blueprint": "83c2ff8758c18db4a93d3255d72dad16", "isStackable": false, "cost": 3240, "weight": 0.05, "isNotable": false, "dc": 0},
		{"className": "BlueprintItemEquipmentRing", "name": "RingOfUltimateProtectionGreaterItem", "blueprint": "290d4c8bda1002845b2089bfcab1e88d", "isStackable": false, "cost": 123000, "weight": 0.05, "isNotable": false, "dc": 11},
		{"className": "BlueprintItemEquipmentRing", "name": "RingOfUltimateProtectionLesserItem", "blueprint": "8bbc59e0c2e891346a2f1006cea2e810", "isStackable": false, "cost": 78000, "weight": 0.05, "isNotable": false, "dc": 11},
		{"className": "BlueprintItemEquipmentRing", "name": "RubyEncrustedRing", "blueprint": "2e8868ceffb4d7f4baa53cd21c62416c", "isStackable": true, "cost": 1600, "weight": 0.05, "isNotable": false, "dc": 11},
		{"className": "BlueprintItemEquipmentRing", "name": "SapphireRing", "blueprint": "80e3fe7c341165548abfecd22b1f6069", "isStackable": true, "cost": 800, "weight": 0.05, "isNotable": false, "dc": 11},
		{"className": "BlueprintItemEquipmentRing", "name": "ScytheTreeRing", "blueprint": "6fb3f5040a541a4499a0e4f42b81541d", "isStackable": false, "cost": 10, "weight": 0.05, "isNotable": true, "dc": 11},
		{"className": "BlueprintItemEquipmentRing", "name": "SealedRingItem", "blueprint": "4a7525548113cbc4c9e0721e2a51cae4", "isStackable": false, "cost": 237600, "weight": 0.05, "isNotable": false, "dc": 19},
		{"className": "BlueprintItemEquipmentRing", "name": "SilverRing", "blueprint": "212a1a78c7865154482ffda45796510e", "isStackable": false, "cost": 40, "weight": 0.05, "isNotable": false, "dc": 11},
		{"className": "BlueprintItemEquipmentRing", "name": "TopazEncrustedRing", "blueprint": "94694f0cad94e0c4a8ff41a46c72d536", "isStackable": true, "cost": 48, "weight": 0.05, "isNotable": false, "dc": 11},
		{"className": "BlueprintItemEquipmentRing", "name": "TristianRing", "blueprint": "daad77fb90218914eaa68c24068c946c", "isStackable": false, "cost": 50400, "weight": 0.05, "isNotable": false, "dc": 0}
  ]
}