﻿{
  "Armor": [
		{"className": "BlueprintItemArmor", "name": "AdamantineBanded", "blueprint": "ed04d2a914a93e046aadee8cc3109f65", "isStackable": false, "cost": 7000, "weight": 0, "isNotable": false, "dc": 11},
		{"className": "BlueprintItemArmor", "name": "AdamantineBandedPlus1", "blueprint": "de21042fc1a39864dbcec28763ad2f45", "isStackable": false, "cost": 18000, "weight": 0, "isNotable": false, "dc": 11},
		{"className": "BlueprintItemArmor", "name": "AdamantineBandedPlus2", "blueprint": "1cee090860de51b40bc1170b4e87ad22", "isStackable": false, "cost": 22000, "weight": 0, "isNotable": false, "dc": 11},
		{"className": "BlueprintItemArmor", "name": "AdamantineBandedPlus3", "blueprint": "07830c760d8028e47986d929e0e48cbc", "isStackable": false, "cost": 30000, "weight": 0, "isNotable": false, "dc": 11},
		{"className": "BlueprintItemArmor", "name": "AdamantineBandedPlus4", "blueprint": "b3e6341e19b2e274695b54ebf0c0ed3a", "isStackable": false, "cost": 50000, "weight": 0, "isNotable": false, "dc": 11},
		{"className": "BlueprintItemArmor", "name": "AdamantineBandedPlus5", "blueprint": "a28443ab2393b624186bd249df43bb62", "isStackable": false, "cost": 80000, "weight": 0, "isNotable": false, "dc": 11},
		{"className": "BlueprintItemArmor", "name": "AdamantineBreastplate", "blueprint": "94386ea872981864b99a383ba133f0aa", "isStackable": false, "cost": 7000, "weight": 0, "isNotable": false, "dc": 11},
		{"className": "BlueprintItemArmor", "name": "AdamantineBreastplatePlus1", "blueprint": "d884f3cdce5ce064d81f11a729ea9890", "isStackable": false, "cost": 18000, "weight": 0, "isNotable": false, "dc": 11},
		{"className": "BlueprintItemArmor", "name": "AdamantineBreastplatePlus2", "blueprint": "5326c95949313484c80af1fae2673acc", "isStackable": false, "cost": 22000, "weight": 0, "isNotable": false, "dc": 11},
		{"className": "BlueprintItemArmor", "name": "AdamantineBreastplatePlus3", "blueprint": "8b4085ffcf2c1984fa7500f9da06214a", "isStackable": false, "cost": 30000, "weight": 0, "isNotable": false, "dc": 11},
		{"className": "BlueprintItemArmor", "name": "AdamantineBreastplatePlus4", "blueprint": "8865a1ccef15029439e041f020493d52", "isStackable": false, "cost": 50000, "weight": 0, "isNotable": false, "dc": 11},
		{"className": "BlueprintItemArmor", "name": "AdamantineBreastplatePlus5", "blueprint": "bafb44ecda0ac85468856cec6510810b", "isStackable": false, "cost": 80000, "weight": 0, "isNotable": false, "dc": 11},
		{"className": "BlueprintItemArmor", "name": "AdamantineChainmail", "blueprint": "cdffad69c7081b24eae8e2bb8ee70394", "isStackable": false, "cost": 7000, "weight": 0, "isNotable": false, "dc": 11},
		{"className": "BlueprintItemArmor", "name": "AdamantineChainmailPlus1", "blueprint": "12f0f9a858ab4c74c931fcd0cffaf264", "isStackable": false, "cost": 18000, "weight": 0, "isNotable": false, "dc": 11},
		{"className": "BlueprintItemArmor", "name": "AdamantineChainmailPlus2", "blueprint": "5a61b70b4d413c64e882353d61edd31c", "isStackable": false, "cost": 22000, "weight": 0, "isNotable": false, "dc": 11},
		{"className": "BlueprintItemArmor", "name": "AdamantineChainmailPlus3", "blueprint": "6495fe239fe8cdd4b9ff01c3c09e4756", "isStackable": false, "cost": 30000, "weight": 0, "isNotable": false, "dc": 11},
		{"className": "BlueprintItemArmor", "name": "AdamantineChainmailPlus4", "blueprint": "00f40bc591e6a39498614f793a2e1503", "isStackable": false, "cost": 50000, "weight": 0, "isNotable": false, "dc": 11},
		{"className": "BlueprintItemArmor", "name": "AdamantineChainmailPlus5", "blueprint": "c031c8a4c74020e41b6610be97d50797", "isStackable": false, "cost": 80000, "weight": 0, "isNotable": false, "dc": 11},
		{"className": "BlueprintItemArmor", "name": "AdamantineChainshirt", "blueprint": "9dc76ea1dfc5d7d4b907288e2a6485c0", "isStackable": false, "cost": 7000, "weight": 0, "isNotable": false, "dc": 11},
		{"className": "BlueprintItemArmor", "name": "AdamantineChainshirtPlus1", "blueprint": "31e5cfe1c81fba44291f0d78fc89b7a7", "isStackable": false, "cost": 18000, "weight": 0, "isNotable": false, "dc": 11},
		{"className": "BlueprintItemArmor", "name": "AdamantineChainshirtPlus2", "blueprint": "33bd5baef9240cb40afdaba9d71a2daa", "isStackable": false, "cost": 22000, "weight": 0, "isNotable": false, "dc": 11},
		{"className": "BlueprintItemArmor", "name": "AdamantineChainshirtPlus3", "blueprint": "2aa4f59d22182db4883e592596bf160f", "isStackable": false, "cost": 30000, "weight": 0, "isNotable": false, "dc": 11},
		{"className": "BlueprintItemArmor", "name": "AdamantineChainshirtPlus4", "blueprint": "b4ecbf5393473e949a7b01ab52a17cdf", "isStackable": false, "cost": 50000, "weight": 0, "isNotable": false, "dc": 11},
		{"className": "BlueprintItemArmor", "name": "AdamantineChainshirtPlus5", "blueprint": "3b5b1f3da5704f34eb33e84557e9319f", "isStackable": false, "cost": 80000, "weight": 0, "isNotable": false, "dc": 11},
		{"className": "BlueprintItemArmor", "name": "AdamantineFullplateStandart", "blueprint": "4a72801171b0cca44b1989b4622b5820", "isStackable": false, "cost": 7000, "weight": 0, "isNotable": false, "dc": 11},
		{"className": "BlueprintItemArmor", "name": "AdamantineFullplateStandartPlus1", "blueprint": "6287c31b1ab7049469030c247868e7a2", "isStackable": false, "cost": 18000, "weight": 0, "isNotable": false, "dc": 11},
		{"className": "BlueprintItemArmor", "name": "AdamantineFullplateStandartPlus2", "blueprint": "b067c338ede1bfc45be97d2d9ab934e8", "isStackable": false, "cost": 22000, "weight": 0, "isNotable": false, "dc": 11},
		{"className": "BlueprintItemArmor", "name": "AdamantineFullplateStandartPlus3", "blueprint": "9404338472b5b8b4c9013cb8dcf74b7e", "isStackable": false, "cost": 30000, "weight": 0, "isNotable": false, "dc": 11},
		{"className": "BlueprintItemArmor", "name": "AdamantineFullplateStandartPlus4", "blueprint": "615de12de63abcb42a606686354459cc", "isStackable": false, "cost": 50000, "weight": 0, "isNotable": false, "dc": 11},
		{"className": "BlueprintItemArmor", "name": "AdamantineFullplateStandartPlus5", "blueprint": "000213dc917b821498a0d5f80138d3a9", "isStackable": false, "cost": 80000, "weight": 0, "isNotable": false, "dc": 11},
		{"className": "BlueprintItemArmor", "name": "AdamantineHalfplate", "blueprint": "76eaf90831b52634582f488ef41c63e4", "isStackable": false, "cost": 7000, "weight": 0, "isNotable": false, "dc": 11},
		{"className": "BlueprintItemArmor", "name": "AdamantineHalfplatePlus1", "blueprint": "b94131f88a4f9934fae216f27ccc7aad", "isStackable": false, "cost": 18000, "weight": 0, "isNotable": false, "dc": 11},
		{"className": "BlueprintItemArmor", "name": "AdamantineHalfplatePlus2", "blueprint": "f77ba5fbf2f3f554ca459ddace21db31", "isStackable": false, "cost": 22000, "weight": 0, "isNotable": false, "dc": 11},
		{"className": "BlueprintItemArmor", "name": "AdamantineHalfplatePlus3", "blueprint": "0ba22b150266b604cb6b98443e09bfc0", "isStackable": false, "cost": 30000, "weight": 0, "isNotable": false, "dc": 11},
		{"className": "BlueprintItemArmor", "name": "AdamantineHalfplatePlus4", "blueprint": "c496ac4c996ab254baeee37ee3a7414c", "isStackable": false, "cost": 50000, "weight": 0, "isNotable": false, "dc": 11},
		{"className": "BlueprintItemArmor", "name": "AdamantineHalfplatePlus5", "blueprint": "cc64816a11d79e247a2f93cb4d975267", "isStackable": false, "cost": 80000, "weight": 0, "isNotable": false, "dc": 11},
		{"className": "BlueprintItemArmor", "name": "AdamantineHide", "blueprint": "bea0adc2ebc043c4cbcd5f910b0516c2", "isStackable": false, "cost": 7000, "weight": 0, "isNotable": false, "dc": 11},
		{"className": "BlueprintItemArmor", "name": "AdamantineHidePlus1", "blueprint": "c7d722804ea31e14fad47f257ca1f271", "isStackable": false, "cost": 18000, "weight": 0, "isNotable": false, "dc": 11},
		{"className": "BlueprintItemArmor", "name": "AdamantineHidePlus2", "blueprint": "1e27aa1665f0ba34bbb8cfbc534bdf9d", "isStackable": false, "cost": 2000, "weight": 0, "isNotable": false, "dc": 11},
		{"className": "BlueprintItemArmor", "name": "AdamantineHidePlus3", "blueprint": "4a3ae924f673e6e42b4047306f718fdd", "isStackable": false, "cost": 30000, "weight": 0, "isNotable": false, "dc": 11},
		{"className": "BlueprintItemArmor", "name": "AdamantineHidePlus4", "blueprint": "bae8f2593ea154445a4cf5ab85ff65df", "isStackable": false, "cost": 50000, "weight": 0, "isNotable": false, "dc": 11},
		{"className": "BlueprintItemArmor", "name": "AdamantineHidePlus5", "blueprint": "5906be44cc0cee84b9a35f2df2e2868d", "isStackable": false, "cost": 80000, "weight": 0, "isNotable": false, "dc": 11},
		{"className": "BlueprintItemArmor", "name": "AdamantineLeather", "blueprint": "cb390f2ae6df5724c9ec586842169ba4", "isStackable": false, "cost": 7000, "weight": 0, "isNotable": false, "dc": 11},
		{"className": "BlueprintItemArmor", "name": "AdamantineLeatherPlus1", "blueprint": "e1616329aa7c05845b538d0f28bcc7c8", "isStackable": false, "cost": 18000, "weight": 0, "isNotable": false, "dc": 11},
		{"className": "BlueprintItemArmor", "name": "AdamantineLeatherPlus2", "blueprint": "3885106d163f4ea4083887fdaa23aec6", "isStackable": false, "cost": 22000, "weight": 0, "isNotable": false, "dc": 11},
		{"className": "BlueprintItemArmor", "name": "AdamantineLeatherPlus3", "blueprint": "59fc699b1d7aff14f969919c7e6daca1", "isStackable": false, "cost": 30000, "weight": 0, "isNotable": false, "dc": 11},
		{"className": "BlueprintItemArmor", "name": "AdamantineLeatherPlus4", "blueprint": "99f57eda92fdc0d49be16ee2b4634d2d", "isStackable": false, "cost": 50000, "weight": 0, "isNotable": false, "dc": 11},
		{"className": "BlueprintItemArmor", "name": "AdamantineLeatherPlus5", "blueprint": "de03b0e4e279b304c95aee8a5439b7bf", "isStackable": false, "cost": 80000, "weight": 0, "isNotable": false, "dc": 11},
		{"className": "BlueprintItemArmor", "name": "AdamantinePadded", "blueprint": "8e9417ea0c1aa884d9615a11dbd5c2b0", "isStackable": false, "cost": 7000, "weight": 0, "isNotable": false, "dc": 11},
		{"className": "BlueprintItemArmor", "name": "AdamantinePaddedPlus1", "blueprint": "dc75ee756a1d73740b5a1b0be4cc37f6", "isStackable": false, "cost": 18000, "weight": 0, "isNotable": false, "dc": 11},
		{"className": "BlueprintItemArmor", "name": "AdamantinePaddedPlus2", "blueprint": "2f64aed9afb8937499f520ced8f4987e", "isStackable": false, "cost": 22000, "weight": 0, "isNotable": false, "dc": 11},
		{"className": "BlueprintItemArmor", "name": "AdamantinePaddedPlus3", "blueprint": "7ca49db1cde980d489b6aa5112f8319f", "isStackable": false, "cost": 30000, "weight": 0, "isNotable": false, "dc": 11},
		{"className": "BlueprintItemArmor", "name": "AdamantinePaddedPlus4", "blueprint": "9c7327c0221f04a4482f3860a6302a48", "isStackable": false, "cost": 50000, "weight": 0, "isNotable": false, "dc": 11},
		{"className": "BlueprintItemArmor", "name": "AdamantinePaddedPlus5", "blueprint": "a057d77b4f780e6459229cabead9e7be", "isStackable": false, "cost": 80000, "weight": 0, "isNotable": false, "dc": 11},
		{"className": "BlueprintItemArmor", "name": "AdamantineScalemail", "blueprint": "406d54885c5bac643b480ec775bd5cd0", "isStackable": false, "cost": 7000, "weight": 0, "isNotable": false, "dc": 11},
		{"className": "BlueprintItemArmor", "name": "AdamantineScalemailPlus1", "blueprint": "eca09c3357123ce4fa45e1b717df8b5d", "isStackable": false, "cost": 18000, "weight": 0, "isNotable": false, "dc": 11},
		{"className": "BlueprintItemArmor", "name": "AdamantineScalemailPlus2", "blueprint": "d7107904c47d8994987c612fa462bfb1", "isStackable": false, "cost": 22000, "weight": 0, "isNotable": false, "dc": 11},
		{"className": "BlueprintItemArmor", "name": "AdamantineScalemailPlus3", "blueprint": "c5646b825ace09744ab2f9927c614efc", "isStackable": false, "cost": 30000, "weight": 0, "isNotable": false, "dc": 11},
		{"className": "BlueprintItemArmor", "name": "AdamantineScalemailPlus4", "blueprint": "fc1b904f361f742419f18634034c1945", "isStackable": false, "cost": 50000, "weight": 0, "isNotable": false, "dc": 11},
		{"className": "BlueprintItemArmor", "name": "AdamantineScalemailPlus5", "blueprint": "749edb2a6e483be4d971d2698ddc5e78", "isStackable": false, "cost": 80000, "weight": 0, "isNotable": false, "dc": 11},
		{"className": "BlueprintItemArmor", "name": "AdamantineStudded", "blueprint": "ff4117b74c2f3d34f90a306f6fbcdf08", "isStackable": false, "cost": 7000, "weight": 0, "isNotable": false, "dc": 11},
		{"className": "BlueprintItemArmor", "name": "AdamantineStuddedPlus1", "blueprint": "3fab8986c64d16c4d811eefa972572cc", "isStackable": false, "cost": 18000, "weight": 0, "isNotable": false, "dc": 11},
		{"className": "BlueprintItemArmor", "name": "AdamantineStuddedPlus2", "blueprint": "d629b83aaba78c247a37423bb2da6fcf", "isStackable": false, "cost": 22000, "weight": 0, "isNotable": false, "dc": 11},
		{"className": "BlueprintItemArmor", "name": "AdamantineStuddedPlus3", "blueprint": "0aea4beb2c17f8a4caa6779074c5bb74", "isStackable": false, "cost": 30000, "weight": 0, "isNotable": false, "dc": 11},
		{"className": "BlueprintItemArmor", "name": "AdamantineStuddedPlus4", "blueprint": "d8bd56780dae4d946a2890ff6c86207a", "isStackable": false, "cost": 50000, "weight": 0, "isNotable": false, "dc": 11},
		{"className": "BlueprintItemArmor", "name": "AdamantineStuddedPlus5", "blueprint": "2eee42d5f094af649affbdabf0c653b7", "isStackable": false, "cost": 80000, "weight": 0, "isNotable": false, "dc": 11},
		{"className": "BlueprintItemArmor", "name": "AncestralDwarwenShieldArmorItem", "blueprint": "2eafd2a3ce4abc44c93f57a24f47fca5", "isStackable": false, "cost": 20, "weight": 0, "isNotable": false, "dc": 11},
		{"className": "BlueprintItemArmor", "name": "ArbitersRobeItem", "blueprint": "d2eb319bc6b399a48b1b1d0a73238ac4", "isStackable": false, "cost": 32600, "weight": 0, "isNotable": false, "dc": 29},
		{"className": "BlueprintItemArmor", "name": "ArchmagesEnvyRobeItem", "blueprint": "c9a0fe9921ec0034c9f8895c47f51e94", "isStackable": false, "cost": 305000, "weight": 0, "isNotable": false, "dc": 21},
		{"className": "BlueprintItemArmor", "name": "ArmagsBreastplate", "blueprint": "cb2809036dc17fd42a391e5a2a318282", "isStackable": false, "cost": 34000, "weight": 0, "isNotable": false, "dc": 11},
		{"className": "BlueprintItemArmor", "name": "ArmorOfWealthItem", "blueprint": "29bb76101a8331a4f82f350aed25fc7e", "isStackable": false, "cost": 340000, "weight": 0, "isNotable": false, "dc": 11},
		{"className": "BlueprintItemArmor", "name": "ArrowguardArmorItem", "blueprint": "903574a0707827f42bfa1020dbe26a47", "isStackable": false, "cost": 5, "weight": 0, "isNotable": false, "dc": 11},
		{"className": "BlueprintItemArmor", "name": "Artifact_TigerArmorItem", "blueprint": "088ab2857d916d74e991e152d7c72e11", "isStackable": false, "cost": 125000, "weight": 0, "isNotable": false, "dc": 11},
		{"className": "BlueprintItemArmor", "name": "AssassinsChainshirtItem", "blueprint": "fd54ed3702d98a24283a400bd76c6b03", "isStackable": false, "cost": 43000, "weight": 0, "isNotable": false, "dc": 11},
		{"className": "BlueprintItemArmor", "name": "AugmentedPlateItem", "blueprint": "d8ee7209715003b44bbcb02164c6692d", "isStackable": false, "cost": 158300, "weight": 0, "isNotable": false, "dc": 11},
		{"className": "BlueprintItemArmor", "name": "AvinashFullplate", "blueprint": "47722f4aaa7235641bd25ac8d1049859", "isStackable": false, "cost": 17650, "weight": 0, "isNotable": false, "dc": 11},
		{"className": "BlueprintItemArmor", "name": "BandedStandard", "blueprint": "1638fa11f5af1814191cf6c05cdcf2b6", "isStackable": false, "cost": 250, "weight": 0, "isNotable": false, "dc": 11},
		{"className": "BlueprintItemArmor", "name": "BandedStandartPlus1", "blueprint": "b277c8713472c3a4fb0f1e0ea6d6ed47", "isStackable": false, "cost": 1400, "weight": 0, "isNotable": false, "dc": 11},
		{"className": "BlueprintItemArmor", "name": "BandedStandartPlus2", "blueprint": "0c83f2926e8ac15439830be3106a6643", "isStackable": false, "cost": 4400, "weight": 0, "isNotable": false, "dc": 11},
		{"className": "BlueprintItemArmor", "name": "BandedStandartPlus3", "blueprint": "2a38ff515dc63854798edb397eeeb046", "isStackable": false, "cost": 9400, "weight": 0, "isNotable": false, "dc": 11},
		{"className": "BlueprintItemArmor", "name": "BandedStandartPlus4", "blueprint": "b4c6b4912b755ff49afb55357c329cbf", "isStackable": false, "cost": 16400, "weight": 0, "isNotable": false, "dc": 11},
		{"className": "BlueprintItemArmor", "name": "BandedStandartPlus5", "blueprint": "745a0672ffe4364438c532b23389ee06", "isStackable": false, "cost": 25400, "weight": 0, "isNotable": false, "dc": 11},
		{"className": "BlueprintItemArmor", "name": "BashingShieldArmor", "blueprint": "5ba44cd58f731144a9f390c2c099abc6", "isStackable": false, "cost": 6000, "weight": 0, "isNotable": false, "dc": 11},
		{"className": "BlueprintItemArmor", "name": "BlackDragonBreastplateItem", "blueprint": "9c1dd7e5c3dc25e4cb12116950dff129", "isStackable": false, "cost": 43100, "weight": 0, "isNotable": false, "dc": 11},
		{"className": "BlueprintItemArmor", "name": "BladedPlateItem", "blueprint": "b99f5d0d7f30c9e4f9f7afbdf0adc264", "isStackable": false, "cost": 28000, "weight": 0, "isNotable": false, "dc": 11},
		{"className": "BlueprintItemArmor", "name": "BladeguardArmorItem", "blueprint": "97c1594c79537eb41821dfea90e89996", "isStackable": false, "cost": 5, "weight": 0, "isNotable": false, "dc": 11},
		{"className": "BlueprintItemArmor", "name": "BlazingCavalierArmorItem", "blueprint": "a647de09d29dc2d4895164d81fdbdb61", "isStackable": false, "cost": 20, "weight": 0, "isNotable": false, "dc": 11},
		{"className": "BlueprintItemArmor", "name": "BlazingOmenChainmailItem", "blueprint": "7ad716f319c73494ebf917df87bfc084", "isStackable": false, "cost": 48600, "weight": 0, "isNotable": false, "dc": 16},
		{"className": "BlueprintItemArmor", "name": "BlessedWay", "blueprint": "30db78c139acf3b41b6572357f0a7650", "isStackable": false, "cost": 15000, "weight": 0, "isNotable": false, "dc": 11},
		{"className": "BlueprintItemArmor", "name": "BlizzardsHeartLeathArmorItem", "blueprint": "2c4699388c4b9c14dbc7d50bdab30c87", "isStackable": false, "cost": 189000, "weight": 0, "isNotable": false, "dc": 18},
		{"className": "BlueprintItemArmor", "name": "BonemailItem", "blueprint": "71e8a7c15aeebcf4ea11370f3d35ad58", "isStackable": false, "cost": 57000, "weight": 0, "isNotable": false, "dc": 11},
		{"className": "BlueprintItemArmor", "name": "BreastPlateofConstitution", "blueprint": "64de66aa83fabf44a880da49f94be587", "isStackable": false, "cost": 54360, "weight": 0, "isNotable": false, "dc": 0},
		{"className": "BlueprintItemArmor", "name": "BreastPlateofEnergy", "blueprint": "ed66fdbedee97b1478182cb63143ca85", "isStackable": false, "cost": 27000, "weight": 0, "isNotable": false, "dc": 11},
		{"className": "BlueprintItemArmor", "name": "BreastplateStandard", "blueprint": "9809987cc12d94545a64ff20e6fdb216", "isStackable": false, "cost": 200, "weight": 0, "isNotable": false, "dc": 11},
		{"className": "BlueprintItemArmor", "name": "BreastplateStandartPlus1", "blueprint": "5041415db3e6c394a8b2173c39fd4ec4", "isStackable": false, "cost": 1350, "weight": 0, "isNotable": false, "dc": 11},
		{"className": "BlueprintItemArmor", "name": "BreastplateStandartPlus2", "blueprint": "c77060ede0a983f4a8c7c47032ecf1ea", "isStackable": false, "cost": 4350, "weight": 0, "isNotable": false, "dc": 11},
		{"className": "BlueprintItemArmor", "name": "BreastplateStandartPlus3", "blueprint": "a7a2500acce8faf46b6ecb79ec05691e", "isStackable": false, "cost": 9350, "weight": 0, "isNotable": false, "dc": 11},
		{"className": "BlueprintItemArmor", "name": "BreastplateStandartPlus4", "blueprint": "a2e198d62e0285a4abe5085b3c8bdf46", "isStackable": false, "cost": 16350, "weight": 0, "isNotable": false, "dc": 11},
		{"className": "BlueprintItemArmor", "name": "BreastplateStandartPlus5", "blueprint": "1e69b7eace2ff9c4fa3182089635771c", "isStackable": false, "cost": 25350, "weight": 0, "isNotable": false, "dc": 11},
		{"className": "BlueprintItemArmor", "name": "BucklerArmorItem", "blueprint": "cc094148611ee2040952b007940d7d18", "isStackable": false, "cost": 5, "weight": 0, "isNotable": false, "dc": 11},
		{"className": "BlueprintItemArmor", "name": "BucklerArmorItemPlus1", "blueprint": "e5c789f0b9bc97747af93d3700ee0f2c", "isStackable": false, "cost": 1155, "weight": 0, "isNotable": false, "dc": 11},
		{"className": "BlueprintItemArmor", "name": "BucklerArmorItemPlus2", "blueprint": "d1783cb5c72b4714889b2c3e99d7e3dd", "isStackable": false, "cost": 4155, "weight": 0, "isNotable": false, "dc": 11},
		{"className": "BlueprintItemArmor", "name": "BucklerArmorItemPlus3", "blueprint": "f80c3a84ed2e50042b384166f40430dd", "isStackable": false, "cost": 9155, "weight": 0, "isNotable": false, "dc": 11},
		{"className": "BlueprintItemArmor", "name": "BucklerArmorItemPlus4", "blueprint": "b54abc4775702334588af4545da367d0", "isStackable": false, "cost": 16155, "weight": 0, "isNotable": false, "dc": 11},
		{"className": "BlueprintItemArmor", "name": "BucklerArmorItemPlus5", "blueprint": "e74715338d8af5340a68354ffad812d6", "isStackable": false, "cost": 25155, "weight": 0, "isNotable": false, "dc": 11},
		{"className": "BlueprintItemArmor", "name": "BurnedProtectorLeathArmorItem", "blueprint": "c135396b3bf22a14e99ac2c4c8860dca", "isStackable": false, "cost": 61000, "weight": 0, "isNotable": false, "dc": 14},
		{"className": "BlueprintItemArmor", "name": "CelestialArmorItem", "blueprint": "e9d7a6a56346fd942853490c89ece7d1", "isStackable": false, "cost": 22400, "weight": 0, "isNotable": false, "dc": 11},
		{"className": "BlueprintItemArmor", "name": "ChainbreakersChainChainmailItem", "blueprint": "c7d12c41a9edf0847b13f3978ac85418", "isStackable": false, "cost": 149000, "weight": 0, "isNotable": false, "dc": 17},
		{"className": "BlueprintItemArmor", "name": "ChainmailStandard", "blueprint": "02e9f83be5d1c5d4e927b5c44ed34840", "isStackable": false, "cost": 150, "weight": 0, "isNotable": false, "dc": 11},
		{"className": "BlueprintItemArmor", "name": "ChainmailStandartPlus1", "blueprint": "dd3834fe3f48182438b59fd99675fd6c", "isStackable": false, "cost": 1300, "weight": 0, "isNotable": false, "dc": 11},
		{"className": "BlueprintItemArmor", "name": "ChainmailStandartPlus2", "blueprint": "be26685bdebb2a94693d2378e0235ef3", "isStackable": false, "cost": 4300, "weight": 0, "isNotable": false, "dc": 11},
		{"className": "BlueprintItemArmor", "name": "ChainmailStandartPlus3", "blueprint": "22c16b38998ebf342acdccba4f55a3b6", "isStackable": false, "cost": 9300, "weight": 0, "isNotable": false, "dc": 11},
		{"className": "BlueprintItemArmor", "name": "ChainmailStandartPlus4", "blueprint": "0eccea9793a6b114ab321c76e95fe7e7", "isStackable": false, "cost": 16300, "weight": 0, "isNotable": false, "dc": 11},
		{"className": "BlueprintItemArmor", "name": "ChainmailStandartPlus5", "blueprint": "4aa679f29b7ee204fba279d29869bf4e", "isStackable": false, "cost": 25300, "weight": 0, "isNotable": false, "dc": 11},
		{"className": "BlueprintItemArmor", "name": "ChainshirtofResists", "blueprint": "b0c4929a4b8658342a61c611ca78afe0", "isStackable": false, "cost": 62000, "weight": 0, "isNotable": false, "dc": 11},
		{"className": "BlueprintItemArmor", "name": "ChainshirtStandard", "blueprint": "c65f6fc979d5556489b20e478189cbdd", "isStackable": false, "cost": 100, "weight": 0, "isNotable": false, "dc": 11},
		{"className": "BlueprintItemArmor", "name": "ChainshirtStandartPlus1", "blueprint": "91bf657f26eb80f4ba05b0b8440b1e8c", "isStackable": false, "cost": 1250, "weight": 0, "isNotable": false, "dc": 11},
		{"className": "BlueprintItemArmor", "name": "ChainshirtStandartPlus2", "blueprint": "d80665c8497437a418b8f39e25daf4e2", "isStackable": false, "cost": 4250, "weight": 0, "isNotable": false, "dc": 11},
		{"className": "BlueprintItemArmor", "name": "ChainshirtStandartPlus3", "blueprint": "19144cbc80e7cb84aa53692a7ddf5ba6", "isStackable": false, "cost": 9250, "weight": 0, "isNotable": false, "dc": 11},
		{"className": "BlueprintItemArmor", "name": "ChainshirtStandartPlus4", "blueprint": "e50f247de0697b041b77ace217d1c795", "isStackable": false, "cost": 16250, "weight": 0, "isNotable": false, "dc": 11},
		{"className": "BlueprintItemArmor", "name": "ChainshirtStandartPlus5", "blueprint": "f0490c8af1fb22e46917359efc7bcf3d", "isStackable": false, "cost": 25250, "weight": 0, "isNotable": false, "dc": 11},
		{"className": "BlueprintItemArmor", "name": "DarkAcolytesRobeItem", "blueprint": "af4a17dffcc97914fb29199eb3cbe923", "isStackable": false, "cost": 44000, "weight": 0, "isNotable": false, "dc": 29},
		{"className": "BlueprintItemArmor", "name": "DarkMastersRobeItem", "blueprint": "987c0cf4f89acd64eb984e29a383d630", "isStackable": false, "cost": 130000, "weight": 0, "isNotable": false, "dc": 29},
		{"className": "BlueprintItemArmor", "name": "DeathCrushersFullPlateItem", "blueprint": "1d9782b28b47cb64ea5e90e093db087b", "isStackable": false, "cost": 151200, "weight": 0, "isNotable": false, "dc": 0},
		{"className": "BlueprintItemArmor", "name": "DefendersBulwarkArmorItem", "blueprint": "8a85716ad8bfff34c94f46bc4ebf5e07", "isStackable": false, "cost": 0, "weight": 0, "isNotable": false, "dc": 11},
		{"className": "BlueprintItemArmor", "name": "DragonscalePlate", "blueprint": "d0808425cbe661140a636de0ca1a1535", "isStackable": false, "cost": 13600, "weight": 0, "isNotable": false, "dc": 11},
		{"className": "BlueprintItemArmor", "name": "DrapingVeilOfProwessRobeItem", "blueprint": "bad754cddbddc3741822051eabb8e611", "isStackable": false, "cost": 60000, "weight": 0, "isNotable": false, "dc": 0},
		{"className": "BlueprintItemArmor", "name": "DwarvenMaleArmorsmithMasterpieceItem", "blueprint": "ce2787ec3432ada48a610ef5a872c903", "isStackable": false, "cost": 1500, "weight": 0, "isNotable": false, "dc": 11},
		{"className": "BlueprintItemArmor", "name": "EkunQ2_rewardArmor", "blueprint": "c5d4962385e0e9c439ab935d83361947", "isStackable": false, "cost": 84000, "weight": 0, "isNotable": false, "dc": 0},
		{"className": "BlueprintItemArmor", "name": "EnforcersRobeItem", "blueprint": "c18a1d22dca8b684195633d685855d0c", "isStackable": false, "cost": 36500, "weight": 0, "isNotable": false, "dc": 29},
		{"className": "BlueprintItemArmor", "name": "FlameguardArmorItem", "blueprint": "ae9d511c5391bf54c8c87faf1277802a", "isStackable": false, "cost": 6000, "weight": 0, "isNotable": false, "dc": 11},
		{"className": "BlueprintItemArmor", "name": "ForewarningArmorItem", "blueprint": "44361f56fb860ca41b3e7e586477ba34", "isStackable": false, "cost": 10, "weight": 0, "isNotable": false, "dc": 11},
		{"className": "BlueprintItemArmor", "name": "FullplateStandard", "blueprint": "559b0b6f194656c428c403a000ceee78", "isStackable": false, "cost": 1500, "weight": 0, "isNotable": false, "dc": 11},
		{"className": "BlueprintItemArmor", "name": "FullplateStandard_Hellknight", "blueprint": "bd1bc5ff80ff7804e97b6cc3defc6814", "isStackable": false, "cost": 1500, "weight": 0, "isNotable": false, "dc": 11},
		{"className": "BlueprintItemArmor", "name": "FullplateStandartPlus1", "blueprint": "ba780a9c1e5b0304892bd2bc0c22fe4d", "isStackable": false, "cost": 2650, "weight": 0, "isNotable": false, "dc": 11},
		{"className": "BlueprintItemArmor", "name": "FullplateStandartPlus1_Hellknight", "blueprint": "d2266151de1381a49a35c637c5b6b48f", "isStackable": false, "cost": 2650, "weight": 0, "isNotable": false, "dc": 11},
		{"className": "BlueprintItemArmor", "name": "FullplateStandartPlus1_PitaxGuard", "blueprint": "5db137db6719b55418cb7dfe75b6a10c", "isStackable": false, "cost": 2650, "weight": 0, "isNotable": false, "dc": 11},
		{"className": "BlueprintItemArmor", "name": "FullplateStandartPlus1Graveknight", "blueprint": "aa85c26ca0bfe664088314c20de511be", "isStackable": false, "cost": 2650, "weight": 0, "isNotable": false, "dc": 11},
		{"className": "BlueprintItemArmor", "name": "FullplateStandartPlus1LivingArmor", "blueprint": "a94883311564a3046a52a1251cf30150", "isStackable": false, "cost": 2650, "weight": 0, "isNotable": false, "dc": 11},
		{"className": "BlueprintItemArmor", "name": "FullplateStandartPlus2", "blueprint": "61787c56c01996f4c82866aca8fb0187", "isStackable": false, "cost": 5650, "weight": 0, "isNotable": false, "dc": 11},
		{"className": "BlueprintItemArmor", "name": "FullplateStandartPlus3", "blueprint": "1e0289b5e2a002d4592c0ac079d828d9", "isStackable": false, "cost": 10650, "weight": 0, "isNotable": false, "dc": 11},
		{"className": "BlueprintItemArmor", "name": "FullplateStandartPlus4", "blueprint": "4e3f583caaf179d4fa6ff9e9573f072f", "isStackable": false, "cost": 17650, "weight": 0, "isNotable": false, "dc": 11},
		{"className": "BlueprintItemArmor", "name": "FullplateStandartPlus4_Hellknight", "blueprint": "1d6c641a4c6e80d4682fe3bcc022c09a", "isStackable": false, "cost": 17650, "weight": 0, "isNotable": false, "dc": 11},
		{"className": "BlueprintItemArmor", "name": "FullplateStandartPlus5", "blueprint": "5f50f22f2aa231d439ca25d61626a305", "isStackable": false, "cost": 26650, "weight": 0, "isNotable": false, "dc": 11},
		{"className": "BlueprintItemArmor", "name": "GamekeepersArmorItem", "blueprint": "3150ab7b73b0f7441b8ad49679e343fe", "isStackable": false, "cost": 127800, "weight": 0, "isNotable": false, "dc": 11},
		{"className": "BlueprintItemArmor", "name": "GentlePersuasion", "blueprint": "5b4f6f18b0664964f83705a163244283", "isStackable": false, "cost": 160000, "weight": 15, "isNotable": false, "dc": 22},
		{"className": "BlueprintItemArmor", "name": "GhostLeatherItem", "blueprint": "70e83bb165be77640bf6b798fdd8b2a9", "isStackable": false, "cost": 61700, "weight": 0, "isNotable": false, "dc": 11},
		{"className": "BlueprintItemArmor", "name": "GiantSnakesSkinLeathArmorItem", "blueprint": "dfe9839fab2afe846b6c8c4acde1b19d", "isStackable": false, "cost": 121200, "weight": 0, "isNotable": false, "dc": 17},
		{"className": "BlueprintItemArmor", "name": "GrenadiersVest", "blueprint": "91973844b871531419c5aa35afa0b4bb", "isStackable": false, "cost": 5000, "weight": 0, "isNotable": false, "dc": 11},
		{"className": "BlueprintItemArmor", "name": "GrimArmorItem", "blueprint": "3e372aee104ebc44f9aea2a108fa9b48", "isStackable": false, "cost": 27800, "weight": 0, "isNotable": false, "dc": 11},
		{"className": "BlueprintItemArmor", "name": "GrimBarrierShieldArmorItem", "blueprint": "0439824aa663c0745b7b86dfd3c85235", "isStackable": false, "cost": 20, "weight": 0, "isNotable": false, "dc": 11},
		{"className": "BlueprintItemArmor", "name": "HalfElfFemaleLeatherworkerMasterpieceItem", "blueprint": "84a07e2c12cc3b2469d57c7a348d4858", "isStackable": false, "cost": 165300, "weight": 0, "isNotable": false, "dc": 14},
		{"className": "BlueprintItemArmor", "name": "HalfElfMaleTailorMasterpieceItem", "blueprint": "0bdafe60be63fa54ebf9c37fbcbe2cfd", "isStackable": false, "cost": 24500, "weight": 0, "isNotable": false, "dc": 17},
		{"className": "BlueprintItemArmor", "name": "HalfplateOfHatred", "blueprint": "f50a1a93cab16d549a690f73ba68ad1d", "isStackable": false, "cost": 2, "weight": 0, "isNotable": false, "dc": 11},
		{"className": "BlueprintItemArmor", "name": "HalfplateStandard", "blueprint": "ed6bbd7ecd050c04690fe11d4c3b3f7d", "isStackable": false, "cost": 600, "weight": 0, "isNotable": false, "dc": 11},
		{"className": "BlueprintItemArmor", "name": "HalfplateStandartPlus1", "blueprint": "65de3fcad4c01ac40bc8567f67901b5b", "isStackable": false, "cost": 1750, "weight": 0, "isNotable": false, "dc": 11},
		{"className": "BlueprintItemArmor", "name": "HalfplateStandartPlus2", "blueprint": "ce0076c7408f10741950cec394767b75", "isStackable": false, "cost": 4750, "weight": 0, "isNotable": false, "dc": 11},
		{"className": "BlueprintItemArmor", "name": "HalfplateStandartPlus3", "blueprint": "76e68c81dd261e64789d5f2bdc77302b", "isStackable": false, "cost": 9750, "weight": 0, "isNotable": false, "dc": 11},
		{"className": "BlueprintItemArmor", "name": "HalfplateStandartPlus4", "blueprint": "70c54b0e4c767d240963ba5f8dc7b436", "isStackable": false, "cost": 16750, "weight": 0, "isNotable": false, "dc": 11},
		{"className": "BlueprintItemArmor", "name": "HalfplateStandartPlus5", "blueprint": "f13e391c55ccf5649864f58ddf4c9084", "isStackable": false, "cost": 25750, "weight": 0, "isNotable": false, "dc": 11},
		{"className": "BlueprintItemArmor", "name": "HeartOfThunderArmorItem", "blueprint": "f61ec85c52b765446b06d2b819381c80", "isStackable": false, "cost": 1, "weight": 0, "isNotable": false, "dc": 17},
		{"className": "BlueprintItemArmor", "name": "HeavenlyVestItem", "blueprint": "53e3c078b543f1b4e9c3b1e7dba7e452", "isStackable": false, "cost": 80000, "weight": 0, "isNotable": false, "dc": 11},
		{"className": "BlueprintItemArmor", "name": "HeavyShieldArmorItem", "blueprint": "7a126271f91b82741aa0086463befd1b", "isStackable": false, "cost": 20, "weight": 0, "isNotable": false, "dc": 11},
		{"className": "BlueprintItemArmor", "name": "HeavyShieldArmorItemPlus1", "blueprint": "7e7f7395ffad3d843a8eb6aaafd47022", "isStackable": false, "cost": 1170, "weight": 0, "isNotable": false, "dc": 11},
		{"className": "BlueprintItemArmor", "name": "HeavyShieldArmorItemPlus2", "blueprint": "258a3ff2de1ddf44c962b060a64ef969", "isStackable": false, "cost": 4170, "weight": 0, "isNotable": false, "dc": 11},
		{"className": "BlueprintItemArmor", "name": "HeavyShieldArmorItemPlus3", "blueprint": "58c05084b6443234e99660f86a781d33", "isStackable": false, "cost": 9170, "weight": 0, "isNotable": false, "dc": 11},
		{"className": "BlueprintItemArmor", "name": "HeavyShieldArmorItemPlus4", "blueprint": "709260b3432e385468f0592db9a1f0cf", "isStackable": false, "cost": 16170, "weight": 0, "isNotable": false, "dc": 11},
		{"className": "BlueprintItemArmor", "name": "HeavyShieldArmorItemPlus5", "blueprint": "ead357f92fdbb634eb8ff511e04c5270", "isStackable": false, "cost": 25170, "weight": 0, "isNotable": false, "dc": 11},
		{"className": "BlueprintItemArmor", "name": "HideArmorofAlertness", "blueprint": "caef4e3a5dace8e49a938cafc0a9b3e6", "isStackable": false, "cost": 27840, "weight": 0, "isNotable": false, "dc": 11},
		{"className": "BlueprintItemArmor", "name": "HideOwlbear", "blueprint": "0c75e3a3025240247bc3388040e82ddd", "isStackable": false, "cost": 4165, "weight": 0, "isNotable": false, "dc": 11},
		{"className": "BlueprintItemArmor", "name": "HideStandard", "blueprint": "385be51e5706a55418384f70d8341371", "isStackable": false, "cost": 15, "weight": 0, "isNotable": false, "dc": 11},
		{"className": "BlueprintItemArmor", "name": "HideStandartPlus1", "blueprint": "45e86ae29df5f4b48a66da15fde62217", "isStackable": false, "cost": 1165, "weight": 0, "isNotable": false, "dc": 11},
		{"className": "BlueprintItemArmor", "name": "HideStandartPlus2", "blueprint": "01117df73f22d5b4294136d2ae8efad4", "isStackable": false, "cost": 4165, "weight": 0, "isNotable": false, "dc": 11},
		{"className": "BlueprintItemArmor", "name": "HideStandartPlus3", "blueprint": "bab0e247915d7e046a0a1b8a6167851e", "isStackable": false, "cost": 13000, "weight": 0, "isNotable": false, "dc": 11},
		{"className": "BlueprintItemArmor", "name": "HideStandartPlus3", "blueprint": "16a0b86f2f0f44646887e2ca9170643b", "isStackable": false, "cost": 9165, "weight": 0, "isNotable": false, "dc": 11},
		{"className": "BlueprintItemArmor", "name": "HideStandartPlus4", "blueprint": "fff10a480788961469261ba04f816803", "isStackable": false, "cost": 16165, "weight": 0, "isNotable": false, "dc": 11},
		{"className": "BlueprintItemArmor", "name": "HideStandartPlus5", "blueprint": "1d79532dae535f74b8cca70c330e20c3", "isStackable": false, "cost": 25165, "weight": 0, "isNotable": false, "dc": 11},
		{"className": "BlueprintItemArmor", "name": "HodagHideItem", "blueprint": "7981ac4c52f4dbe4fabb19884aaacea3", "isStackable": false, "cost": 73900, "weight": 0, "isNotable": false, "dc": 11},
		{"className": "BlueprintItemArmor", "name": "HundredPocktesStuddedPlus2", "blueprint": "307c7c8777acc8940827c4389906662b", "isStackable": false, "cost": 7200, "weight": 0, "isNotable": false, "dc": 11},
		{"className": "BlueprintItemArmor", "name": "IntegrityRobeItem", "blueprint": "779208f1c1c1b6f4b83a327594673b4e", "isStackable": false, "cost": 81400, "weight": 0, "isNotable": false, "dc": 15},
		{"className": "BlueprintItemArmor", "name": "IrovettisBreastplate", "blueprint": "d88d5d845c34b9649b2d83101df40d32", "isStackable": false, "cost": 5000, "weight": 0, "isNotable": false, "dc": 11},
		{"className": "BlueprintItemArmor", "name": "JestersVest", "blueprint": "85010395ccc8a6c489650b2f2768cc11", "isStackable": false, "cost": 4000, "weight": 0, "isNotable": false, "dc": 11},
		{"className": "BlueprintItemArmor", "name": "KingsHeart", "blueprint": "b28af61add4b90f4db51e9ae9280150d", "isStackable": false, "cost": 7500, "weight": 15, "isNotable": false, "dc": 11},
		{"className": "BlueprintItemArmor", "name": "LeatherStandard", "blueprint": "9f76e9a3353e914479c5ddb4b4a82fb4", "isStackable": false, "cost": 10, "weight": 0, "isNotable": false, "dc": 11},
		{"className": "BlueprintItemArmor", "name": "LeatherStandartPlus1", "blueprint": "18c627302593ab142bb8219525e1aed1", "isStackable": false, "cost": 1160, "weight": 0, "isNotable": false, "dc": 11},
		{"className": "BlueprintItemArmor", "name": "LeatherStandartPlus2", "blueprint": "f251cb7bbf176e340893b9e40f9a7c29", "isStackable": false, "cost": 4160, "weight": 0, "isNotable": false, "dc": 11},
		{"className": "BlueprintItemArmor", "name": "LeatherStandartPlus3", "blueprint": "fb4e768611f820b4186a004cbd70ead6", "isStackable": false, "cost": 9160, "weight": 0, "isNotable": false, "dc": 11},
		{"className": "BlueprintItemArmor", "name": "LeatherStandartPlus4", "blueprint": "6870dfd46da933149b1b0e41f5ed6bea", "isStackable": false, "cost": 16160, "weight": 0, "isNotable": false, "dc": 11},
		{"className": "BlueprintItemArmor", "name": "LeatherStandartPlus5", "blueprint": "382eaa7d1669d0f44a2a967c19026e31", "isStackable": false, "cost": 25160, "weight": 0, "isNotable": false, "dc": 11},
		{"className": "BlueprintItemArmor", "name": "LeviathanSkinRobeItem", "blueprint": "10df573e9968ccd48906d56fcdc8bc2a", "isStackable": false, "cost": 23000, "weight": 0, "isNotable": false, "dc": 0},
		{"className": "BlueprintItemArmor", "name": "LightAbsorberChainshirtItem", "blueprint": "aec36d117bf9a1646ac85bc3089c3430", "isStackable": false, "cost": 21650, "weight": 0, "isNotable": false, "dc": 11},
		{"className": "BlueprintItemArmor", "name": "LightShieldArmorItem", "blueprint": "00fd9875aaabba74099c8a2f35532133", "isStackable": false, "cost": 10, "weight": 0, "isNotable": false, "dc": 11},
		{"className": "BlueprintItemArmor", "name": "LightShieldArmorItemPlus1", "blueprint": "10d92dcfc1dba62408825e68e854bfc8", "isStackable": false, "cost": 1160, "weight": 0, "isNotable": false, "dc": 11},
		{"className": "BlueprintItemArmor", "name": "LightShieldArmorItemPlus2", "blueprint": "637970d4fbb4fa7499a8445ac39ef0c5", "isStackable": false, "cost": 4160, "weight": 0, "isNotable": false, "dc": 11},
		{"className": "BlueprintItemArmor", "name": "LightShieldArmorItemPlus3", "blueprint": "cbd7c1370eb4fd8499b4ab960854f589", "isStackable": false, "cost": 9160, "weight": 0, "isNotable": false, "dc": 11},
		{"className": "BlueprintItemArmor", "name": "LightShieldArmorItemPlus4", "blueprint": "7f5be55fc115e694f97ab2fafb2cffdd", "isStackable": false, "cost": 16160, "weight": 0, "isNotable": false, "dc": 11},
		{"className": "BlueprintItemArmor", "name": "LightShieldArmorItemPlus5", "blueprint": "4b022b13f36255b47bda3ba48b757265", "isStackable": false, "cost": 25160, "weight": 0, "isNotable": false, "dc": 11},
		{"className": "BlueprintItemArmor", "name": "LinnormHideItem", "blueprint": "8fa54f5d50b3fd44abb6e5045f6e3fcb", "isStackable": false, "cost": 73900, "weight": 0, "isNotable": false, "dc": 11},
		{"className": "BlueprintItemArmor", "name": "MarkOfTheGuardianArmorItem", "blueprint": "21bcbc018a604214cb10694abb3a5056", "isStackable": false, "cost": 243000, "weight": 0, "isNotable": false, "dc": 0},
		{"className": "BlueprintItemArmor", "name": "MirroredDefenseLeathArmorItem", "blueprint": "65a1b4aaca81626449bc435354b42c80", "isStackable": false, "cost": 81000, "weight": 0, "isNotable": false, "dc": 0},
		{"className": "BlueprintItemArmor", "name": "MithralBanded", "blueprint": "dbc43849ad6cfdf4e94d10f337870d36", "isStackable": false, "cost": 7000, "weight": 0, "isNotable": false, "dc": 11},
		{"className": "BlueprintItemArmor", "name": "MithralBandedPlus1", "blueprint": "5472726519e0a3a429d9b407a839efb0", "isStackable": false, "cost": 30000, "weight": 0, "isNotable": false, "dc": 11},
		{"className": "BlueprintItemArmor", "name": "MithralBandedPlus2", "blueprint": "46bc05ffb08be9d4fa5330bddd0fb2af", "isStackable": false, "cost": 18000, "weight": 0, "isNotable": false, "dc": 11},
		{"className": "BlueprintItemArmor", "name": "MithralBandedPlus3", "blueprint": "4e9afe012ecbfed45ba313ff41e2442e", "isStackable": false, "cost": 50000, "weight": 0, "isNotable": false, "dc": 11},
		{"className": "BlueprintItemArmor", "name": "MithralBandedPlus4", "blueprint": "2c7de24e3a39a0448b10e5619ebb6f90", "isStackable": false, "cost": 22000, "weight": 0, "isNotable": false, "dc": 11},
		{"className": "BlueprintItemArmor", "name": "MithralBandedPlus5", "blueprint": "21c89df065223ed479c3f4a62ca43aa6", "isStackable": false, "cost": 80000, "weight": 0, "isNotable": false, "dc": 11},
		{"className": "BlueprintItemArmor", "name": "MithralBreastplate", "blueprint": "ac740e390d8e3e44ab99e961d660a633", "isStackable": false, "cost": 7000, "weight": 0, "isNotable": false, "dc": 11},
		{"className": "BlueprintItemArmor", "name": "MithralBreastplatePlus1", "blueprint": "9ad5e5e5ef3ea164482217696306c6fd", "isStackable": false, "cost": 18000, "weight": 0, "isNotable": false, "dc": 11},
		{"className": "BlueprintItemArmor", "name": "MithralBreastplatePlus2", "blueprint": "72b5a62a1387ca84d9f0f1fb95dbe4fe", "isStackable": false, "cost": 80000, "weight": 0, "isNotable": false, "dc": 11},
		{"className": "BlueprintItemArmor", "name": "MithralBreastplatePlus3", "blueprint": "ef5ee1c481c0139438a7097868685a88", "isStackable": false, "cost": 50000, "weight": 0, "isNotable": false, "dc": 11},
		{"className": "BlueprintItemArmor", "name": "MithralBreastplatePlus4", "blueprint": "a80c905dd25d5bf4299d8a049129955c", "isStackable": false, "cost": 22000, "weight": 0, "isNotable": false, "dc": 11},
		{"className": "BlueprintItemArmor", "name": "MithralBreastplatePlus5", "blueprint": "48ffabf4311e2114694e240b287e0003", "isStackable": false, "cost": 30000, "weight": 0, "isNotable": false, "dc": 11},
		{"className": "BlueprintItemArmor", "name": "MithralChainmail", "blueprint": "ffb7d852d7763ca4ca65aad049774574", "isStackable": false, "cost": 7000, "weight": 0, "isNotable": false, "dc": 11},
		{"className": "BlueprintItemArmor", "name": "MithralChainmailPlus1", "blueprint": "0bda4138a3c28ef4ab2683cd736f3da9", "isStackable": false, "cost": 80000, "weight": 0, "isNotable": false, "dc": 11},
		{"className": "BlueprintItemArmor", "name": "MithralChainmailPlus2", "blueprint": "cb65f080bae6f084cbe90e8fcbb846e5", "isStackable": false, "cost": 18000, "weight": 0, "isNotable": false, "dc": 11},
		{"className": "BlueprintItemArmor", "name": "MithralChainmailPlus3", "blueprint": "bd03b196d92dfab448bb2e3eb5590b6d", "isStackable": false, "cost": 50000, "weight": 0, "isNotable": false, "dc": 11},
		{"className": "BlueprintItemArmor", "name": "MithralChainmailPlus4", "blueprint": "f89dfe3531443e04c8f72215a410cb39", "isStackable": false, "cost": 22000, "weight": 0, "isNotable": false, "dc": 11},
		{"className": "BlueprintItemArmor", "name": "MithralChainmailPlus5", "blueprint": "c081928034d66ef459856ef687921bb6", "isStackable": false, "cost": 30000, "weight": 0, "isNotable": false, "dc": 11},
		{"className": "BlueprintItemArmor", "name": "MithralChainshirt", "blueprint": "5fb6d5f9241cef241a4c878ff30d6bd4", "isStackable": false, "cost": 6700, "weight": 10, "isNotable": false, "dc": 11},
		{"className": "BlueprintItemArmor", "name": "MithralChainshirtPlus2", "blueprint": "26b1c3857d4d46d4aa1b6afaa33a6f84", "isStackable": false, "cost": 6700, "weight": 10, "isNotable": false, "dc": 11},
		{"className": "BlueprintItemArmor", "name": "MithralChainshirtPlus3", "blueprint": "fb2664f7d8534dc40aeb23392dc58c0c", "isStackable": false, "cost": 6700, "weight": 10, "isNotable": false, "dc": 11},
		{"className": "BlueprintItemArmor", "name": "MithralChainshirtPlus4", "blueprint": "fb9318b4bfeab0943b2837d5b3535767", "isStackable": false, "cost": 6700, "weight": 10, "isNotable": false, "dc": 11},
		{"className": "BlueprintItemArmor", "name": "MithralChainshirtPlus5", "blueprint": "098ef271273098e498d27ba2846b1f1a", "isStackable": false, "cost": 6700, "weight": 10, "isNotable": false, "dc": 11},
		{"className": "BlueprintItemArmor", "name": "MithralFullplate", "blueprint": "bcc51b59576e5a04c8358d6d78ed9e9c", "isStackable": false, "cost": 12000, "weight": 25, "isNotable": false, "dc": 11},
		{"className": "BlueprintItemArmor", "name": "MithralFullPlateOfCrusadeItem", "blueprint": "feb844f3ace1aec4ba4f27e5b7172e4f", "isStackable": false, "cost": 103000, "weight": 0, "isNotable": false, "dc": 0},
		{"className": "BlueprintItemArmor", "name": "MithralFullplateStandartPlus1", "blueprint": "888cd7959836acd4eae33e815e99102c", "isStackable": false, "cost": 12000, "weight": 25, "isNotable": false, "dc": 11},
		{"className": "BlueprintItemArmor", "name": "MithralFullplateStandartPlus2", "blueprint": "529f8973ea1571244a48711135180e12", "isStackable": false, "cost": 12000, "weight": 25, "isNotable": false, "dc": 11},
		{"className": "BlueprintItemArmor", "name": "MithralFullplateStandartPlus3", "blueprint": "6994d73c77e6f6443869884f539f16f2", "isStackable": false, "cost": 12000, "weight": 25, "isNotable": false, "dc": 11},
		{"className": "BlueprintItemArmor", "name": "MithralFullplateStandartPlus4", "blueprint": "555a93d35ee36d54db8d564b4d344068", "isStackable": false, "cost": 12000, "weight": 25, "isNotable": false, "dc": 11},
		{"className": "BlueprintItemArmor", "name": "MithralFullplateStandartPlus5", "blueprint": "483fbad93b3ff0d4fbea1cc20dc38db3", "isStackable": false, "cost": 12000, "weight": 25, "isNotable": false, "dc": 11},
		{"className": "BlueprintItemArmor", "name": "MithralHalfplate", "blueprint": "648d57a5a564f594497d28c596e691d9", "isStackable": false, "cost": 7000, "weight": 0, "isNotable": false, "dc": 11},
		{"className": "BlueprintItemArmor", "name": "MithralHalfplatePlus1", "blueprint": "b9df337baaa370149a05fdd8a9ccf1e7", "isStackable": false, "cost": 18000, "weight": 0, "isNotable": false, "dc": 11},
		{"className": "BlueprintItemArmor", "name": "MithralHalfplatePlus2", "blueprint": "e074abf29aa626d4b97789cdc2688f27", "isStackable": false, "cost": 50000, "weight": 0, "isNotable": false, "dc": 11},
		{"className": "BlueprintItemArmor", "name": "MithralHalfplatePlus3", "blueprint": "6d8a45f907b82434d97cb97644eb4a9a", "isStackable": false, "cost": 30000, "weight": 0, "isNotable": false, "dc": 11},
		{"className": "BlueprintItemArmor", "name": "MithralHalfplatePlus4", "blueprint": "a10f5ccaae8d57546a782f510bdd0caf", "isStackable": false, "cost": 22000, "weight": 0, "isNotable": false, "dc": 11},
		{"className": "BlueprintItemArmor", "name": "MithralHalfplatePlus5", "blueprint": "2cd6732122212e245929f09281b050c9", "isStackable": false, "cost": 80000, "weight": 0, "isNotable": false, "dc": 11},
		{"className": "BlueprintItemArmor", "name": "MithralHide", "blueprint": "61bea6873b9d9dc43868b26274513cc7", "isStackable": false, "cost": 7000, "weight": 0, "isNotable": false, "dc": 11},
		{"className": "BlueprintItemArmor", "name": "MithralHidePlus1", "blueprint": "dcbf665e8bcc7aa4d835e285348a3131", "isStackable": false, "cost": 2000, "weight": 0, "isNotable": false, "dc": 11},
		{"className": "BlueprintItemArmor", "name": "MithralHidePlus2", "blueprint": "b5b5b754653139d4f9784780f9f25c84", "isStackable": false, "cost": 30000, "weight": 0, "isNotable": false, "dc": 11},
		{"className": "BlueprintItemArmor", "name": "MithralHidePlus3", "blueprint": "35a7e70380c58c54d8c122981b57bc3f", "isStackable": false, "cost": 50000, "weight": 0, "isNotable": false, "dc": 11},
		{"className": "BlueprintItemArmor", "name": "MithralHidePlus4", "blueprint": "6307dd6b138519144a5c645d898ca036", "isStackable": false, "cost": 18000, "weight": 0, "isNotable": false, "dc": 11},
		{"className": "BlueprintItemArmor", "name": "MithralHidePlus5", "blueprint": "7f6dcdd0816769c4a98040b22b84375e", "isStackable": false, "cost": 80000, "weight": 0, "isNotable": false, "dc": 11},
		{"className": "BlueprintItemArmor", "name": "MithralLeather", "blueprint": "e25629124629ee547a86f4541fae6e61", "isStackable": false, "cost": 7000, "weight": 0, "isNotable": false, "dc": 11},
		{"className": "BlueprintItemArmor", "name": "MithralLeatherPlus1", "blueprint": "fbe5f1d61460ad4428d5cc73e8baefb6", "isStackable": false, "cost": 80000, "weight": 0, "isNotable": false, "dc": 11},
		{"className": "BlueprintItemArmor", "name": "MithralLeatherPlus2", "blueprint": "b75716068d7f2ac4ea0a66b1a8936061", "isStackable": false, "cost": 22000, "weight": 0, "isNotable": false, "dc": 11},
		{"className": "BlueprintItemArmor", "name": "MithralLeatherPlus3", "blueprint": "f316bef7bc9b4ca4db97150e9fad4d4f", "isStackable": false, "cost": 30000, "weight": 0, "isNotable": false, "dc": 11},
		{"className": "BlueprintItemArmor", "name": "MithralLeatherPlus4", "blueprint": "c65ea2f4826d35f409cf0b9741367ff9", "isStackable": false, "cost": 50000, "weight": 0, "isNotable": false, "dc": 11},
		{"className": "BlueprintItemArmor", "name": "MithralLeatherPlus5", "blueprint": "51f88ef02a90de545bdbe926a1932966", "isStackable": false, "cost": 18000, "weight": 0, "isNotable": false, "dc": 11},
		{"className": "BlueprintItemArmor", "name": "MithralPadded", "blueprint": "aa47dbe229678574f9685fcbdf17c9a4", "isStackable": false, "cost": 7000, "weight": 0, "isNotable": false, "dc": 11},
		{"className": "BlueprintItemArmor", "name": "MithralPaddedPlus1", "blueprint": "32dec52181398bc4ea8cc2d74c86fa93", "isStackable": false, "cost": 18000, "weight": 0, "isNotable": false, "dc": 11},
		{"className": "BlueprintItemArmor", "name": "MithralPaddedPlus2", "blueprint": "70656d8db8a38a84b89c1fd63424abf9", "isStackable": false, "cost": 80000, "weight": 0, "isNotable": false, "dc": 11},
		{"className": "BlueprintItemArmor", "name": "MithralPaddedPlus3", "blueprint": "9da3ad3eb90caa64aa2926324f4f80f2", "isStackable": false, "cost": 22000, "weight": 0, "isNotable": false, "dc": 11},
		{"className": "BlueprintItemArmor", "name": "MithralPaddedPlus4", "blueprint": "0a7642af334dfd14b893173e9d06eeb1", "isStackable": false, "cost": 30000, "weight": 0, "isNotable": false, "dc": 11},
		{"className": "BlueprintItemArmor", "name": "MithralPaddedPlus5", "blueprint": "deaf3d0f0e539414cbc2fa0222faec07", "isStackable": false, "cost": 50000, "weight": 0, "isNotable": false, "dc": 11},
		{"className": "BlueprintItemArmor", "name": "MithralScalemail", "blueprint": "ccaa06fc3d9370c48848e3ac62679fdd", "isStackable": false, "cost": 7000, "weight": 0, "isNotable": false, "dc": 11},
		{"className": "BlueprintItemArmor", "name": "MithralScalemailPlus1", "blueprint": "031564eb2aaf45842b5a92a96f92f31d", "isStackable": false, "cost": 18000, "weight": 0, "isNotable": false, "dc": 11},
		{"className": "BlueprintItemArmor", "name": "MithralScalemailPlus2", "blueprint": "dbcb8055ec88aaf49ba305157c713484", "isStackable": false, "cost": 22000, "weight": 0, "isNotable": false, "dc": 11},
		{"className": "BlueprintItemArmor", "name": "MithralScalemailPlus3", "blueprint": "49ead0f0edf12874cad30e820fbc203c", "isStackable": false, "cost": 30000, "weight": 0, "isNotable": false, "dc": 11},
		{"className": "BlueprintItemArmor", "name": "MithralScalemailPlus4", "blueprint": "4693307eea024cd488f719f3364894a3", "isStackable": false, "cost": 50000, "weight": 0, "isNotable": false, "dc": 11},
		{"className": "BlueprintItemArmor", "name": "MithralScalemailPlus5", "blueprint": "72e95e5803a61f447a4a0085aefb5674", "isStackable": false, "cost": 80000, "weight": 0, "isNotable": false, "dc": 11},
		{"className": "BlueprintItemArmor", "name": "MithralStudded", "blueprint": "2876c733d8f9fdc4fbc546c4a1a4255f", "isStackable": false, "cost": 7000, "weight": 0, "isNotable": false, "dc": 11},
		{"className": "BlueprintItemArmor", "name": "MithralStuddedPlus1", "blueprint": "86ead91db2b47dd4486030e343f8a79e", "isStackable": false, "cost": 80000, "weight": 0, "isNotable": false, "dc": 11},
		{"className": "BlueprintItemArmor", "name": "MithralStuddedPlus2", "blueprint": "87a23b06677bffe4b8743bc00216421a", "isStackable": false, "cost": 30000, "weight": 0, "isNotable": false, "dc": 11},
		{"className": "BlueprintItemArmor", "name": "MithralStuddedPlus3", "blueprint": "4a5683c13a5781540b7142ebec61852b", "isStackable": false, "cost": 18000, "weight": 0, "isNotable": false, "dc": 11},
		{"className": "BlueprintItemArmor", "name": "MithralStuddedPlus4", "blueprint": "819fdeb8ec336d34b996bec32df554eb", "isStackable": false, "cost": 50000, "weight": 0, "isNotable": false, "dc": 11},
		{"className": "BlueprintItemArmor", "name": "MithralStuddedPlus5", "blueprint": "042cb9d946a728a4790f395c9b7b9ea6", "isStackable": false, "cost": 22000, "weight": 0, "isNotable": false, "dc": 11},
		{"className": "BlueprintItemArmor", "name": "NorthLightArmorItem", "blueprint": "1aadb3a0a09171944a57d153ea3bef0e", "isStackable": false, "cost": 10, "weight": 0, "isNotable": false, "dc": 11},
		{"className": "BlueprintItemArmor", "name": "PaddedStandard", "blueprint": "598540b85673d984a8d45effcadda93f", "isStackable": false, "cost": 5, "weight": 0, "isNotable": false, "dc": 11},
		{"className": "BlueprintItemArmor", "name": "PaddedStandartPlus1", "blueprint": "c18cd5b70b611104393f06301e237060", "isStackable": false, "cost": 1155, "weight": 0, "isNotable": false, "dc": 11},
		{"className": "BlueprintItemArmor", "name": "PaddedStandartPlus2", "blueprint": "7f300654ff2b327409817b7a67a95966", "isStackable": false, "cost": 4155, "weight": 0, "isNotable": false, "dc": 11},
		{"className": "BlueprintItemArmor", "name": "PaddedStandartPlus3", "blueprint": "4084ead795d3cec44a18deef731068ba", "isStackable": false, "cost": 9155, "weight": 0, "isNotable": false, "dc": 11},
		{"className": "BlueprintItemArmor", "name": "PaddedStandartPlus4", "blueprint": "a6e314816d7b0994db72185fa1239fbd", "isStackable": false, "cost": 16155, "weight": 0, "isNotable": false, "dc": 11},
		{"className": "BlueprintItemArmor", "name": "PaddedStandartPlus5", "blueprint": "7e24df9f772e8a5499f072f37f358a74", "isStackable": false, "cost": 25155, "weight": 0, "isNotable": false, "dc": 11},
		{"className": "BlueprintItemArmor", "name": "PerfectDefenseItem", "blueprint": "ff8d9b4cc14ad924c84c01f881dd24ce", "isStackable": false, "cost": 82100, "weight": 0, "isNotable": false, "dc": 11},
		{"className": "BlueprintItemArmor", "name": "ProtectorOfUnjustArmorItem", "blueprint": "6b41050b430c8ad40ba0ac3b61ed908f", "isStackable": false, "cost": 6000, "weight": 0, "isNotable": false, "dc": 11},
		{"className": "BlueprintItemArmor", "name": "ProtectorsRobeItem", "blueprint": "70c13c319f3d18841bb4c4e5c27125c9", "isStackable": false, "cost": 34700, "weight": 0, "isNotable": false, "dc": 29},
		{"className": "BlueprintItemArmor", "name": "PurlingRobeItem", "blueprint": "8ece39962e791784fb096f59bcc95ba9", "isStackable": false, "cost": 21780, "weight": 0, "isNotable": false, "dc": 14},
		{"className": "BlueprintItemArmor", "name": "RagingBulwarkArmorItem", "blueprint": "7bbe7e0bdf691914e958284f7877672c", "isStackable": false, "cost": 79900, "weight": 0, "isNotable": false, "dc": 0},
		{"className": "BlueprintItemArmor", "name": "ReinforcedStuddedPlus2", "blueprint": "877e3efbbc01306458a073efa3ab5b76", "isStackable": false, "cost": 6000, "weight": 0, "isNotable": false, "dc": 0},
		{"className": "BlueprintItemArmor", "name": "RobeOfAirItem", "blueprint": "b5a204f4311dafe42ab06d1d8ee7c1b9", "isStackable": false, "cost": 12000, "weight": 0, "isNotable": false, "dc": 29},
		{"className": "BlueprintItemArmor", "name": "RobeOfArcaneAnnihilationItem", "blueprint": "aeead5298c3326c4b99e69862a2b6c37", "isStackable": false, "cost": 61000, "weight": 0, "isNotable": false, "dc": 29},
		{"className": "BlueprintItemArmor", "name": "RobeOfEarthItem", "blueprint": "beba168ccba9ccd4facd66d99ef031ef", "isStackable": false, "cost": 12000, "weight": 0, "isNotable": false, "dc": 29},
		{"className": "BlueprintItemArmor", "name": "RobeOfEyesItem", "blueprint": "61ead8ede5f473049b36441f6a9f7768", "isStackable": false, "cost": 82000, "weight": 0, "isNotable": false, "dc": 29},
		{"className": "BlueprintItemArmor", "name": "RobeOfFalseDeathItem", "blueprint": "2258062337f6ad9488bdd3b6e6b313b1", "isStackable": false, "cost": 13000, "weight": 0, "isNotable": false, "dc": 29},
		{"className": "BlueprintItemArmor", "name": "RobeOfFireItem", "blueprint": "86f0292dc48f0e8458384f9198f4db81", "isStackable": false, "cost": 12000, "weight": 0, "isNotable": false, "dc": 29},
		{"className": "BlueprintItemArmor", "name": "RobeOfTheArchmagiItem", "blueprint": "c3ef98f515f75f54db56f1aae6a14fde", "isStackable": false, "cost": 58500, "weight": 0, "isNotable": false, "dc": 29},
		{"className": "BlueprintItemArmor", "name": "RobeOfWaterItem", "blueprint": "028cee4babc7c9c4d95043fc4a1f4359", "isStackable": false, "cost": 12000, "weight": 0, "isNotable": false, "dc": 29},
		{"className": "BlueprintItemArmor", "name": "SageArmorItem", "blueprint": "4ac204fcd49e8ef4e8065fda2ec47f71", "isStackable": false, "cost": 62000, "weight": 0, "isNotable": false, "dc": 11},
		{"className": "BlueprintItemArmor", "name": "ScalemailStandard", "blueprint": "d7963e1fcf260c148877afd3252dbc91", "isStackable": false, "cost": 50, "weight": 0, "isNotable": false, "dc": 11},
		{"className": "BlueprintItemArmor", "name": "ScalemailStandartPlus1", "blueprint": "c147f25768aa5094e8494013aea3786b", "isStackable": false, "cost": 1200, "weight": 0, "isNotable": false, "dc": 11},
		{"className": "BlueprintItemArmor", "name": "ScalemailStandartPlus2", "blueprint": "b469659e6568416428735fbede06ed3f", "isStackable": false, "cost": 4200, "weight": 0, "isNotable": false, "dc": 11},
		{"className": "BlueprintItemArmor", "name": "ScalemailStandartPlus3", "blueprint": "19e04b15a6d439441acd654a80e9f353", "isStackable": false, "cost": 9200, "weight": 0, "isNotable": false, "dc": 11},
		{"className": "BlueprintItemArmor", "name": "ScalemailStandartPlus4", "blueprint": "606c5bb47021aef4a8e6b19ffbb5033e", "isStackable": false, "cost": 16200, "weight": 0, "isNotable": false, "dc": 11},
		{"className": "BlueprintItemArmor", "name": "ScalemailStandartPlus5", "blueprint": "1f6b2131da2f582439902e50d696eef9", "isStackable": false, "cost": 25200, "weight": 0, "isNotable": false, "dc": 11},
		{"className": "BlueprintItemArmor", "name": "ScorpionsHatredLeathArmorItem", "blueprint": "4835d4988db1ad64780ff3c6af19e1e6", "isStackable": false, "cost": 79500, "weight": 0, "isNotable": false, "dc": 0},
		{"className": "BlueprintItemArmor", "name": "SecondSkinItem", "blueprint": "be870ed4eb418a9459e2e8e991252861", "isStackable": false, "cost": 28700, "weight": 0, "isNotable": false, "dc": 11},
		{"className": "BlueprintItemArmor", "name": "ShadowLeatherPlus1", "blueprint": "ee429a40453dcac43b4d272bdf35a0fe", "isStackable": false, "cost": 1160, "weight": 0, "isNotable": false, "dc": 11},
		{"className": "BlueprintItemArmor", "name": "ShieldofDivinePowerArmor", "blueprint": "c5a62aaea18c5b44b9ee9393cacf365d", "isStackable": false, "cost": 6000, "weight": 0, "isNotable": false, "dc": 11},
		{"className": "BlueprintItemArmor", "name": "ShieldofWillArmor", "blueprint": "0dd267dde82f58f49aaa81a4b2f2681c", "isStackable": false, "cost": 6000, "weight": 0, "isNotable": false, "dc": 11},
		{"className": "BlueprintItemArmor", "name": "SilkySkinRobeItem", "blueprint": "a15cc28e6328f024183c7e7a9707304b", "isStackable": false, "cost": 82500, "weight": 0, "isNotable": false, "dc": 15},
		{"className": "BlueprintItemArmor", "name": "SingingSteelBreastplate", "blueprint": "21b827b01e80d6141a86288bbc0b2f31", "isStackable": false, "cost": 12000, "weight": 25, "isNotable": false, "dc": 11},
		{"className": "BlueprintItemArmor", "name": "Skymail", "blueprint": "fe4b98e8776f29545882990305abeb6b", "isStackable": false, "cost": 7500, "weight": 0, "isNotable": false, "dc": 11},
		{"className": "BlueprintItemArmor", "name": "StoicWolfLeathArmorItem", "blueprint": "ad58d4d53de00934aa354c5dbe5233c9", "isStackable": false, "cost": 65300, "weight": 0, "isNotable": false, "dc": 14},
		{"className": "BlueprintItemArmor", "name": "StuddedStandard", "blueprint": "afbe88d27a0eb544583e00fa78ffb2c7", "isStackable": false, "cost": 25, "weight": 0, "isNotable": false, "dc": 11},
		{"className": "BlueprintItemArmor", "name": "StuddedStandartPlus1", "blueprint": "af51a42724e27474c89d9d61392e09f4", "isStackable": false, "cost": 1175, "weight": 0, "isNotable": false, "dc": 11},
		{"className": "BlueprintItemArmor", "name": "StuddedStandartPlus2", "blueprint": "c5be7a58e5b0c7342aa4059849efe1d5", "isStackable": false, "cost": 4175, "weight": 0, "isNotable": false, "dc": 11},
		{"className": "BlueprintItemArmor", "name": "StuddedStandartPlus3", "blueprint": "fa8e9fc1dc5abe24aae7b8919df2e087", "isStackable": false, "cost": 9175, "weight": 0, "isNotable": false, "dc": 11},
		{"className": "BlueprintItemArmor", "name": "StuddedStandartPlus4", "blueprint": "735f46aba5b331d4c89ee403cbabf055", "isStackable": false, "cost": 16175, "weight": 0, "isNotable": false, "dc": 11},
		{"className": "BlueprintItemArmor", "name": "StuddedStandartPlus5", "blueprint": "da54ab1dd79655649b36738b6cfde2a2", "isStackable": false, "cost": 25175, "weight": 0, "isNotable": false, "dc": 11},
		{"className": "BlueprintItemArmor", "name": "TalwynsArmorItem", "blueprint": "edf946b04eb1dce42be9064aa9efe31c", "isStackable": false, "cost": 34850, "weight": 0, "isNotable": false, "dc": 11},
		{"className": "BlueprintItemArmor", "name": "TowerShieldArmorItem", "blueprint": "ace792b9dfff1ce4fa4a823aa58f2e91", "isStackable": false, "cost": 30, "weight": 0, "isNotable": false, "dc": 11},
		{"className": "BlueprintItemArmor", "name": "TowerShieldArmorItemPlus1", "blueprint": "02498596f53bae448b939468f2ab5ef6", "isStackable": false, "cost": 1180, "weight": 0, "isNotable": false, "dc": 11},
		{"className": "BlueprintItemArmor", "name": "TowerShieldArmorItemPlus2", "blueprint": "d7f579cb2875b09498952d9135950dd3", "isStackable": false, "cost": 4180, "weight": 0, "isNotable": false, "dc": 11},
		{"className": "BlueprintItemArmor", "name": "TowerShieldArmorItemPlus3", "blueprint": "ca792d8e91b7b084f92b765738a66e22", "isStackable": false, "cost": 9180, "weight": 0, "isNotable": false, "dc": 11},
		{"className": "BlueprintItemArmor", "name": "TowerShieldArmorItemPlus4", "blueprint": "e450e99eaa3c3b246acb843ad45dc15d", "isStackable": false, "cost": 16180, "weight": 0, "isNotable": false, "dc": 11},
		{"className": "BlueprintItemArmor", "name": "TowerShieldArmorItemPlus5", "blueprint": "d34d1bc16be1d4743acea224fa931aa6", "isStackable": false, "cost": 25180, "weight": 0, "isNotable": false, "dc": 11},
		{"className": "BlueprintItemArmor", "name": "UbreakableBastionArmorItem", "blueprint": "49ce78ad77c5b084f8c751dd0fe922e1", "isStackable": false, "cost": 1, "weight": 0, "isNotable": false, "dc": 0},
		{"className": "BlueprintItemArmor", "name": "UnnaturalRobeItem", "blueprint": "8b044d16442f5dc44bd26884a088d093", "isStackable": false, "cost": 24500, "weight": 0, "isNotable": false, "dc": 17},
		{"className": "BlueprintItemArmor", "name": "ValerieSilkShirt", "blueprint": "22be640f87796374fa35d213b729f079", "isStackable": false, "cost": 1000, "weight": 0, "isNotable": false, "dc": 11},
		{"className": "BlueprintItemArmor", "name": "VenomousLimbArmorItem", "blueprint": "9d6800e2e5efde04a9f79734b8c1864e", "isStackable": false, "cost": 20, "weight": 0, "isNotable": false, "dc": 11},
		{"className": "BlueprintItemArmor", "name": "VoidMirrorItem", "blueprint": "21dedb7862f249248b7c959d8b4d615f", "isStackable": false, "cost": 23100, "weight": 0, "isNotable": false, "dc": 11},
		{"className": "BlueprintItemArmor", "name": "WallsOfTheSanctuaryShieldArmorItem", "blueprint": "f6f545f27fbaf8943bf4703e5b47dc33", "isStackable": false, "cost": 30, "weight": 0, "isNotable": false, "dc": 11},
		{"className": "BlueprintItemArmor", "name": "WarpathItem", "blueprint": "67faf43ace752b54eb831dfae5059b89", "isStackable": false, "cost": 24800, "weight": 0, "isNotable": false, "dc": 11},
		{"className": "BlueprintItemArmor", "name": "WeaversChainmailItem", "blueprint": "4bb7011a832bb6a48a7e9534f6df43a0", "isStackable": false, "cost": 83000, "weight": 0, "isNotable": false, "dc": 15},
		{"className": "BlueprintItemArmor", "name": "WildGuardianArmorItem", "blueprint": "1caff5f6e06bad641bcdc48e26f47067", "isStackable": false, "cost": 48600, "weight": 0, "isNotable": false, "dc": 0},
		{"className": "BlueprintItemArmor", "name": "WyrmwallArmorItem", "blueprint": "2b0ef21fbc688a74fa20540f93a01aff", "isStackable": false, "cost": 30, "weight": 0, "isNotable": false, "dc": 11}
  ]
}