﻿{
  "Gloves": [
		{"className": "BlueprintItemEquipmentGloves", "name": "Artifact_StarGauntletItem", "blueprint": "ad58b472fa90da84bafe3d4e5ad2c368", "isStackable": false, "cost": 110000, "weight": 2, "isNotable": false, "dc": 0},
		{"className": "BlueprintItemEquipmentGloves", "name": "BlessedHandsGlovesItem", "blueprint": "ab75ae2763172474eac628651b301ada", "isStackable": false, "cost": 105000, "weight": 2, "isNotable": false, "dc": 17},
		{"className": "BlueprintItemEquipmentGloves", "name": "BombThrowingGlovesItem", "blueprint": "7cd1af0658cea0348b9ee109b8a36f24", "isStackable": false, "cost": 23900, "weight": 1, "isNotable": false, "dc": 11},
		{"className": "BlueprintItemEquipmentGloves", "name": "ButterflyWingsGlovesItem", "blueprint": "971a577a8cd4e6744a5d0fab84931037", "isStackable": false, "cost": 75600, "weight": 2, "isNotable": false, "dc": 20},
		{"className": "BlueprintItemEquipmentGloves", "name": "CheatSheetGlovesItem", "blueprint": "593e8705f91e20a4ea62e0a068cb0ad4", "isStackable": false, "cost": 62000, "weight": 2, "isNotable": false, "dc": 14},
		{"className": "BlueprintItemEquipmentGloves", "name": "CrazyScientistsGlovesItem", "blueprint": "ecf27920f812bcf49a533019c0255207", "isStackable": false, "cost": 35800, "weight": 2, "isNotable": false, "dc": 17},
		{"className": "BlueprintItemEquipmentGloves", "name": "DeliquescentGlovesItem", "blueprint": "ac79bcf464e676f49b630895f8b2fd42", "isStackable": false, "cost": 28600, "weight": 1, "isNotable": false, "dc": 11},
		{"className": "BlueprintItemEquipmentGloves", "name": "GlovesOfDeathDealer", "blueprint": "6a1caceac4a16494d94a6204f74e0583", "isStackable": false, "cost": 5000, "weight": 2, "isNotable": false, "dc": 11},
		{"className": "BlueprintItemEquipmentGloves", "name": "GlovesOfDuelingLesserItem", "blueprint": "c33129949c59ee044900e741691a64d3", "isStackable": false, "cost": 4000, "weight": 2, "isNotable": false, "dc": 11},
		{"className": "BlueprintItemEquipmentGloves", "name": "GlovesOfDuelingNormalItem", "blueprint": "c8f949c03b92f714b83edd610f3e9348", "isStackable": false, "cost": 15000, "weight": 2, "isNotable": false, "dc": 11},
		{"className": "BlueprintItemEquipmentGloves", "name": "GlovesOfElvenkindItem", "blueprint": "a79659f01686ea848ad1e6c1686e659a", "isStackable": false, "cost": 39000, "weight": 1, "isNotable": false, "dc": 11},
		{"className": "BlueprintItemEquipmentGloves", "name": "GlovesOfLighterTouch", "blueprint": "1397ec489f9467c4d98c5257c186f32c", "isStackable": false, "cost": 61000, "weight": 2, "isNotable": false, "dc": 0},
		{"className": "BlueprintItemEquipmentGloves", "name": "GlovesOfPreciseShotItem", "blueprint": "c339df1811e47ca4abfa394dcbf904c7", "isStackable": false, "cost": 25000, "weight": 2, "isNotable": false, "dc": 11},
		{"className": "BlueprintItemEquipmentGloves", "name": "GlovesOfRendingItem", "blueprint": "dc32a6847570110499e3042674ebfc32", "isStackable": false, "cost": 13000, "weight": 1, "isNotable": false, "dc": 11},
		{"className": "BlueprintItemEquipmentGloves", "name": "ManticoresClawsGlovesItem", "blueprint": "186edcede3f5b8a4d84fbb450957d70c", "isStackable": false, "cost": 24300, "weight": 2, "isNotable": false, "dc": 0},
		{"className": "BlueprintItemEquipmentGloves", "name": "RoyalGlovesOfValorItem", "blueprint": "08dee7b852c2ef647ab5290eb2055102", "isStackable": false, "cost": 178200, "weight": 2, "isNotable": false, "dc": 0},
		{"className": "BlueprintItemEquipmentGloves", "name": "SteadyHandGlovesItem", "blueprint": "e71f8bc35c5dfa14da490f8d396b26f8", "isStackable": false, "cost": 16200, "weight": 2, "isNotable": false, "dc": 0},
		{"className": "BlueprintItemEquipmentGloves", "name": "TrapspringerGloves", "blueprint": "0dc9944c49e3ae343b8802a2da33973c", "isStackable": false, "cost": 4000, "weight": 1, "isNotable": false, "dc": 11},
		{"className": "BlueprintItemEquipmentGloves", "name": "TrickstersGloves", "blueprint": "8f14d568b2324334aafc209c9fcd1b6e", "isStackable": false, "cost": 50000, "weight": 2, "isNotable": false, "dc": 0},
		{"className": "BlueprintItemEquipmentGloves", "name": "UltimateGripGlovesItem", "blueprint": "d7647a51c7b5e04499276e60a9977119", "isStackable": false, "cost": 125000, "weight": 2, "isNotable": false, "dc": 22}
  ]
}