﻿{
  "Misc": [
		{"className": "BlueprintItem", "name": "AdamantiteIngot", "blueprint": "e659c4da61156de469acb94f5c83a3e0", "isStackable": true, "cost": 5000, "weight": 0.05, "isNotable": false},
		{"className": "BlueprintItem", "name": "Agate", "blueprint": "b1cae77a29e4503438dc200b6b8a007e", "isStackable": true, "cost": 15, "weight": 0.1, "isNotable": false},
		{"className": "BlueprintItem", "name": "AgateEncrustedEarring", "blueprint": "076cff3ca3a5c954ebaaba6c17d9bbd1", "isStackable": true, "cost": 40, "weight": 0.05, "isNotable": false},
		{"className": "BlueprintItem", "name": "AlchemistBookI", "blueprint": "43a36d953b4020640b66c8f977184d18", "isStackable": false, "cost": 65, "weight": 2, "isNotable": false},
		{"className": "BlueprintItem", "name": "AlchemistBookII", "blueprint": "91d2ff85a22f2494992dda461b1b4097", "isStackable": false, "cost": 65, "weight": 2, "isNotable": false},
		{"className": "BlueprintItem", "name": "AlchemistBookIII", "blueprint": "2807c2f63ae323047b47c20da06c01ed", "isStackable": false, "cost": 65, "weight": 2, "isNotable": false},
		{"className": "BlueprintItem", "name": "Ale", "blueprint": "b3b17f5ac384ceb4582d202af74f42fc", "isStackable": true, "cost": 40, "weight": 0.5, "isNotable": false},
		{"className": "BlueprintItem", "name": "Amber", "blueprint": "793cc55b9b7eea04b9070be8f1422a6f", "isStackable": true, "cost": 140, "weight": 0.05, "isNotable": false},
		{"className": "BlueprintItem", "name": "AndoranLiquor", "blueprint": "00d9c0481080ff74ca12297e2f55c12a", "isStackable": true, "cost": 300, "weight": 0.5, "isNotable": false},
		{"className": "BlueprintItem", "name": "AnimalSkin", "blueprint": "92ebcefbdcc3f594bbb967ac080fd9d8", "isStackable": true, "cost": 9, "weight": 0.05, "isNotable": false},
		{"className": "BlueprintItem", "name": "Antique_BrevoyArrow", "blueprint": "562eaf7481f1daf4baf199eb61ad5e9a", "isStackable": false, "cost": 300, "weight": 1, "isNotable": true},
		{"className": "BlueprintItem", "name": "Antique_BrevoyCrossbow", "blueprint": "61532117b25583048a9891954df5abc3", "isStackable": false, "cost": 300, "weight": 1, "isNotable": true},
		{"className": "BlueprintItem", "name": "Antique_BrevoyHelm", "blueprint": "b2e2b1f9388942c4394a6da390d5da43", "isStackable": false, "cost": 300, "weight": 1, "isNotable": true},
		{"className": "BlueprintItem", "name": "Antique_BrevoySheath", "blueprint": "d3fe153c324901f4896502c84bb3c459", "isStackable": false, "cost": 300, "weight": 1, "isNotable": true},
		{"className": "BlueprintItem", "name": "Antique_BrevoyWand", "blueprint": "3cb994fc827107140b790ac3b48ac701", "isStackable": false, "cost": 300, "weight": 1, "isNotable": true},
		{"className": "BlueprintItem", "name": "Antique_CyclopsBoot", "blueprint": "85880df1eadc4f343bfc3522a4d18f45", "isStackable": false, "cost": 300, "weight": 1, "isNotable": true},
		{"className": "BlueprintItem", "name": "Antique_CyclopsBuckle", "blueprint": "cd462bb1c71b258448386c760d65b699", "isStackable": false, "cost": 500, "weight": 1, "isNotable": true},
		{"className": "BlueprintItem", "name": "Antique_CyclopsSheathe", "blueprint": "12531e061aef4db40b337defa211512a", "isStackable": false, "cost": 1600, "weight": 1, "isNotable": true},
		{"className": "BlueprintItem", "name": "Antique_CyclopsTinderbox", "blueprint": "e60418c921346c84f8573fd9e87571d4", "isStackable": false, "cost": 400, "weight": 1, "isNotable": true},
		{"className": "BlueprintItem", "name": "Antique_CyclopsWaterskin", "blueprint": "c4c9d4fdd66d5af468a388808157d644", "isStackable": false, "cost": 250, "weight": 1, "isNotable": true},
		{"className": "BlueprintItem", "name": "Antique_DwarfApron", "blueprint": "0102386282d8ca248bc8c5d0dc419a84", "isStackable": false, "cost": 300, "weight": 1, "isNotable": true},
		{"className": "BlueprintItem", "name": "Antique_DwarfBrand", "blueprint": "d9975af6562358142bc3ebaf3e519513", "isStackable": false, "cost": 400, "weight": 1, "isNotable": true},
		{"className": "BlueprintItem", "name": "Antique_DwarfGloves", "blueprint": "8379e20b955a87a4b85c21edef5d730b", "isStackable": false, "cost": 600, "weight": 1, "isNotable": true},
		{"className": "BlueprintItem", "name": "Antique_DwarfHammer", "blueprint": "fac63f8aab736c5448ef775ee7250202", "isStackable": false, "cost": 1000, "weight": 1, "isNotable": true},
		{"className": "BlueprintItem", "name": "Antique_DwarfTongs", "blueprint": "1df75540183c031479a6531169033c0f", "isStackable": false, "cost": 600, "weight": 1, "isNotable": true},
		{"className": "BlueprintItem", "name": "Antique_ElfBuckle", "blueprint": "4fe3d2e33319b9745865a86cb2d2cc9a", "isStackable": false, "cost": 800, "weight": 1, "isNotable": true},
		{"className": "BlueprintItem", "name": "Antique_ElfComb", "blueprint": "ba61f03932816c04c911bd1b14c3bee7", "isStackable": false, "cost": 900, "weight": 1, "isNotable": true},
		{"className": "BlueprintItem", "name": "Antique_ElfFlask", "blueprint": "935751bcb24deea4892373237a596fe9", "isStackable": false, "cost": 1000, "weight": 1, "isNotable": true},
		{"className": "BlueprintItem", "name": "Antique_ElfInkpot", "blueprint": "ce40d439d0a0ce94290dfe2710808659", "isStackable": false, "cost": 1100, "weight": 1, "isNotable": true},
		{"className": "BlueprintItem", "name": "Antique_ElfSnuffbox", "blueprint": "0207d04092a1ff245a6140a6d0c7435b", "isStackable": false, "cost": 1200, "weight": 1, "isNotable": true},
		{"className": "BlueprintItem", "name": "Antique_FeyCup", "blueprint": "9de4b55f4c0a5264d8ff3796f3f70746", "isStackable": false, "cost": 1500, "weight": 1, "isNotable": true},
		{"className": "BlueprintItem", "name": "Antique_FeyDiadem", "blueprint": "96f746d27e0c00f428619df19269f467", "isStackable": false, "cost": 1500, "weight": 1, "isNotable": true},
		{"className": "BlueprintItem", "name": "Antique_FeyFlower", "blueprint": "d7ed5c74f53301f4c81d618fdab53497", "isStackable": false, "cost": 2000, "weight": 1, "isNotable": true},
		{"className": "BlueprintItem", "name": "Antique_FeyFlute", "blueprint": "ad5aa64554127dd4293c0f8756ef0a8e", "isStackable": false, "cost": 2500, "weight": 1, "isNotable": true},
		{"className": "BlueprintItem", "name": "Antique_FeyQuill", "blueprint": "fd51248ade706fc4480c085dbf9dd839", "isStackable": false, "cost": 1500, "weight": 1, "isNotable": true},
		{"className": "BlueprintItem", "name": "Antique_Kellid_1_item", "blueprint": "68b4ae2a51823db41a335d7890172754", "isStackable": false, "cost": 500, "weight": 1, "isNotable": true},
		{"className": "BlueprintItem", "name": "Antique_Kellid_2_item", "blueprint": "a8932aa7c77f64546b1e92a5b5660802", "isStackable": false, "cost": 600, "weight": 1, "isNotable": true},
		{"className": "BlueprintItem", "name": "Antique_Kellid_3_item", "blueprint": "de37597119ec6a64ba1b36c1074bffab", "isStackable": false, "cost": 700, "weight": 1, "isNotable": true},
		{"className": "BlueprintItem", "name": "Antique_Kellid_4_item", "blueprint": "56835cc33d374964aa4539ce0b9611e1", "isStackable": false, "cost": 800, "weight": 1, "isNotable": true},
		{"className": "BlueprintItem", "name": "Antique_Kellid_5_item", "blueprint": "9bb0730d67d20324e9304ff4adfa7286", "isStackable": false, "cost": 900, "weight": 1, "isNotable": true},
		{"className": "BlueprintItem", "name": "Antique_TaldanBridle", "blueprint": "3878c9c7d2ef3be48a009824ec79377d", "isStackable": false, "cost": 900, "weight": 1, "isNotable": true},
		{"className": "BlueprintItem", "name": "Antique_TaldanCrop", "blueprint": "e12fe25f16575ac458305f8f485831dd", "isStackable": false, "cost": 1200, "weight": 1, "isNotable": true},
		{"className": "BlueprintItem", "name": "Antique_TaldanHorseshoe", "blueprint": "816044bcf51aaa846a768f97aaad795e", "isStackable": false, "cost": 1600, "weight": 1, "isNotable": true},
		{"className": "BlueprintItem", "name": "Antique_TaldanSpur", "blueprint": "f71d5d37b69e5d141aa04c6ad5b27212", "isStackable": false, "cost": 2000, "weight": 1, "isNotable": true},
		{"className": "BlueprintItem", "name": "Antique_TaldanStirrup", "blueprint": "e2a8ca9df166bb143987f0516a2854a3", "isStackable": false, "cost": 1200, "weight": 1, "isNotable": true},
		{"className": "BlueprintItem", "name": "Antique_Tech_1_item", "blueprint": "1fffb377497479447918553b1ea15922", "isStackable": false, "cost": 700, "weight": 1, "isNotable": true},
		{"className": "BlueprintItem", "name": "Antique_Tech_2_item", "blueprint": "0afb3e721d4dcf2439272d7c50edc3ec", "isStackable": false, "cost": 800, "weight": 1, "isNotable": true},
		{"className": "BlueprintItem", "name": "Antique_Tech_3_item", "blueprint": "8af9e12f734d16342b6fa4f7269cedd4", "isStackable": false, "cost": 900, "weight": 1, "isNotable": true},
		{"className": "BlueprintItem", "name": "Antique_Tech_4_item", "blueprint": "a8eb937eb6c51244bbc73a683f0b731d", "isStackable": false, "cost": 1000, "weight": 1, "isNotable": true},
		{"className": "BlueprintItem", "name": "Antique_Tech_5_item", "blueprint": "d0d6f17f68411bc48b60675debf745a4", "isStackable": false, "cost": 1100, "weight": 1, "isNotable": true},
		{"className": "BlueprintItem", "name": "ArmorOfOathKeeper", "blueprint": "287751ee07ee6fa43a5745375fc46963", "isStackable": false, "cost": 1500, "weight": 5, "isNotable": true},
		{"className": "BlueprintItem", "name": "Artifact_BanditAmulet-shard", "blueprint": "a513944ab55fe1b43846a6f78331106c", "isStackable": false, "cost": 400, "weight": 0.25, "isNotable": true},
		{"className": "BlueprintItem", "name": "Artifact_BraveryRing-shard", "blueprint": "4bb8dd73910b8524188984faad1b3fb8", "isStackable": false, "cost": 500, "weight": 0.25, "isNotable": true},
		{"className": "BlueprintItem", "name": "Artifact_HermitKnightBracers-shard", "blueprint": "6ab5e33d31f85e24f896c2460f82371e", "isStackable": false, "cost": 500, "weight": 0.25, "isNotable": true},
		{"className": "BlueprintItem", "name": "Artifact_SoulsCloak-shard", "blueprint": "9b1c8421ee354004881651345840b9e4", "isStackable": false, "cost": 500, "weight": 0.25, "isNotable": true},
		{"className": "BlueprintItem", "name": "Artifact_StarGauntlet-shard", "blueprint": "3cca2f4d03e7733459c14c4a6544ddc8", "isStackable": false, "cost": 500, "weight": 0.25, "isNotable": true},
		{"className": "BlueprintItem", "name": "Artifact_TigerArmor-shard", "blueprint": "1c8862cdbdc5dcf49839be298851ba98", "isStackable": false, "cost": 500, "weight": 0.25, "isNotable": true},
		{"className": "BlueprintItem", "name": "Artifact_TrailblazerHelmet-shard", "blueprint": "4bf54205cc8503446bd4d50016399285", "isStackable": false, "cost": 500, "weight": 0.25, "isNotable": true},
		{"className": "BlueprintItem", "name": "BagOfHolding", "blueprint": "9ba294466c6090e4dac1c7dfbc158a03", "isStackable": false, "cost": 25000, "weight": -200, "isNotable": false},
		{"className": "BlueprintItem", "name": "BagOfHoldingSmall", "blueprint": "ae70a430e0083104193163f2761e411e", "isStackable": false, "cost": 2500, "weight": -100, "isNotable": false},
		{"className": "BlueprintItem", "name": "BakedSpiderLegs_item", "blueprint": "68b317906bb391740838f39f2a80c0d9", "isStackable": false, "cost": 100, "weight": 0.5, "isNotable": true},
		{"className": "BlueprintItem", "name": "BearPelt", "blueprint": "85854c608e9f5774ea0ee9e50c693656", "isStackable": true, "cost": 100, "weight": 8, "isNotable": false},
		{"className": "BlueprintItem", "name": "BeautifulFeather", "blueprint": "0cdb434fafdc36042a18a1373ceffe89", "isStackable": true, "cost": 6, "weight": 0.05, "isNotable": false},
		{"className": "BlueprintItem", "name": "BeetleInAmber", "blueprint": "ab1697d2523eb9142a145a773a635f36", "isStackable": true, "cost": 19, "weight": 0.05, "isNotable": false},
		{"className": "BlueprintItem", "name": "Berry", "blueprint": "8bceea54ed414c74a92a91306806130f", "isStackable": false, "cost": 10, "weight": 0, "isNotable": true},
		{"className": "BlueprintItem", "name": "Bird", "blueprint": "00f2e8587840ee941ac680415b9f36f2", "isStackable": false, "cost": 1, "weight": 0, "isNotable": true},
		{"className": "BlueprintItem", "name": "BirdsBones", "blueprint": "e1e0feb7d12d0e6468061d51ff53cdf2", "isStackable": false, "cost": 1, "weight": 0, "isNotable": true},
		{"className": "BlueprintItem", "name": "BlackDragonScales", "blueprint": "49773dc6dc50b4c42810987a87e02512", "isStackable": true, "cost": 5000, "weight": 20, "isNotable": false},
		{"className": "BlueprintItem", "name": "BlackLinnormStew_item", "blueprint": "58a90b5bfd47e904db50aab3b590db7b", "isStackable": false, "cost": 100, "weight": 0.5, "isNotable": true},
		{"className": "BlueprintItem", "name": "BlackRattlecap", "blueprint": "d3efbc7d79abe2f4d92e00e29d368726", "isStackable": true, "cost": 10, "weight": 0, "isNotable": true},
		{"className": "BlueprintItem", "name": "Bloodstone", "blueprint": "5f5ae4248e3d2bb479007ac219a8e3c2", "isStackable": true, "cost": 60, "weight": 0.1, "isNotable": false},
		{"className": "BlueprintItem", "name": "BoarPelt", "blueprint": "b01864c43035fc24090f81da59c9e911", "isStackable": true, "cost": 80, "weight": 5, "isNotable": false},
		{"className": "BlueprintItem", "name": "BottleWithOil", "blueprint": "a1b9b3e5d62a69348a8c8dfe3d40cb50", "isStackable": true, "cost": 9, "weight": 0.05, "isNotable": false},
		{"className": "BlueprintItem", "name": "Bourbon", "blueprint": "c40da646dedcd0b43b248aa6da897b12", "isStackable": true, "cost": 40, "weight": 0.5, "isNotable": false},
		{"className": "BlueprintItem", "name": "BPCoins", "blueprint": "995a5ff780c5fc541a0969e309c4de36", "isStackable": true, "cost": 80, "weight": 0, "isNotable": false},
		{"className": "BlueprintItem", "name": "Bracers_Oathkeeper", "blueprint": "07eb26b8f7e60464288d76e39016063f", "isStackable": false, "cost": 100, "weight": 5, "isNotable": true},
		{"className": "BlueprintItem", "name": "BrilliantFlake", "blueprint": "c378f7531fffef049991b6f9740d6c05", "isStackable": true, "cost": 11, "weight": 0.05, "isNotable": false},
		{"className": "BlueprintItem", "name": "BroiledTuskwaterOysters_item", "blueprint": "17b77a723a6dc4a4db3d2c13127aa575", "isStackable": false, "cost": 100, "weight": 0.5, "isNotable": true},
		{"className": "BlueprintItem", "name": "Bufo", "blueprint": "fa04e7b4086fb6c4bb2d2f230055bb4f", "isStackable": true, "cost": 40, "weight": 0.5, "isNotable": false},
		{"className": "BlueprintItem", "name": "BulettePelt", "blueprint": "cc96b776cadffd3429fe5d6d146acdff", "isStackable": true, "cost": 400, "weight": 15, "isNotable": false},
		{"className": "BlueprintItem", "name": "BundleofPaper", "blueprint": "ace260b578df98d4c89cfc6a4e7dc4c9", "isStackable": true, "cost": 80, "weight": 0.05, "isNotable": false},
		{"className": "BlueprintItem", "name": "Butter", "blueprint": "b5905f7f679cbea4e92a0cf3480901c7", "isStackable": true, "cost": 20, "weight": 0.25, "isNotable": false},
		{"className": "BlueprintItem", "name": "CarvedBeads", "blueprint": "5a76d1b8138615644b214d42abd8b8fc", "isStackable": true, "cost": 17, "weight": 0.05, "isNotable": false},
		{"className": "BlueprintItem", "name": "CarvedFigurine", "blueprint": "2eb9312ceff3419479d2e66aab1d94e0", "isStackable": true, "cost": 13, "weight": 0.05, "isNotable": false},
		{"className": "BlueprintItem", "name": "CarvedUrn", "blueprint": "c214e0362ff50d54db9260355805c9d3", "isStackable": true, "cost": 14, "weight": 0.05, "isNotable": false},
		{"className": "BlueprintItem", "name": "ChalishWine", "blueprint": "20a84417284fd5245a540aad2dc825a3", "isStackable": true, "cost": 450, "weight": 0.5, "isNotable": false},
		{"className": "BlueprintItem", "name": "Chardonnay", "blueprint": "21d469dd7bfe29549bf6527b4bc038bc", "isStackable": true, "cost": 3000, "weight": 0.5, "isNotable": false},
		{"className": "BlueprintItem", "name": "CheapWine_EkunQ1", "blueprint": "596f37d5a39aeb0449c18473b8e39033", "isStackable": false, "cost": 5, "weight": 0, "isNotable": false},
		{"className": "BlueprintItem", "name": "Cheese", "blueprint": "adaecb26730c2e840883bd8e632921e3", "isStackable": true, "cost": 35, "weight": 0.25, "isNotable": false},
		{"className": "BlueprintItem", "name": "CheeseCrostata_item", "blueprint": "31ff0cbde00d470439f71a7a50d62cc9", "isStackable": false, "cost": 100, "weight": 0.5, "isNotable": true},
		{"className": "BlueprintItem", "name": "Chocolate", "blueprint": "cd7b920bb0752f348a7b4d9ba7970c04", "isStackable": true, "cost": 220, "weight": 0.4, "isNotable": false},
		{"className": "BlueprintItem", "name": "ChocolateIceCream_item", "blueprint": "577738fe8b9d89a4bb80141a0aec9d4e", "isStackable": false, "cost": 100, "weight": 0.5, "isNotable": true},
		{"className": "BlueprintItem", "name": "Cider", "blueprint": "154fd725fcde4ec45b98a679c963e1d7", "isStackable": true, "cost": 40, "weight": 0.5, "isNotable": false},
		{"className": "BlueprintItem", "name": "Citrine", "blueprint": "a51ba2a93e7d49247a2e03d069d8d9cf", "isStackable": true, "cost": 35, "weight": 0.1, "isNotable": false},
		{"className": "BlueprintItem", "name": "ClearQuartz", "blueprint": "d82dade8fad7c35468c4a48ed4b16962", "isStackable": true, "cost": 45, "weight": 0.1, "isNotable": false},
		{"className": "BlueprintItem", "name": "Coal", "blueprint": "d8a6a5fe5673f2547b15772014fc5e35", "isStackable": true, "cost": 5, "weight": 0.05, "isNotable": false},
		{"className": "BlueprintItem", "name": "Coffee", "blueprint": "9c9c421315f0e0147a4f0bd6c2d3990f", "isStackable": true, "cost": 300, "weight": 0.5, "isNotable": false},
		{"className": "BlueprintItem", "name": "CornLiquor", "blueprint": "97a25f5b9d27dbb4fbf60b69e486e1e0", "isStackable": true, "cost": 30, "weight": 0.5, "isNotable": false},
		{"className": "BlueprintItem", "name": "Crowbar", "blueprint": "0bd04e1febe11a942baf30c0a8851b36", "isStackable": false, "cost": 10, "weight": 2, "isNotable": false},
		{"className": "BlueprintItem", "name": "CrystalBall", "blueprint": "a93fc116dad808a4bae79f6f51ec9bca", "isStackable": true, "cost": 280, "weight": 0.05, "isNotable": false},
		{"className": "BlueprintItem", "name": "Cuirass_Oathkeeper", "blueprint": "9601a013a187af640810400038b942cb", "isStackable": false, "cost": 500, "weight": 20, "isNotable": true},
		{"className": "BlueprintItem", "name": "DecoratedHilt", "blueprint": "9c8bf3c13441c804fa3dbbe59c84fb78", "isStackable": true, "cost": 150, "weight": 0.05, "isNotable": false},
		{"className": "BlueprintItem", "name": "DeerPelt", "blueprint": "4d67ca9f25e203a41806163825d859f9", "isStackable": true, "cost": 15, "weight": 5, "isNotable": false},
		{"className": "BlueprintItem", "name": "Diamond", "blueprint": "6a7cdeb14fc6ef44580cf639c5cdc113", "isStackable": true, "cost": 5000, "weight": 0.1, "isNotable": true},
		{"className": "BlueprintItem", "name": "DiamondDust", "blueprint": "92752bbbf04dfa1439af186f48aee0e9", "isStackable": true, "cost": 50, "weight": 0.1, "isNotable": true},
		{"className": "BlueprintItem", "name": "DinosaurBone", "blueprint": "66e2ab66e3e0c514f977cd22b3d7a0cd", "isStackable": true, "cost": 200, "weight": 0.05, "isNotable": true},
		{"className": "BlueprintItem", "name": "DogPelt", "blueprint": "11f8e6d119ec41b4da0fb1bdbe9b5527", "isStackable": true, "cost": 7, "weight": 5, "isNotable": false},
		{"className": "BlueprintItem", "name": "DwarvenStout", "blueprint": "5fc01c38c885cff4aa1f4171aff5c216", "isStackable": true, "cost": 60, "weight": 0.5, "isNotable": false},
		{"className": "BlueprintItem", "name": "DweomercatPelt", "blueprint": "5d2b01d12a3ca1c4db1aeac269d531f4", "isStackable": true, "cost": 500, "weight": 5, "isNotable": false},
		{"className": "BlueprintItem", "name": "DweomerlionPelt", "blueprint": "e156d9ac338e1d34fac27629f337fa68", "isStackable": true, "cost": 1000, "weight": 7, "isNotable": false},
		{"className": "BlueprintItem", "name": "EdibleMoss", "blueprint": "ba7dd9ad4e74e524d98c97b8ba41400b", "isStackable": true, "cost": 25, "weight": 0.25, "isNotable": false},
		{"className": "BlueprintItem", "name": "Eggs", "blueprint": "759a3d9856b4d5d4fa6123150bf46eda", "isStackable": true, "cost": 15, "weight": 0.25, "isNotable": false},
		{"className": "BlueprintItem", "name": "ElkPelt", "blueprint": "b46378d0e7d0bb5418dea66c58b40e65", "isStackable": true, "cost": 20, "weight": 8, "isNotable": false},
		{"className": "BlueprintItem", "name": "ElvenAbsent", "blueprint": "4490c058bc9e6de4c86e119ce271914b", "isStackable": true, "cost": 400, "weight": 0.5, "isNotable": false},
		{"className": "BlueprintItem", "name": "Emerald", "blueprint": "ffae16a82725ad74da7e67b856f6c909", "isStackable": true, "cost": 2000, "weight": 0.1, "isNotable": false},
		{"className": "BlueprintItem", "name": "EnemysBlood", "blueprint": "d870bd6cfd3a93844af7c7807f8b66a0", "isStackable": false, "cost": 0, "weight": 0.5, "isNotable": true},
		{"className": "BlueprintItem", "name": "EverbloomFlowerRoot", "blueprint": "820ebce5e875f7d41a346fbe084c6ef3", "isStackable": false, "cost": 1100, "weight": 0, "isNotable": true},
		{"className": "BlueprintItem", "name": "ExpensivePetal", "blueprint": "0c5f727578903c54e89e2c28a5f88d6d", "isStackable": true, "cost": 7, "weight": 0.05, "isNotable": false},
		{"className": "BlueprintItem", "name": "ExquisitePearl", "blueprint": "f682126f69da1ea479bf1ddf1d775d97", "isStackable": true, "cost": 80, "weight": 0.1, "isNotable": false},
		{"className": "BlueprintItem", "name": "FakeBriar", "blueprint": "aa5ca6f629961c44d9b26fe45de72d21", "isStackable": false, "cost": 1000, "weight": 1, "isNotable": true},
		{"className": "BlueprintItem", "name": "FangberryQuest", "blueprint": "c9ad3a42f0c2d7c4b8ba3b38b8e6f24b", "isStackable": false, "cost": 10, "weight": 0, "isNotable": true},
		{"className": "BlueprintItem", "name": "FeatherTokens", "blueprint": "ef0f5b2fbea690c4aaeff7079754e794", "isStackable": false, "cost": 500, "weight": 0.5, "isNotable": true},
		{"className": "BlueprintItem", "name": "Fire Gem", "blueprint": "1c34c7310a31e2c4bac1ce26e11b32de", "isStackable": false, "cost": 2000, "weight": 2, "isNotable": false},
		{"className": "BlueprintItem", "name": "FirstWorldFruit", "blueprint": "cfd6af2c28341d245b635b25cc673535", "isStackable": true, "cost": 4000, "weight": 0.5, "isNotable": false},
		{"className": "BlueprintItem", "name": "FirstWorldMincePie_item", "blueprint": "4015665bc6f0b26488d71a10b495dfc2", "isStackable": false, "cost": 100, "weight": 0.5, "isNotable": true},
		{"className": "BlueprintItem", "name": "FishOnStick_item", "blueprint": "ab4422e5a50651f479775fd746447ec1", "isStackable": false, "cost": 100, "weight": 0.5, "isNotable": true},
		{"className": "BlueprintItem", "name": "Flour", "blueprint": "418a5f5ce964b5244bc7d2f1787bfe4f", "isStackable": true, "cost": 8, "weight": 0.25, "isNotable": false},
		{"className": "BlueprintItem", "name": "Fowl", "blueprint": "132d9f3fdf1f00f4db22304ab930e409", "isStackable": true, "cost": 40, "weight": 0.25, "isNotable": false},
		{"className": "BlueprintItem", "name": "FoxSignetRing", "blueprint": "78ab9461f5578604a95ba4d971816786", "isStackable": false, "cost": 50, "weight": 0, "isNotable": true},
		{"className": "BlueprintItem", "name": "Fruits", "blueprint": "3e44c07f1bd3e834fa82486ff1cbab1c", "isStackable": true, "cost": 33, "weight": 0.25, "isNotable": false},
		{"className": "BlueprintItem", "name": "GaltRagout_item", "blueprint": "bae40dc665fdc1346a8395ed88fb8c02", "isStackable": false, "cost": 100, "weight": 0.5, "isNotable": true},
		{"className": "BlueprintItem", "name": "GassufLetter", "blueprint": "7f00ca8273932c14ebc801f3b392a056", "isStackable": false, "cost": 0, "weight": 0, "isNotable": false},
		{"className": "BlueprintItem", "name": "GiantScrambledEggWithShambletus_item", "blueprint": "88c9eb0918c097949859183e9161a244", "isStackable": false, "cost": 100, "weight": 0.5, "isNotable": true},
		{"className": "BlueprintItem", "name": "GiantSpiderLegs", "blueprint": "178983057a1bec24eb290af1b5bcdb92", "isStackable": true, "cost": 320, "weight": 0.4, "isNotable": false},
		{"className": "BlueprintItem", "name": "GildedHorn", "blueprint": "3bf029b9fdce9cb40b62d888db5dbadb", "isStackable": true, "cost": 320, "weight": 0.05, "isNotable": false},
		{"className": "BlueprintItem", "name": "Gloomberry", "blueprint": "97b2800e08d30854690c6b8a18e06903", "isStackable": false, "cost": 10, "weight": 0, "isNotable": true},
		{"className": "BlueprintItem", "name": "GoldCoins", "blueprint": "f2bc0997c24e573448c6c91d2be88afa", "isStackable": true, "cost": 1, "weight": 0, "isNotable": false},
		{"className": "BlueprintItem", "name": "GoldEmbroideredCarpet", "blueprint": "bbc5b4e709f219d4996c6816d7415a7a", "isStackable": true, "cost": 600, "weight": 40, "isNotable": false},
		{"className": "BlueprintItem", "name": "GoldenAshtray", "blueprint": "29945d36d9eefc149a9d1193b47c2b19", "isStackable": true, "cost": 500, "weight": 0.05, "isNotable": false},
		{"className": "BlueprintItem", "name": "GoldenChalice", "blueprint": "ba130e491a4c5c54aa6b9d2bc758fc2e", "isStackable": true, "cost": 450, "weight": 0.05, "isNotable": false},
		{"className": "BlueprintItem", "name": "GoldenEarring", "blueprint": "1a562c5ea7163654e8a8c3c0acc97abf", "isStackable": true, "cost": 60, "weight": 0.05, "isNotable": false},
		{"className": "BlueprintItem", "name": "GoldenIngot", "blueprint": "6f0b2c6a856175e469224e102d41b90b", "isStackable": true, "cost": 750, "weight": 0.05, "isNotable": false},
		{"className": "BlueprintItem", "name": "GoldenStatuette", "blueprint": "8adb329f4ac14694eaec87f42a8684d2", "isStackable": true, "cost": 240, "weight": 0.05, "isNotable": false},
		{"className": "BlueprintItem", "name": "GoldenTrinket", "blueprint": "b7979b643062ffc47acf3cbc1ffd697c", "isStackable": true, "cost": 75, "weight": 0.05, "isNotable": false},
		{"className": "BlueprintItem", "name": "GoldPowder", "blueprint": "c114efc6d19807646ab34a069303c019", "isStackable": true, "cost": 24, "weight": 0.05, "isNotable": false},
		{"className": "BlueprintItem", "name": "Golem Gem", "blueprint": "9fa8fd3a039fd174bba432b0aa4d68ec", "isStackable": false, "cost": 2000, "weight": 2, "isNotable": false},
		{"className": "BlueprintItem", "name": "GoodSkin", "blueprint": "3a1409ea792309145837719182f217e0", "isStackable": true, "cost": 14, "weight": 0.05, "isNotable": false},
		{"className": "BlueprintItem", "name": "Greaves_Oathkeeper", "blueprint": "91339dc8718854244b8fe3ef00f3e212", "isStackable": false, "cost": 100, "weight": 5, "isNotable": true},
		{"className": "BlueprintItem", "name": "GreenQuartz", "blueprint": "550aee738b3c3fc40b7be5dba9d152c0", "isStackable": true, "cost": 20, "weight": 0.1, "isNotable": false},
		{"className": "BlueprintItem", "name": "GrilledSilverEel_item", "blueprint": "82ecebca325506348a8cb3b0d11c9a64", "isStackable": false, "cost": 100, "weight": 0.5, "isNotable": true},
		{"className": "BlueprintItem", "name": "GrindingStone", "blueprint": "a903724820fc3dc42aba0a6ad4436aaa", "isStackable": true, "cost": 6, "weight": 0.05, "isNotable": false},
		{"className": "BlueprintItem", "name": "Haggis_item", "blueprint": "2d88221679b4b594da1057689455a99c", "isStackable": false, "cost": 100, "weight": 0.5, "isNotable": true},
		{"className": "BlueprintItem", "name": "HandfulOfGems", "blueprint": "4ab290cc7e961ff46a4d8744dea3f2c9", "isStackable": true, "cost": 18, "weight": 0.05, "isNotable": false},
		{"className": "BlueprintItem", "name": "HeartyPurpleSoup_item", "blueprint": "e25fc844d1c87a04f89d59236241413f", "isStackable": false, "cost": 100, "weight": 0.5, "isNotable": true},
		{"className": "BlueprintItem", "name": "Hematite", "blueprint": "aafb15a557fd21e45bccb3ad97725e2a", "isStackable": true, "cost": 110, "weight": 0.05, "isNotable": false},
		{"className": "BlueprintItem", "name": "HerbLiqueur", "blueprint": "0a2f88f074014554a8ba32d26db2c8c6", "isStackable": true, "cost": 30, "weight": 0.5, "isNotable": false},
		{"className": "BlueprintItem", "name": "Herbs", "blueprint": "925ff9cec4010cc4ba72dcd909b42a50", "isStackable": true, "cost": 34, "weight": 0.25, "isNotable": false},
		{"className": "BlueprintItem", "name": "HodagPelt", "blueprint": "48f334c183dc28148a3c3066ae7e0286", "isStackable": true, "cost": 75, "weight": 9, "isNotable": false},
		{"className": "BlueprintItem", "name": "Honey", "blueprint": "8e21ebf1321b4334d89d32ffcae2d2b1", "isStackable": true, "cost": 40, "weight": 0.25, "isNotable": false},
		{"className": "BlueprintItem", "name": "HuntersRoast_item", "blueprint": "b6a248456bbb18e41b06e266ac7c5106", "isStackable": false, "cost": 100, "weight": 0.5, "isNotable": true},
		{"className": "BlueprintItem", "name": "HydraEye", "blueprint": "15891d6d1d8ecea4a875b2f847bdb43f", "isStackable": true, "cost": 270, "weight": 0.4, "isNotable": false},
		{"className": "BlueprintItem", "name": "Incense", "blueprint": "09b3777f0bc539142b8f58e1e4a570de", "isStackable": true, "cost": 8, "weight": 0.05, "isNotable": false},
		{"className": "BlueprintItem", "name": "InscribedTube", "blueprint": "656e0436a29d63d47925a4badfc90d69", "isStackable": true, "cost": 11, "weight": 0.05, "isNotable": false},
		{"className": "BlueprintItem", "name": "Inubrix", "blueprint": "bd111261ac1798f48bf62d1afad663b4", "isStackable": false, "cost": 0, "weight": 100, "isNotable": true},
		{"className": "BlueprintItem", "name": "InvestigatorsNotebook", "blueprint": "cf7071c32c435e2469ff921b87af6aea", "isStackable": true, "cost": 20, "weight": 0.05, "isNotable": false},
		{"className": "BlueprintItem", "name": "IvoryComb", "blueprint": "a5cb528dc9c15c04084ed2a87076a4ea", "isStackable": true, "cost": 250, "weight": 0.05, "isNotable": false},
		{"className": "BlueprintItem", "name": "IvoryDice", "blueprint": "3fcc181a8b2094b4d9a636b639f0b79b", "isStackable": true, "cost": 400, "weight": 0.05, "isNotable": false},
		{"className": "BlueprintItem", "name": "JabberwockPelt", "blueprint": "8b80f060dd9381e4a889156ebab5374a", "isStackable": true, "cost": 7000, "weight": 30, "isNotable": false},
		{"className": "BlueprintItem", "name": "Jade", "blueprint": "4f68b70286eba114bb2f5fe5f18a566c", "isStackable": true, "cost": 30, "weight": 0.1, "isNotable": false},
		{"className": "BlueprintItem", "name": "JadeClasp", "blueprint": "dd9c95934c90766488ad6696e4ba6285", "isStackable": true, "cost": 230, "weight": 0.05, "isNotable": false},
		{"className": "BlueprintItem", "name": "JadePin", "blueprint": "4bd179f77b436644db48a391418aaa17", "isStackable": true, "cost": 170, "weight": 0.05, "isNotable": false},
		{"className": "BlueprintItem", "name": "Jasper", "blueprint": "1ef3760b4e359c140b124819f7011f67", "isStackable": true, "cost": 50, "weight": 0.1, "isNotable": false},
		{"className": "BlueprintItem", "name": "JeweledRice_item", "blueprint": "0807dd1a7dfdb3b44a1629e2692d242d", "isStackable": false, "cost": 100, "weight": 0.5, "isNotable": true},
		{"className": "BlueprintItem", "name": "Jewels_ShadyDealer", "blueprint": "63144ece459e96547b010e555108c080", "isStackable": false, "cost": 0, "weight": 0.5, "isNotable": true},
		{"className": "BlueprintItem", "name": "Kameberry", "blueprint": "9673fb63c820b5345ad07c32219edfde", "isStackable": true, "cost": 350, "weight": 0.4, "isNotable": false},
		{"className": "BlueprintItem", "name": "KameberryPie_item", "blueprint": "74183a573f14daf43b8a7cc35e95dfb4", "isStackable": false, "cost": 100, "weight": 0.5, "isNotable": true},
		{"className": "BlueprintItem", "name": "LargeBagOfHolding", "blueprint": "6deaab0e39c6f16468c38ff8a32f57a1", "isStackable": false, "cost": 90000, "weight": -300, "isNotable": false},
		{"className": "BlueprintItem", "name": "LeopardPelt", "blueprint": "bfb29b428416faf47afb68709decc6bb", "isStackable": true, "cost": 50, "weight": 8, "isNotable": false},
		{"className": "BlueprintItem", "name": "LinnormPelt", "blueprint": "ba2f26d2188cc5641b1db51e20b5cb5c", "isStackable": true, "cost": 2500, "weight": 30, "isNotable": false},
		{"className": "BlueprintItem", "name": "LinnormTenderloin", "blueprint": "735627add0780bf40a36eaaf1545ed52", "isStackable": true, "cost": 3500, "weight": 0.5, "isNotable": false},
		{"className": "BlueprintItem", "name": "LizardfolkSkins", "blueprint": "de1f85ac247fa01449bd97d633ffdfde", "isStackable": false, "cost": 0, "weight": 10, "isNotable": true},
		{"className": "BlueprintItem", "name": "Mageshroom", "blueprint": "db8d1d614f6e43a45bfdd16ec9a43722", "isStackable": false, "cost": 10, "weight": 0, "isNotable": true},
		{"className": "BlueprintItem", "name": "ManticorePelt", "blueprint": "450b2d61817be2248ae85f1dccb0fbe1", "isStackable": true, "cost": 130, "weight": 10, "isNotable": false},
		{"className": "BlueprintItem", "name": "MastodonMeat", "blueprint": "79afa696a3b96be4fb4329fbdb889520", "isStackable": true, "cost": 250, "weight": 0.4, "isNotable": false},
		{"className": "BlueprintItem", "name": "MastodonPelt", "blueprint": "b9eb281338ceb5c4ea9c0846852864d3", "isStackable": true, "cost": 100, "weight": 30, "isNotable": false},
		{"className": "BlueprintItem", "name": "MastodonSteak_item", "blueprint": "9c1769b76892f374f897d0dfa6267cb1", "isStackable": false, "cost": 100, "weight": 0.5, "isNotable": true},
		{"className": "BlueprintItem", "name": "Mead", "blueprint": "683f4592244f99241ad9242a8a26f3de", "isStackable": true, "cost": 40, "weight": 0.5, "isNotable": false},
		{"className": "BlueprintItem", "name": "Meat", "blueprint": "8faddcf56f3810a4ba2423cb20926333", "isStackable": true, "cost": 41, "weight": 0.25, "isNotable": false},
		{"className": "BlueprintItem", "name": "MegalocerosPelt", "blueprint": "cde9a1fbd41601d49a4efca79d699db5", "isStackable": true, "cost": 40, "weight": 10, "isNotable": false},
		{"className": "BlueprintItem", "name": "Memento_CyclopsCoin", "blueprint": "ea8288077ec1e5241a460f2e920bde13", "isStackable": false, "cost": 400, "weight": 0.1, "isNotable": true},
		{"className": "BlueprintItem", "name": "Memento_DryadToken", "blueprint": "85bd30e46f2245740ab130984795245d", "isStackable": false, "cost": 300, "weight": 0.1, "isNotable": true},
		{"className": "BlueprintItem", "name": "Memento_ElfBead", "blueprint": "703813e1dbe6f14468bf24bad30e92a9", "isStackable": false, "cost": 300, "weight": 0.1, "isNotable": true},
		{"className": "BlueprintItem", "name": "Memento_KellidFetish_item", "blueprint": "a320a1ceec9afaf4dac52566a5be6c80", "isStackable": false, "cost": 300, "weight": 0.1, "isNotable": true},
		{"className": "BlueprintItem", "name": "Memento_RostlandCoin", "blueprint": "c6affaa3e3661924689d5fe2f45793aa", "isStackable": false, "cost": 200, "weight": 0.1, "isNotable": true},
		{"className": "BlueprintItem", "name": "Memento_TaldorTag", "blueprint": "4926b24173c87b44284ce7e435bc9cc9", "isStackable": false, "cost": 300, "weight": 0.1, "isNotable": true},
		{"className": "BlueprintItem", "name": "Memento_TechGear_item", "blueprint": "7cd7050eba3daf340a0046305ad35a59", "isStackable": false, "cost": 300, "weight": 0.1, "isNotable": true},
		{"className": "BlueprintItem", "name": "Memento_ToragPendant", "blueprint": "f5c51d7959aee0c419156857ee69c59c", "isStackable": false, "cost": 400, "weight": 0.1, "isNotable": true},
		{"className": "BlueprintItem", "name": "Milk", "blueprint": "c77df63a09cc4f049af54eeec311280f", "isStackable": true, "cost": 10, "weight": 0.25, "isNotable": false},
		{"className": "BlueprintItem", "name": "MithralIngot", "blueprint": "65706918c1ecab147b5f99117303fcee", "isStackable": true, "cost": 2500, "weight": 0.05, "isNotable": false},
		{"className": "BlueprintItem", "name": "MithralPocketMirror", "blueprint": "4da80cb00547d3b4a9664aaf3ab55b06", "isStackable": true, "cost": 800, "weight": 0.05, "isNotable": false},
		{"className": "BlueprintItem", "name": "MonitorLizardPelt", "blueprint": "d7c61834af697624db3136d4c0f10af7", "isStackable": true, "cost": 35, "weight": 5, "isNotable": false},
		{"className": "BlueprintItem", "name": "MonsterCasserole_item", "blueprint": "52415aa731b92ef488734b3cc779aeb5", "isStackable": false, "cost": 100, "weight": 0.5, "isNotable": true},
		{"className": "BlueprintItem", "name": "Moonstone", "blueprint": "1575d992db377af4298d966cdeaca1be", "isStackable": true, "cost": 70, "weight": 0.1, "isNotable": false},
		{"className": "BlueprintItem", "name": "Mushrooms", "blueprint": "5435c31f1c0a2524dad4ee042500dd50", "isStackable": true, "cost": 37, "weight": 0.25, "isNotable": false},
		{"className": "BlueprintItem", "name": "Narlbarb", "blueprint": "d5617d1f7f1a0a247959013b56aa4add", "isStackable": true, "cost": 290, "weight": 0.4, "isNotable": false},
		{"className": "BlueprintItem", "name": "Necklace", "blueprint": "19f8ec0148552f24496ecde8b511f124", "isStackable": false, "cost": 10, "weight": 0, "isNotable": true},
		{"className": "BlueprintItem", "name": "NobleHops", "blueprint": "bdc4649575bff1b498cfb2471a8934da", "isStackable": true, "cost": 9, "weight": 0.05, "isNotable": false},
		{"className": "BlueprintItem", "name": "NormalWine_EkunQ1", "blueprint": "325307bdcb778d1468a26510947fe768", "isStackable": false, "cost": 15, "weight": 0, "isNotable": false},
		{"className": "BlueprintItem", "name": "Nuts", "blueprint": "a8f054d586bd41c41acb0b5193eb2f42", "isStackable": true, "cost": 30, "weight": 0.25, "isNotable": false},
		{"className": "BlueprintItem", "name": "OldCoinWithDriadName", "blueprint": "66cf7e16e94085647a1e06139808e12d", "isStackable": false, "cost": 10, "weight": 0, "isNotable": true},
		{"className": "BlueprintItem", "name": "OldCoinWithPriestName", "blueprint": "cfd5b6180dfc4c145a848515230cbf5e", "isStackable": false, "cost": 10, "weight": 0, "isNotable": true},
		{"className": "BlueprintItem", "name": "Onion", "blueprint": "fc7271d09ff1e9541935f1cc195682c4", "isStackable": true, "cost": 32, "weight": 0.25, "isNotable": false},
		{"className": "BlueprintItem", "name": "OnionSoup_item", "blueprint": "b70c8244c1a50ff48b8f18f714a332ef", "isStackable": false, "cost": 100, "weight": 0.5, "isNotable": true},
		{"className": "BlueprintItem", "name": "OwlbearEgg", "blueprint": "1d817a453f6b82448839547d3b6046da", "isStackable": true, "cost": 400, "weight": 0.4, "isNotable": false},
		{"className": "BlueprintItem", "name": "OwlbearOmelet_item", "blueprint": "9065c71b61e1e064199a123e0e13348c", "isStackable": false, "cost": 100, "weight": 0.5, "isNotable": true},
		{"className": "BlueprintItem", "name": "OwlbearPelt", "blueprint": "52ca74e9e059f9d42b32f89a82c02744", "isStackable": true, "cost": 130, "weight": 10, "isNotable": false},
		{"className": "BlueprintItem", "name": "Pearl", "blueprint": "17e5973a5ef49ce42ac49117d693efaa", "isStackable": true, "cost": 5, "weight": 0.1, "isNotable": false},
		{"className": "BlueprintItem", "name": "Peridot", "blueprint": "21d5890987c4887469acd001f7244e1e", "isStackable": true, "cost": 90, "weight": 0.1, "isNotable": false},
		{"className": "BlueprintItem", "name": "PetrifiedEgg", "blueprint": "843c6c5b39aefc74b9b69d8dac96463c", "isStackable": true, "cost": 7, "weight": 0.05, "isNotable": false},
		{"className": "BlueprintItem", "name": "PlatinumPen", "blueprint": "6d54b7b416e4544479e591ff3970267e", "isStackable": true, "cost": 520, "weight": 0.05, "isNotable": false},
		{"className": "BlueprintItem", "name": "PocketMirror", "blueprint": "90754324c83a92747b3d39297ba7f877", "isStackable": true, "cost": 45, "weight": 0.05, "isNotable": false},
		{"className": "BlueprintItem", "name": "Port", "blueprint": "38d6a8cf4c15beb488419b3bef2ab692", "isStackable": true, "cost": 30, "weight": 0.5, "isNotable": false},
		{"className": "BlueprintItem", "name": "Potatoes", "blueprint": "29a240fdb2a2d8d46adb05fd4dde702d", "isStackable": true, "cost": 33, "weight": 0.25, "isNotable": false},
		{"className": "BlueprintItem", "name": "PurpleWormCut", "blueprint": "008786527b3cf664d9512502cdeb6792", "isStackable": true, "cost": 2500, "weight": 0.5, "isNotable": false},
		{"className": "BlueprintItem", "name": "PyriteBrooch", "blueprint": "3895603713e2b5f47b0238b9fb706edb", "isStackable": true, "cost": 160, "weight": 0.05, "isNotable": false},
		{"className": "BlueprintItem", "name": "RadishQuest", "blueprint": "49f469fa7304d49418d05a7fe35257b3", "isStackable": false, "cost": 10, "weight": 0, "isNotable": true},
		{"className": "BlueprintItem", "name": "RareRoots", "blueprint": "8cdb03632d9f22a4a8734e81f49f0977", "isStackable": true, "cost": 6, "weight": 0.05, "isNotable": false},
		{"className": "BlueprintItem", "name": "RareWine", "blueprint": "e174236c7bc46be44929aa2a79d2e10b", "isStackable": true, "cost": 350, "weight": 0.5, "isNotable": false},
		{"className": "BlueprintItem", "name": "RestItem", "blueprint": "efa6c2ee9e630384188a50b1ce6600fe", "isStackable": true, "cost": 5, "weight": 10, "isNotable": false},
		{"className": "BlueprintItem", "name": "Rice", "blueprint": "3f0351bb2f0608047acff46161f7a427", "isStackable": true, "cost": 4, "weight": 0.25, "isNotable": false},
		{"className": "BlueprintItem", "name": "RiceAndNutPudding_item", "blueprint": "49015ae30429d394d8e3ac1fe1483c72", "isStackable": false, "cost": 100, "weight": 0.5, "isNotable": true},
		{"className": "BlueprintItem", "name": "RichWine_EkunQ1", "blueprint": "399f1fb6ad94ef043927c657e61e6e11", "isStackable": false, "cost": 100, "weight": 0, "isNotable": false},
		{"className": "BlueprintItem", "name": "RocEgg", "blueprint": "4683f87c04519404ba407d136684665c", "isStackable": true, "cost": 3000, "weight": 0.5, "isNotable": false},
		{"className": "BlueprintItem", "name": "Rope", "blueprint": "347f391695929a84eb4b99f327032fcf", "isStackable": false, "cost": 10, "weight": 1, "isNotable": false},
		{"className": "BlueprintItem", "name": "Ruby", "blueprint": "6922eeb3b29e3fb488e955311bfc5cdc", "isStackable": true, "cost": 3000, "weight": 0.1, "isNotable": false},
		{"className": "BlueprintItem", "name": "Ruby_DemonStatueEye", "blueprint": "129e518867b0b3842bb268edeb76ef0c", "isStackable": true, "cost": 9000, "weight": 0.1, "isNotable": false},
		{"className": "BlueprintItem", "name": "RustyHorseshoe", "blueprint": "dad3e4e2d46c2f449a72c3f452ac25bc", "isStackable": true, "cost": 6, "weight": 0.05, "isNotable": false},
		{"className": "BlueprintItem", "name": "SeasonedWingsAndThighs_item", "blueprint": "bd204add3a429064aa56b31d831dc8f1", "isStackable": false, "cost": 100, "weight": 0.5, "isNotable": true},
		{"className": "BlueprintItem", "name": "Shambletus", "blueprint": "3fd94be2a31f060418aad3518ba195bf", "isStackable": true, "cost": 150, "weight": 0.4, "isNotable": false},
		{"className": "BlueprintItem", "name": "ShepherdsPie_item", "blueprint": "752c2cb125078f346b4b59e7d573ffa5", "isStackable": false, "cost": 100, "weight": 0.5, "isNotable": true},
		{"className": "BlueprintItem", "name": "ShimmeringPollen", "blueprint": "c0989dca3e18c4c488b0b738b61bb924", "isStackable": true, "cost": 12, "weight": 0.05, "isNotable": false},
		{"className": "BlueprintItem", "name": "ShiningShell", "blueprint": "90e2cf554dbd0e649aabeb10c015016c", "isStackable": true, "cost": 4, "weight": 0.05, "isNotable": false},
		{"className": "BlueprintItem", "name": "SilverBell", "blueprint": "d5054b05a8787da4591e66ef829e7276", "isStackable": true, "cost": 60, "weight": 0.05, "isNotable": false},
		{"className": "BlueprintItem", "name": "SilverBuckle", "blueprint": "e63246537cee9c344a71830c84c069e9", "isStackable": true, "cost": 130, "weight": 0.05, "isNotable": false},
		{"className": "BlueprintItem", "name": "SilverDisk", "blueprint": "1eae0544e4429344599871cfc925f7de", "isStackable": true, "cost": 20, "weight": 0.05, "isNotable": false},
		{"className": "BlueprintItem", "name": "SilverEarring", "blueprint": "9a58b7b21e765174da6d19a8e6a1c802", "isStackable": true, "cost": 20, "weight": 0.05, "isNotable": false},
		{"className": "BlueprintItem", "name": "SilverEel", "blueprint": "da0df47e2d2e36743861ba98e28984ad", "isStackable": true, "cost": 330, "weight": 0.4, "isNotable": false},
		{"className": "BlueprintItem", "name": "SilverEmbroideredPurse", "blueprint": "46995f1b796e3ac4dbd8676c92e922ec", "isStackable": true, "cost": 85, "weight": 0.05, "isNotable": false},
		{"className": "BlueprintItem", "name": "SilverFlask", "blueprint": "9d2e0efecb7cb52488703b9e3344681c", "isStackable": true, "cost": 180, "weight": 0.05, "isNotable": false},
		{"className": "BlueprintItem", "name": "SilverFrame", "blueprint": "958d787c261e2b8409539ab1b0df1344", "isStackable": true, "cost": 340, "weight": 0.05, "isNotable": false},
		{"className": "BlueprintItem", "name": "SilverIngot", "blueprint": "892a7c689745652409bb2ae04bb47494", "isStackable": true, "cost": 150, "weight": 0.05, "isNotable": false},
		{"className": "BlueprintItem", "name": "SilverInkpot", "blueprint": "2eda4fe6826aadc4f9b6fa91c7c773fd", "isStackable": true, "cost": 64, "weight": 0.05, "isNotable": false},
		{"className": "BlueprintItem", "name": "SilverPocketMirror", "blueprint": "8aff3d28b850cbb44b72ced89c903bab", "isStackable": true, "cost": 280, "weight": 0.05, "isNotable": false},
		{"className": "BlueprintItem", "name": "SilverPowder", "blueprint": "a8fb959d548fb124ba77f9d84facf17c", "isStackable": true, "cost": 20, "weight": 0.05, "isNotable": false},
		{"className": "BlueprintItem", "name": "SilverSpoon", "blueprint": "ca1922a13065e284093c4e838a6c9976", "isStackable": true, "cost": 24, "weight": 0.05, "isNotable": false},
		{"className": "BlueprintItem", "name": "SilverStatuette", "blueprint": "103b3efb46eb0b34ba0bc07f6fc68592", "isStackable": true, "cost": 80, "weight": 0.05, "isNotable": false},
		{"className": "BlueprintItem", "name": "SilverstepWyvernFish", "blueprint": "d589818897758a149a26db223f9266dc", "isStackable": false, "cost": 10, "weight": 0, "isNotable": false},
		{"className": "BlueprintItem", "name": "SmilodonPelt", "blueprint": "5abb263d144ce4b428b07faebfeb2a1a", "isStackable": true, "cost": 130, "weight": 5, "isNotable": false},
		{"className": "BlueprintItem", "name": "SmokedTroutPate_item", "blueprint": "2ef3b16dc26d4f2488c9eb10daca1105", "isStackable": false, "cost": 100, "weight": 0.5, "isNotable": true},
		{"className": "BlueprintItem", "name": "SoftCheese", "blueprint": "012e57f834bf1ea4eb09236d67d106ca", "isStackable": true, "cost": 48, "weight": 0.25, "isNotable": false},
		{"className": "BlueprintItem", "name": "Spearhead", "blueprint": "b3166a07fe0f31843bf9d88a6b0421bb", "isStackable": false, "cost": 0, "weight": 3, "isNotable": true},
		{"className": "BlueprintItem", "name": "SpicedFish", "blueprint": "8f54b128194d3394892f65dbd04e56ae", "isStackable": false, "cost": 10, "weight": 0, "isNotable": false},
		{"className": "BlueprintItem", "name": "SpiderGlands", "blueprint": "569c43986497b804eacde134442e8f8d", "isStackable": true, "cost": 100, "weight": 2, "isNotable": false},
		{"className": "BlueprintItem", "name": "StagLordBooze", "blueprint": "052cb0f3f240f7e46a303f435b9c802d", "isStackable": false, "cost": 500, "weight": 0.5, "isNotable": true},
		{"className": "BlueprintItem", "name": "SucculentSausages_item", "blueprint": "41b2a335a62f9794a9aab8f86ea5a24f", "isStackable": false, "cost": 100, "weight": 0.5, "isNotable": true},
		{"className": "BlueprintItem", "name": "SvetlanasLetter", "blueprint": "d9704577cdb4e2043b6c32f3937ed911", "isStackable": false, "cost": 0, "weight": 0, "isNotable": false},
		{"className": "BlueprintItem", "name": "SvetlanaWeddingRing", "blueprint": "4e8357109df1977479a30483610de134", "isStackable": false, "cost": 50, "weight": 0, "isNotable": true},
		{"className": "BlueprintItem", "name": "Swampherb", "blueprint": "45587f6502245d84d9815cc0c2b2f712", "isStackable": false, "cost": 10, "weight": 0, "isNotable": true},
		{"className": "BlueprintItem", "name": "SweetPancakes_item", "blueprint": "8cd95114ad4b8a944bf1feca51971351", "isStackable": false, "cost": 100, "weight": 0.5, "isNotable": true},
		{"className": "BlueprintItem", "name": "SweetSyrup", "blueprint": "04864f80887167d448eafa4781671a0f", "isStackable": true, "cost": 100, "weight": 0.4, "isNotable": false},
		{"className": "BlueprintItem", "name": "Taffy_item", "blueprint": "da6b14b5c4d3b514189845b83efd98d5", "isStackable": false, "cost": 100, "weight": 0.5, "isNotable": true},
		{"className": "BlueprintItem", "name": "TaldanFireBrandy", "blueprint": "6f25b8ea8ae603c4cab9ecf8f300c6fe", "isStackable": true, "cost": 350, "weight": 0.5, "isNotable": false},
		{"className": "BlueprintItem", "name": "Tenderloin", "blueprint": "06470b7a4151ba843a4bf3da19a7c432", "isStackable": true, "cost": 50, "weight": 0.25, "isNotable": false},
		{"className": "BlueprintItem", "name": "Tepache", "blueprint": "ace76e7fb52f26649aceabbd04112643", "isStackable": true, "cost": 250, "weight": 0.5, "isNotable": false},
		{"className": "BlueprintItem", "name": "TheFirstCrown_shard1", "blueprint": "e4cb43c09eda3f247acff920dd81526f", "isStackable": false, "cost": 10000, "weight": 0.5, "isNotable": true},
		{"className": "BlueprintItem", "name": "TheFirstCrown_shard2", "blueprint": "465cac4ec1cf59d49825967a43c6f91b", "isStackable": false, "cost": 10000, "weight": 0.5, "isNotable": true},
		{"className": "BlueprintItem", "name": "TheFirstCrown_shard3", "blueprint": "04ca345dbd839e248b333ec76cc7c925", "isStackable": false, "cost": 10000, "weight": 0.5, "isNotable": true},
		{"className": "BlueprintItem", "name": "TheOldTube", "blueprint": "e08ad938d28d00a4c99932943c0feff6", "isStackable": true, "cost": 8, "weight": 0.05, "isNotable": false},
		{"className": "BlueprintItem", "name": "ThylacinePelt", "blueprint": "024c33ed2ad806b45ac65103b1f63260", "isStackable": true, "cost": 10, "weight": 5, "isNotable": false},
		{"className": "BlueprintItem", "name": "TianXiaTea", "blueprint": "881a8406304e1054f8c2d64c22488f3c", "isStackable": true, "cost": 250, "weight": 0.5, "isNotable": false},
		{"className": "BlueprintItem", "name": "TrollhoundHide", "blueprint": "bf370943c57055d479bf4ef93a232df8", "isStackable": true, "cost": 80, "weight": 4, "isNotable": false},
		{"className": "BlueprintItem", "name": "Trout", "blueprint": "46433d3d45f2e4a4383db22c77899d2f", "isStackable": true, "cost": 42, "weight": 0.25, "isNotable": false},
		{"className": "BlueprintItem", "name": "Turquoise", "blueprint": "0e0a31aaffda6464d9dd7fe97a14d267", "isStackable": true, "cost": 25, "weight": 0.1, "isNotable": false},
		{"className": "BlueprintItem", "name": "TuskwaterOysters", "blueprint": "f7d4d50f2978aab4db198b97304fbdc5", "isStackable": true, "cost": 370, "weight": 0.4, "isNotable": false},
		{"className": "BlueprintItem", "name": "UnclearMap", "blueprint": "f59bd0c7c1f32074aa898b7cdcc563a3", "isStackable": true, "cost": 8, "weight": 0.05, "isNotable": false},
		{"className": "BlueprintItem", "name": "UnicornHorn_ShadyDealer", "blueprint": "03caf4431c17e274195f7f663ae40786", "isStackable": false, "cost": 0, "weight": 0.5, "isNotable": true},
		{"className": "BlueprintItem", "name": "Vegetables", "blueprint": "f486b44aa66cd784da6979a14a4ddc4d", "isStackable": true, "cost": 29, "weight": 0.25, "isNotable": false},
		{"className": "BlueprintItem", "name": "VerySharpClaw", "blueprint": "6491698b9d6a18b44b3380b086dea959", "isStackable": true, "cost": 6, "weight": 0.05, "isNotable": false},
		{"className": "BlueprintItem", "name": "Warranty", "blueprint": "579d65e422f721446a5dde27202d7e83", "isStackable": false, "cost": 0, "weight": 0, "isNotable": true},
		{"className": "BlueprintItem", "name": "WarrasksTools", "blueprint": "5c9b79330a87fb041bc955b20278e591", "isStackable": false, "cost": 50, "weight": 0, "isNotable": true},
		{"className": "BlueprintItem", "name": "WaterVial", "blueprint": "77a22f5816dd9af41bfec374a39569ad", "isStackable": false, "cost": 1, "weight": 0, "isNotable": true},
		{"className": "BlueprintItem", "name": "WhimsicalBerry", "blueprint": "316714dc4fe85584a99f4785363eae80", "isStackable": true, "cost": 4, "weight": 0.05, "isNotable": false},
		{"className": "BlueprintItem", "name": "WhiteroseOysters_item", "blueprint": "0bc10603659c332458b75c9dd0dccf1d", "isStackable": false, "cost": 100, "weight": 0.5, "isNotable": true},
		{"className": "BlueprintItem", "name": "Wine", "blueprint": "a52e49a86b923f8469b77032ee612538", "isStackable": true, "cost": 60, "weight": 0.5, "isNotable": false},
		{"className": "BlueprintItem", "name": "WinterWolfPelt", "blueprint": "b5ae97e5683cbfb45a4331a006cc4112", "isStackable": true, "cost": 2000, "weight": 7, "isNotable": false},
		{"className": "BlueprintItem", "name": "WolfPelt", "blueprint": "a9e933a8be019e7439172444965ab45e", "isStackable": true, "cost": 40, "weight": 4, "isNotable": false},
		{"className": "BlueprintItem", "name": "WoodenMug", "blueprint": "c80b93edddd5b2d419f6aa1c28bb7773", "isStackable": true, "cost": 6, "weight": 0.05, "isNotable": false},
		{"className": "BlueprintItem", "name": "WoodenPlate", "blueprint": "9d0287136fe35344e855ff111cbb824d", "isStackable": true, "cost": 6, "weight": 0.05, "isNotable": false},
		{"className": "BlueprintItem", "name": "WoodenSpoon", "blueprint": "ce5f776a6962b20469b6eaa3e2e584b1", "isStackable": true, "cost": 6, "weight": 0.05, "isNotable": false},
		{"className": "BlueprintItem", "name": "WoodmasterFlower", "blueprint": "a093e4e66aa946348b981ac4efc9d678", "isStackable": false, "cost": 400, "weight": 0.1, "isNotable": true},
		{"className": "BlueprintItem", "name": "WoodmasterFlower 1", "blueprint": "7a2290a6ed39ca04e83d1439ab604590", "isStackable": false, "cost": 400, "weight": 0.1, "isNotable": true},
		{"className": "BlueprintItem", "name": "WorgPelt", "blueprint": "ec35deb0d40b107458421ff9b5fe6a33", "isStackable": true, "cost": 120, "weight": 6, "isNotable": false},
		{"className": "BlueprintItem", "name": "WyvernMeat", "blueprint": "e34c8847e4172ad46be8e15d13a73037", "isStackable": true, "cost": 400, "weight": 0.4, "isNotable": false},
		{"className": "BlueprintItem", "name": "WyvernPelt", "blueprint": "47c119efd92c6904f9543b685d1e2bdc", "isStackable": true, "cost": 150, "weight": 11, "isNotable": false}
  ]
}