﻿{
  "Feet": [
		{"className": "BlueprintItemEquipmentFeet", "name": "BonethreaderBootsItem", "blueprint": "591b91f6bd5b7d841a6cf3a9d401f4eb", "isStackable": false, "cost": 60000, "weight": 1, "isNotable": false, "dc": 11},
		{"className": "BlueprintItemEquipmentFeet", "name": "BootsOfElvenKind", "blueprint": "1223ceb45ed647b44a04b44a9312328b", "isStackable": false, "cost": 2500, "weight": 1, "isNotable": false, "dc": 11},
		{"className": "BlueprintItemEquipmentFeet", "name": "BootsOfManticoreItem", "blueprint": "f52308050f98ebe4a8e22f05024ddc94", "isStackable": false, "cost": 67000, "weight": 1, "isNotable": false, "dc": 11},
		{"className": "BlueprintItemEquipmentFeet", "name": "BootsOfSwiftFoot", "blueprint": "8644bca1c3bf6f64ab4d89be643a8850", "isStackable": false, "cost": 3500, "weight": 2, "isNotable": false, "dc": 11},
		{"className": "BlueprintItemEquipmentFeet", "name": "BootsOfTheLightStepItem", "blueprint": "815cc85ce13ab64428253aea3b6708a8", "isStackable": false, "cost": 44000, "weight": 1, "isNotable": false, "dc": 11},
		{"className": "BlueprintItemEquipmentFeet", "name": "BootsOfTheSwampItem", "blueprint": "1ccb68fd1e0f6d141b739e3744e5af4e", "isStackable": false, "cost": 75000, "weight": 1, "isNotable": false, "dc": 11},
		{"className": "BlueprintItemEquipmentFeet", "name": "ConnectiontoEarthBoostItem", "blueprint": "57d89d9340dedb449a279622ec0541be", "isStackable": false, "cost": 35000, "weight": 2, "isNotable": false, "dc": 11},
		{"className": "BlueprintItemEquipmentFeet", "name": "DevilsBootsItem", "blueprint": "0da402fcbd1ab3d4e852a4a831c3f468", "isStackable": false, "cost": 53000, "weight": 1, "isNotable": false, "dc": 11},
		{"className": "BlueprintItemEquipmentFeet", "name": "EvadingStepsItem", "blueprint": "91b1162500bb78545b0f802e33dfd8d6", "isStackable": false, "cost": 72000, "weight": 2, "isNotable": false, "dc": 0},
		{"className": "BlueprintItemEquipmentFeet", "name": "OpportunistsBoots", "blueprint": "05996c33b27ac4849ab3d02b5cb460a2", "isStackable": false, "cost": 13670, "weight": 1, "isNotable": false, "dc": 11},
		{"className": "BlueprintItemEquipmentFeet", "name": "PermanentFreedomItem", "blueprint": "29ec0781b00678541acd9d0f30043967", "isStackable": false, "cost": 87000, "weight": 2, "isNotable": false, "dc": 0},
		{"className": "BlueprintItemEquipmentFeet", "name": "StabilityStanceItem", "blueprint": "1efbe2ef6e22cf34eaa24ab7b6c061ad", "isStackable": false, "cost": 108000, "weight": 2, "isNotable": false, "dc": 0}
  ]
}