﻿{
  "Neck": [
		{"className": "BlueprintItemEquipmentNeck", "name": "AmuletOfAgileFists", "blueprint": "afd04948b8f211c448f1cc4bd9a67e3e", "isStackable": false, "cost": 4000, "weight": 0.1, "isNotable": false, "dc": 11},
		{"className": "BlueprintItemEquipmentNeck", "name": "AmuletOfAgileFistsPlus1", "blueprint": "057127ddc43059a4ea9c638ad199fa2e", "isStackable": false, "cost": 16000, "weight": 0.1, "isNotable": false, "dc": 11},
		{"className": "BlueprintItemEquipmentNeck", "name": "AmuletOfAgileFistsPlus2", "blueprint": "e645015fe02c29e40be2559795a2993b", "isStackable": false, "cost": 36000, "weight": 0.1, "isNotable": false, "dc": 11},
		{"className": "BlueprintItemEquipmentNeck", "name": "AmuletOfAgileFistsPlus3", "blueprint": "302fe578692531b4094bd87b8a296f09", "isStackable": false, "cost": 64000, "weight": 0.1, "isNotable": false, "dc": 11},
		{"className": "BlueprintItemEquipmentNeck", "name": "AmuletOfAgileFistsPlus4", "blueprint": "296a9377c1f5ea44c82f023e5f54e4a3", "isStackable": false, "cost": 100000, "weight": 0.1, "isNotable": false, "dc": 11},
		{"className": "BlueprintItemEquipmentNeck", "name": "AmuletOfDeepWaterItem", "blueprint": "35a3d8b21bf0a6044aeff000bb965cd8", "isStackable": false, "cost": 75000, "weight": 0.1, "isNotable": true, "dc": 0},
		{"className": "BlueprintItemEquipmentNeck", "name": "AmuletOfEternalHunter", "blueprint": "c4c7997fb14c9ee47a384d76fbc4512a", "isStackable": false, "cost": 11000, "weight": 0.1, "isNotable": false, "dc": 11},
		{"className": "BlueprintItemEquipmentNeck", "name": "AmuletOfEvilDoomItem", "blueprint": "f02eb9b8cb10d434d905225796f0345b", "isStackable": false, "cost": 45000, "weight": 0.1, "isNotable": false, "dc": 0},
		{"className": "BlueprintItemEquipmentNeck", "name": "AmuletOfFourElementsItem", "blueprint": "140e0480b4c1b5747b70f66e31d5d94b", "isStackable": false, "cost": 23080, "weight": 0.1, "isNotable": false, "dc": 11},
		{"className": "BlueprintItemEquipmentNeck", "name": "AmuletofInitiative", "blueprint": "5cacbec6a8ddfae4389d82fbf75ec2c1", "isStackable": false, "cost": 17230, "weight": 0.1, "isNotable": false, "dc": 11},
		{"className": "BlueprintItemEquipmentNeck", "name": "AmuletOfInnerVirtue", "blueprint": "8722776a6f94485499fe476bce767716", "isStackable": false, "cost": 259200, "weight": 0.1, "isNotable": false, "dc": 16},
		{"className": "BlueprintItemEquipmentNeck", "name": "AmuletOfLifeVeilItem", "blueprint": "138f2b7ce23a4fa4fa3d633c1d3a0ae3", "isStackable": false, "cost": 43120, "weight": 0.1, "isNotable": false, "dc": 16},
		{"className": "BlueprintItemEquipmentNeck", "name": "AmuletOfMightyFists1", "blueprint": "a82d4f94b327d6743ad9c2b9c440061c", "isStackable": false, "cost": 4000, "weight": 0.1, "isNotable": false, "dc": 11},
		{"className": "BlueprintItemEquipmentNeck", "name": "AmuletOfMightyFists2", "blueprint": "c640025d7096aba49bd19e7ffcac9400", "isStackable": false, "cost": 16000, "weight": 0.1, "isNotable": false, "dc": 11},
		{"className": "BlueprintItemEquipmentNeck", "name": "AmuletOfMightyFists3", "blueprint": "975aad0cf1a32534fb4c1359b7d952b2", "isStackable": false, "cost": 36000, "weight": 0.1, "isNotable": false, "dc": 11},
		{"className": "BlueprintItemEquipmentNeck", "name": "AmuletOfMightyFists4", "blueprint": "75ebf721bdece6342b0078a765b1f65a", "isStackable": false, "cost": 64000, "weight": 0.1, "isNotable": false, "dc": 11},
		{"className": "BlueprintItemEquipmentNeck", "name": "AmuletOfMightyFists5", "blueprint": "ff74157b090c1744598408c8f221b9fc", "isStackable": false, "cost": 100000, "weight": 0.1, "isNotable": false, "dc": 11},
		{"className": "BlueprintItemEquipmentNeck", "name": "AmuletOfNaturalArmor1", "blueprint": "209960f8d60e23a4c8e75d14e2261263", "isStackable": false, "cost": 2000, "weight": 0.1, "isNotable": false, "dc": 11},
		{"className": "BlueprintItemEquipmentNeck", "name": "AmuletOfNaturalArmor2", "blueprint": "becc4c1d40a77814f98c0b175e92d17c", "isStackable": false, "cost": 8000, "weight": 0.1, "isNotable": false, "dc": 11},
		{"className": "BlueprintItemEquipmentNeck", "name": "AmuletOfNaturalArmor3", "blueprint": "081a2ffe763320a469de20f1e9b1cd71", "isStackable": false, "cost": 18000, "weight": 0.1, "isNotable": false, "dc": 11},
		{"className": "BlueprintItemEquipmentNeck", "name": "AmuletOfNaturalArmor4", "blueprint": "4378ef58796eb9744b96538c2baf8c07", "isStackable": false, "cost": 32000, "weight": 0.1, "isNotable": false, "dc": 11},
		{"className": "BlueprintItemEquipmentNeck", "name": "AmuletOfNaturalArmor5", "blueprint": "11f435140501db84e8e787bf8792fac2", "isStackable": false, "cost": 50000, "weight": 0.1, "isNotable": false, "dc": 11},
		{"className": "BlueprintItemEquipmentNeck", "name": "AmuletofPersuasion", "blueprint": "a35a6b6cb58453f47b10a81cddb6b9c3", "isStackable": false, "cost": 29500, "weight": 0.1, "isNotable": false, "dc": 13},
		{"className": "BlueprintItemEquipmentNeck", "name": "AmuletOfSpells", "blueprint": "b9bc244f20551564da681a54865a2103", "isStackable": false, "cost": 34680, "weight": 0.1, "isNotable": false, "dc": 11},
		{"className": "BlueprintItemEquipmentNeck", "name": "AmuletOfTimeTrickery", "blueprint": "8fdd83cc5f9d57e4387430a1b437de0c", "isStackable": false, "cost": 5400, "weight": 0.1, "isNotable": false, "dc": 0},
		{"className": "BlueprintItemEquipmentNeck", "name": "Artifact_NecklaceOfDoubleCorsses", "blueprint": "d429166c2179133448a8a7b8fbec470e", "isStackable": false, "cost": 7000, "weight": 0.1, "isNotable": true, "dc": 11},
		{"className": "BlueprintItemEquipmentNeck", "name": "BeholderOfWindAmuletItem", "blueprint": "a22e2c829b0ce44418919def9bf51885", "isStackable": false, "cost": 11600, "weight": 0.1, "isNotable": false, "dc": 0},
		{"className": "BlueprintItemEquipmentNeck", "name": "BindingsOfThePrinceItem", "blueprint": "33674f7c73f0da0448ce6d84c6846f1a", "isStackable": false, "cost": 110000, "weight": 0.1, "isNotable": false, "dc": 24},
		{"className": "BlueprintItemEquipmentNeck", "name": "BlackPearlPendant", "blueprint": "d3707bd5d57f7b64ba591a7a9db640e3", "isStackable": true, "cost": 900, "weight": 0.05, "isNotable": false, "dc": 11},
		{"className": "BlueprintItemEquipmentNeck", "name": "BoneNecklace", "blueprint": "ecd2f72602f59af459323f0417368abf", "isStackable": false, "cost": 36, "weight": 0.05, "isNotable": false, "dc": 11},
		{"className": "BlueprintItemEquipmentNeck", "name": "CitrineNecklace", "blueprint": "426068b72e8055b45a6b8dcfc92c637c", "isStackable": true, "cost": 160, "weight": 0.05, "isNotable": false, "dc": 11},
		{"className": "BlueprintItemEquipmentNeck", "name": "ClockworkPendant", "blueprint": "a42d83fee9771e349bb885dd702bad96", "isStackable": false, "cost": 18000, "weight": 0.1, "isNotable": false, "dc": 0},
		{"className": "BlueprintItemEquipmentNeck", "name": "EmeraldNecklace", "blueprint": "7506e7e62c58c6444881d0896fff5db1", "isStackable": true, "cost": 1000, "weight": 0.05, "isNotable": false, "dc": 11},
		{"className": "BlueprintItemEquipmentNeck", "name": "GiantslayersClasp", "blueprint": "5114819cf9fec3b4db5cffdcb9eded62", "isStackable": false, "cost": 9000, "weight": 0.1, "isNotable": false, "dc": 11},
		{"className": "BlueprintItemEquipmentNeck", "name": "GoldenChain", "blueprint": "688d61ed91f68944da24c61f378c47b5", "isStackable": true, "cost": 120, "weight": 0.05, "isNotable": false, "dc": 11},
		{"className": "BlueprintItemEquipmentNeck", "name": "GoldenMedallion", "blueprint": "32242d89f184f9f47b51bdedb50256c0", "isStackable": true, "cost": 300, "weight": 0.05, "isNotable": false, "dc": 11},
		{"className": "BlueprintItemEquipmentNeck", "name": "GoldenToad", "blueprint": "4230340464dd7ba49a6469e5409993fe", "isStackable": true, "cost": 1000, "weight": 10, "isNotable": false, "dc": 11},
		{"className": "BlueprintItemEquipmentNeck", "name": "GyronnasAmuletItem", "blueprint": "df779981b70c04641b26ad9ba90b245e", "isStackable": false, "cost": 145000, "weight": 0.1, "isNotable": false, "dc": 0},
		{"className": "BlueprintItemEquipmentNeck", "name": "HeartOfIraItem", "blueprint": "c17f627fedd420d4aa871f23d0995fcf", "isStackable": false, "cost": 65000, "weight": 0.1, "isNotable": false, "dc": 0},
		{"className": "BlueprintItemEquipmentNeck", "name": "LocketOfMagicMissileMasteryItem", "blueprint": "6c1f471b01500eb409ed73711ef3b79e", "isStackable": false, "cost": 15100, "weight": 0.1, "isNotable": false, "dc": 25},
		{"className": "BlueprintItemEquipmentNeck", "name": "LocketOfPerfectCantripsItem", "blueprint": "828561d73332c5846b11ffb4bd6df94d", "isStackable": false, "cost": 25100, "weight": 0.1, "isNotable": false, "dc": 25},
		{"className": "BlueprintItemEquipmentNeck", "name": "LockOfHair", "blueprint": "427f54a184bf4754fb0e918f4a60d991", "isStackable": false, "cost": 10, "weight": 0.1, "isNotable": false, "dc": 11},
		{"className": "BlueprintItemEquipmentNeck", "name": "MayasCharmItem", "blueprint": "5719bea74c11d8d4eb66fac430435f04", "isStackable": false, "cost": 6000, "weight": 0.1, "isNotable": false, "dc": 11},
		{"className": "BlueprintItemEquipmentNeck", "name": "MesmerizingNecklaceItem", "blueprint": "d0a0bd80c6c61ba4495abd1191bd4e8a", "isStackable": false, "cost": 1500, "weight": 0.1, "isNotable": false, "dc": 13},
		{"className": "BlueprintItemEquipmentNeck", "name": "OctaviaQ3_NeckReward", "blueprint": "d31f94d534c549541a672189ea30333a", "isStackable": false, "cost": 10, "weight": 0, "isNotable": false, "dc": 11},
		{"className": "BlueprintItemEquipmentNeck", "name": "RiverFoxPendantItem", "blueprint": "169fd99b68c1dd04692c2368a7b957b7", "isStackable": false, "cost": 88000, "weight": 0.1, "isNotable": false, "dc": 0},
		{"className": "BlueprintItemEquipmentNeck", "name": "RiversongAmuletItem", "blueprint": "c4b62855e9f9bfa40b710445cbd91141", "isStackable": false, "cost": 22000, "weight": 0.1, "isNotable": false, "dc": 11},
		{"className": "BlueprintItemEquipmentNeck", "name": "SecretsOfSuramgaminNecklaceItem", "blueprint": "6bbf04b71ee91734dab328837fc168cf", "isStackable": false, "cost": 25100, "weight": 0.1, "isNotable": false, "dc": 25},
		{"className": "BlueprintItemEquipmentNeck", "name": "SilverChain", "blueprint": "b8a84c05641f88e4ca5a6181ddc9eb79", "isStackable": true, "cost": 40, "weight": 0.05, "isNotable": false, "dc": 11},
		{"className": "BlueprintItemEquipmentNeck", "name": "SilverMedallion", "blueprint": "06846b7beaca5444d8eebfebc320adca", "isStackable": true, "cost": 150, "weight": 0.05, "isNotable": false, "dc": 11},
		{"className": "BlueprintItemEquipmentNeck", "name": "StagLordBrokenAmulet", "blueprint": "31413c8cbb7423549b5164ac4902b424", "isStackable": false, "cost": 10, "weight": 0.1, "isNotable": true, "dc": 11},
		{"className": "BlueprintItemEquipmentNeck", "name": "StormAmberNecklaceItem", "blueprint": "e3acbfd13b857ed41a1ba8c330824f7d", "isStackable": false, "cost": 6000, "weight": 0.1, "isNotable": false, "dc": 11},
		{"className": "BlueprintItemEquipmentNeck", "name": "TurquoisePendant", "blueprint": "d7d19d4517998d6498f99f60ad03fe88", "isStackable": true, "cost": 400, "weight": 0.05, "isNotable": false, "dc": 11},
		{"className": "BlueprintItemEquipmentNeck", "name": "XavornsCrossItem", "blueprint": "4537e2beb46b28a47bde3e3e1ac95255", "isStackable": false, "cost": 45000, "weight": 0.1, "isNotable": false, "dc": 0}
  ]
}