﻿{
  "Shoulders": [
		{"className": "BlueprintItemEquipmentShoulders", "name": "Artifact_SoulsCloakItem", "blueprint": "d53d1c60393cfc84c970c8029de75ad1", "isStackable": false, "cost": 45000, "weight": 3, "isNotable": true, "dc": 11},
		{"className": "BlueprintItemEquipmentShoulders", "name": "BlackFurCloakItem", "blueprint": "ae0cf84fb23478f4aaa07e3d10984bea", "isStackable": false, "cost": 35000, "weight": 1, "isNotable": false, "dc": 11},
		{"className": "BlueprintItemEquipmentShoulders", "name": "BlackKnightCloakItem", "blueprint": "7bbe13f76b9c91141a98a145d2832f4a", "isStackable": false, "cost": 65400, "weight": 1, "isNotable": false, "dc": 11},
		{"className": "BlueprintItemEquipmentShoulders", "name": "CloakOfHeroism", "blueprint": "dd7e65ef127b930488b85a48616b4baa", "isStackable": false, "cost": 1800, "weight": 3, "isNotable": false, "dc": 0},
		{"className": "BlueprintItemEquipmentShoulders", "name": "CloakOfInnerWarmthItem", "blueprint": "8dfafc99c41d5f645888eb15388904ea", "isStackable": false, "cost": 1800, "weight": 5, "isNotable": false, "dc": 0},
		{"className": "BlueprintItemEquipmentShoulders", "name": "CloakOfResistance1", "blueprint": "4aea6773c1da01c42bd382c1b7c384bc", "isStackable": false, "cost": 1000, "weight": 3, "isNotable": false, "dc": 11},
		{"className": "BlueprintItemEquipmentShoulders", "name": "CloakOfResistance2", "blueprint": "04dff7841c5f499478c91487d9bbdcef", "isStackable": false, "cost": 4000, "weight": 3, "isNotable": false, "dc": 11},
		{"className": "BlueprintItemEquipmentShoulders", "name": "CloakOfResistance3", "blueprint": "9f3c56d5247154e47b5ca9500f4d86ce", "isStackable": false, "cost": 9000, "weight": 3, "isNotable": false, "dc": 11},
		{"className": "BlueprintItemEquipmentShoulders", "name": "CloakOfResistance4", "blueprint": "096125bfb3b364849b02ab65297f71de", "isStackable": false, "cost": 16000, "weight": 3, "isNotable": false, "dc": 11},
		{"className": "BlueprintItemEquipmentShoulders", "name": "CloakOfResistance5", "blueprint": "a34cd0f80d04ec647af741d924a3e2a3", "isStackable": false, "cost": 25000, "weight": 3, "isNotable": false, "dc": 11},
		{"className": "BlueprintItemEquipmentShoulders", "name": "CloakOfResistance6", "blueprint": "37090c79c13262f45821d91071efc138", "isStackable": false, "cost": 140000, "weight": 3, "isNotable": false, "dc": 11},
		{"className": "BlueprintItemEquipmentShoulders", "name": "CloakOfSeerItem", "blueprint": "017f9cbc5ff31e74598e2ef0379d3c82", "isStackable": false, "cost": 48600, "weight": 3, "isNotable": false, "dc": 0},
		{"className": "BlueprintItemEquipmentShoulders", "name": "CloakOfShadows", "blueprint": "42aa20c20917c41448fd6cb27de98d60", "isStackable": false, "cost": 6000, "weight": 3, "isNotable": false, "dc": 11},
		{"className": "BlueprintItemEquipmentShoulders", "name": "CloakOfSharpFangs", "blueprint": "79d4c7eb1cafab94984205bb2fe54dcd", "isStackable": false, "cost": 10000, "weight": 1, "isNotable": false, "dc": 11},
		{"className": "BlueprintItemEquipmentShoulders", "name": "CloakOfSparklesItem", "blueprint": "5dbe5da0779cb7b47b742ac3f56f1086", "isStackable": false, "cost": 1800, "weight": 5, "isNotable": false, "dc": 0},
		{"className": "BlueprintItemEquipmentShoulders", "name": "CloakOfStagLord", "blueprint": "3496c0af23640bf4a9f0881771514630", "isStackable": false, "cost": 3000, "weight": 4, "isNotable": false, "dc": 11},
		{"className": "BlueprintItemEquipmentShoulders", "name": "CloakOfTheBearItem", "blueprint": "9af35985be20c384a957e5c7dfdb41f2", "isStackable": false, "cost": 45000, "weight": 1, "isNotable": false, "dc": 11},
		{"className": "BlueprintItemEquipmentShoulders", "name": "CloakOfTheChosenItem", "blueprint": "e8596ae383f840c4899f6b1228c731e0", "isStackable": false, "cost": 81000, "weight": 3, "isNotable": false, "dc": 0},
		{"className": "BlueprintItemEquipmentShoulders", "name": "CloakOfTheWinterWolfItem", "blueprint": "77491022ca26d194fbee5e04395ae967", "isStackable": false, "cost": 46000, "weight": 1, "isNotable": false, "dc": 11},
		{"className": "BlueprintItemEquipmentShoulders", "name": "CloakWyvernItem", "blueprint": "b20919f1a98333f449956f0380fae855", "isStackable": false, "cost": 1800, "weight": 5, "isNotable": false, "dc": 0},
		{"className": "BlueprintItemEquipmentShoulders", "name": "DervishCloakItem", "blueprint": "2595ae738523d9c4ea96f0d7e8b35470", "isStackable": false, "cost": 7800, "weight": 3, "isNotable": false, "dc": 22},
		{"className": "BlueprintItemEquipmentShoulders", "name": "EnchantersCapeItem", "blueprint": "41cd16a5d7c786c4ab7fb134f436a135", "isStackable": false, "cost": 3500, "weight": 3, "isNotable": false, "dc": 0},
		{"className": "BlueprintItemEquipmentShoulders", "name": "ExtraplanarCloakItem", "blueprint": "dafc585c01487b74781ae43f1a747d9e", "isStackable": false, "cost": 19600, "weight": 3, "isNotable": false, "dc": 0},
		{"className": "BlueprintItemEquipmentShoulders", "name": "GrimMantleItem", "blueprint": "aff7db5f5fa7c1a429ad1338908fd8a3", "isStackable": false, "cost": 35000, "weight": 1, "isNotable": false, "dc": 11},
		{"className": "BlueprintItemEquipmentShoulders", "name": "HerbalistCapeItem", "blueprint": "e8157dd509418c449a642dbe4c4dd102", "isStackable": false, "cost": 48000, "weight": 3, "isNotable": false, "dc": 0},
		{"className": "BlueprintItemEquipmentShoulders", "name": "RoguesCompanionItem", "blueprint": "d24d5bcf3b99c6948a85c83d8c711ed2", "isStackable": false, "cost": 10100, "weight": 3, "isNotable": false, "dc": 0},
		{"className": "BlueprintItemEquipmentShoulders", "name": "RulersMantleItem", "blueprint": "d243856faedafb348ac448402efc1d12", "isStackable": false, "cost": 1000, "weight": 3, "isNotable": false, "dc": 11},
		{"className": "BlueprintItemEquipmentShoulders", "name": "ShamansCloak", "blueprint": "029d52c91f3e6af488610609033bb011", "isStackable": false, "cost": 185000, "weight": 3, "isNotable": false, "dc": 0},
		{"className": "BlueprintItemEquipmentShoulders", "name": "ShroudOfAbaddon", "blueprint": "03d72918c5f5c4d498607e76231e3487", "isStackable": false, "cost": 36000, "weight": 6, "isNotable": false, "dc": 11},
		{"className": "BlueprintItemEquipmentShoulders", "name": "ShroudOfDecayItem", "blueprint": "4b7d966416275e545b4214276e6ae5a2", "isStackable": false, "cost": 64900, "weight": 3, "isNotable": false, "dc": 0},
		{"className": "BlueprintItemEquipmentShoulders", "name": "ShroudOfEternalMadness", "blueprint": "c64b02049acdafe429d01ddc5d112d54", "isStackable": false, "cost": 163800, "weight": 3, "isNotable": false, "dc": 20},
		{"className": "BlueprintItemEquipmentShoulders", "name": "WarmEmbrace", "blueprint": "4b6af84f2f1821841b6f71d32585208e", "isStackable": false, "cost": 27000, "weight": 3, "isNotable": false, "dc": 16},
		{"className": "BlueprintItemEquipmentShoulders", "name": "WhiteKnightCloakItem", "blueprint": "9e0932ac3db662746b85e92aecb4caaa", "isStackable": false, "cost": 65400, "weight": 1, "isNotable": false, "dc": 11}
  ]
}