<Entity 
  name="DEBUG_NAME:player"
  tags="mortal,human,hittable,peasant,prey,player_unit,teleportable" >
  
	<Base file="data/entities/player_base.xml" include_children="1"> 
	
		<DamageModelComponent 
		air_in_lungs="7" 
		air_in_lungs_max="7" 
		air_lack_of_damage="0.6" 
		air_needed="0" 
		falling_damage_damage_max="1.2" 
		falling_damage_damage_min="0.1" 
		falling_damage_height_max="250" 
		falling_damage_height_min="70" 
		falling_damages="0" 
		fire_damage_amount="0.2" 
		fire_probability_of_ignition="1" 
		invincibility_frames="60"
		hp="4" 
		is_on_fire="0" 
		materials_damage="1" 
		materials_that_damage="acid,lava,blood_cold_vapour,blood_cold,poison,radioactive_gas,radioactive_gas_static,rock_static_radioactive,rock_static_poison,ice_radioactive_static,ice_radioactive_glass,ice_acid_static,ice_acid_glass,rock_static_cursed,magic_gas_hp_regeneration,gold_radioactive,gold_static_radioactive,rock_static_cursed_green,cursed_liquid,poo_gas"  
		materials_how_much_damage="0.005,0.003,0.0006,0.0009,0.001,0.001,0.001,0.001,0.001,0.001,0.001,0.001,0.001,0.005,-0.005,0.0002,0.0002,0.004,0.0005,0.00001" 
		ragdoll_filenames_file="data/ragdolls/player/filenames.txt" 
		ragdoll_offset_y="-5"
		ragdollify_child_entity_sprites="1"
		blood_spray_material="blood"
		physics_objects_damage="0"
		critical_damage_resistance="1"
		><damage_multipliers
		  explosion="0.35" >
		</damage_multipliers>
		</DamageModelComponent>
		
		<CharacterDataComponent 
		platforming_type="2"
		check_collision_max_size_x="4" 
		check_collision_max_size_y="4" 
		climb_over_y="4" 
		collision_aabb_min_x="-2.0" 
		collision_aabb_max_x="2.0" 
		collision_aabb_min_y="-4.5" 
		collision_aabb_max_y="2.1"
		eff_hg_offset_y="1.28572" 
		eff_hg_position_x="0" 
		eff_hg_position_y="5" 
		eff_hg_size_x="6.42857" 
		eff_hg_size_y="5.14286" 
		eff_hg_velocity_max_x="19.5787896514" 
		eff_hg_velocity_max_y="-11.5714" 
		eff_hg_velocity_min_x="-19.5714" 
		eff_hg_velocity_min_y="-40" 
		eff_hg_damage_min="10"
		eff_hg_damage_max="95"
		eff_hg_update_box2d="0"
		eff_hg_b2force_multiplier="0.0015"
		effect_hit_ground="1" 
		fly_time_max="3.0"
		fly_recharge_spd="0.4"
		fly_recharge_spd_ground="6"
		flying_needs_recharge="0"
		flying_in_air_wait_frames="38"
		flying_recharge_removal_frames="8"
		gravity="0"
		buoyancy_check_offset_y="-7"
		send_transform_update_message="1"
	    ></CharacterDataComponent>

	</Base>   
  
  
  
  <Entity name="inventory_quick">
      <Entity><Base file="data/entities/items/trident_wand.xml" /></Entity>
	  <Entity><Base file="data/entities/items/plasma_wand.xml" /></Entity>
	  <Entity><Base file="data/entities/items/blackhole_wand.xml" /></Entity>
  </Entity>

  <Entity name="inventory_full"/>
	
  </Entity>

<!--
      <Entity><Base file="data/entities/items/trident_wand.xml" /></Entity> 
	  <Entity><Base file="data/entities/items/plasma_wand.xml" /></Entity>
	  <Entity><Base file="data/entities/items/blackhole_wand.xml" /></Entity>
	  <Entity><Base file="data/entities/items/water_wand.xml" /></Entity> 
	  <Entity><Base file="data/entities/items/bomb_wand.xml" /></Entity>
	  
      <Entity><Base file="data/entities/items/pickup/potion_water.xml" /></Entity>
-->
