<Entity name="$projectile_default" tags="projectile_player" >

	<Base file="data/entities/base_projectile.xml" >
    <VelocityComponent
      gravity_y="0"
      air_friction="1.7"
	  mass="0.00"
	  >
    </VelocityComponent>
	</Base>

  <ProjectileComponent 
    _enabled="1" 
    lob_min="0.5"
    lob_max="0.7"
    speed_min="4900"
    speed_max="5000"
    friction="1"
    direction_random_rad="0.00"
    on_death_explode="1"
    on_death_gfx_leave_sprite="0" 
    on_lifetime_out_explode="1"
    explosion_dont_damage_shooter="1"
    on_collision_die="1"
    lifetime="250"
    damage="1000000.0"
    velocity_sets_scale="1"
    lifetime_randomness="7"
    ragdoll_force_multiplier="0.005"
    hit_particle_force_multiplier="0.1"
    muzzle_flash_file=""
    shoot_light_flash_r="248"
    shoot_light_flash_g="166"
    shoot_light_flash_b="255"
    shoot_light_flash_radius="81" 
	knockback_force="0"
	>
    <config_explosion
      never_cache="1" 
      damage="0.0"
      camera_shake="0.5" 
      explosion_radius="2" 
      explosion_sprite="" 
      explosion_sprite_lifetime="0" 
      create_cell_probability="0" 
      hole_destroy_liquid="0" 
      hole_enabled="1" 
      ray_energy="400000"
      max_durability_to_destroy="8"
      particle_effect="0" 
      damage_mortals="1"
	  physics_explosion_power.min="0.22"
      physics_explosion_power.max="0.3" 
      physics_throw_enabled="1" 
      shake_vegetation="1" 
      sparks_count_max="20" 
      sparks_count_min="7" 
      sparks_enabled="0"  
      material_sparks_enabled="1"
      material_sparks_count_max="2"
      material_sparks_count_min="0" 
      light_enabled="0" 
      stains_enabled="1"
      stains_radius="3" >
    </config_explosion>
  </ProjectileComponent>
  
  <SpriteComponent 
    _enabled="1" 
    alpha="1" 
    image_file="data/items_gfx/spark_hell.xml" 
    next_rect_animation="default"
    rect_animation="default"
	additive="1"
    >
  </SpriteComponent>
  
  	<!-- dense emitter -->
	<ParticleEmitterComponent 
		emitted_material_name="liquid_fire"
		offset.x="0"
		offset.y="0"
		x_pos_offset_min="0"
		x_pos_offset_max="0"
		y_pos_offset_min="0"
		y_pos_offset_max="0"
		x_vel_min="0"
		x_vel_max="0"
		y_vel_min="0"
		y_vel_max="0"
		gravity.y="0.0"
		count_min="1"
		count_max="4"
		lifetime_min="0.1"
		lifetime_max="0.2"
		is_trail="1"
		trail_gap="1.0"
		render_on_grid="1"
		fade_based_on_lifetime="1"
		airflow_force="10.5"
		airflow_time="1.401"
		airflow_scale="0.05"
		emission_interval_min_frames="1"
		emission_interval_max_frames="1"
		emit_cosmetic_particles="1"
		create_real_particles="0"
		is_emitting="1" >
	</ParticleEmitterComponent>
	
  	<!-- sparse emitter -->
	<ParticleEmitterComponent 
		emitted_material_name="liquid_fire"
		offset.x="0"
		offset.y="0"
		x_pos_offset_min="0"
		x_pos_offset_max="0"
		y_pos_offset_min="0"
		y_pos_offset_max="0"
		x_vel_min="20"
		x_vel_max="40"
		y_vel_min="0"
		y_vel_max="0"
		gravity.y="0.0"
		count_min="1"
		count_max="2"
		lifetime_min="0.6"
		lifetime_max="0.8"
		is_trail="0"
		trail_gap="8.0"
		render_on_grid="1"
		fade_based_on_lifetime="1"
		airflow_force="1.5"
		airflow_time="0.401"
		airflow_scale="0.05"
		emission_interval_min_frames="1"
		emission_interval_max_frames="10"
		emit_cosmetic_particles="1"
		create_real_particles="0"
		is_emitting="1" >
	</ParticleEmitterComponent>
	
  	<!-- very sparse emitter -->
	<ParticleEmitterComponent 
		emitted_material_name="liquid_fire"
		offset.x="0"
		offset.y="0"
		x_pos_offset_min="0"
		x_pos_offset_max="0"
		y_pos_offset_min="0"
		y_pos_offset_max="0"
		x_vel_min="10"
		x_vel_max="20"
		y_vel_min="0"
		y_vel_max="0"
		gravity.y="0.0"
		count_min="1"
		count_max="1"
		lifetime_min="1.4"
		lifetime_max="1.5"
		is_trail="0"
		trail_gap="8.0"
		render_on_grid="1"
		fade_based_on_lifetime="1"
		airflow_force="0.5"
		airflow_time="0.5"
		airflow_scale="0.05"
		emission_interval_min_frames="10"
		emission_interval_max_frames="20"
		emit_cosmetic_particles="1"
		create_real_particles="0"
		is_emitting="1" >
	</ParticleEmitterComponent>

	<LightComponent 
    _enabled="1" 
	r="248"
	g="166"
	b="81"
    radius="30" >
  </LightComponent>

  <AudioComponent
      file="data/audio/Desktop/projectiles.bank"
      event_root="player_projectiles/flamethrower">
  </AudioComponent>
  
	<VariableStorageComponent
		name="projectile_file"
		value_string="data/entities/items/hell_bullet.xml"
		>
	</VariableStorageComponent>

</Entity>