<?xml version="1.0" encoding="windows-1251" ?>
<game_dialogs>
    <dialog id="pri_a22_army_signaller_about_signal">
        <has_info>pri_b305_second_cam_end</has_info>
        <dont_has_info>pri_a22_army_signaller_about_signal_told</dont_has_info>
        <dont_has_info>pri_b305_fifth_cam_end</dont_has_info>
        <phrase_list>
            <phrase id="12">
                <text>pri_a22_army_signaller_about_signal_12</text>
                <give_info>pri_a22_army_signaller_about_signal_told</give_info>
            </phrase>
            <phrase id="111">
                <text>pri_a22_army_signaller_about_signal_111</text>
                <next>12</next>
            </phrase>
            <phrase id="11">
                <text>pri_a22_army_signaller_about_signal_11</text>
                <next>111</next>
            </phrase>
            <phrase id="0">
                <text>pri_a22_army_signaller_about_signal_0</text>
                <next>1</next>
            </phrase>
            <phrase id="1">
                <text>pri_a22_army_signaller_about_signal_1</text>
                <next>11</next>
                <next>12</next>
            </phrase>
        </phrase_list>
    </dialog>
    <dialog id="pri_a22_army_signaller_b35_about_merc">
        <phrase_list>
            <phrase id="1">
                <text>pri_a22_army_signaller_b35_about_merc_1</text>
                <action>dialogs.break_dialog</action>
                <action>dialogs.disable_ui</action>
                <is_final>1</is_final>
                <give_info>pri_b35_actor_rest</give_info>
            </phrase>
            <phrase id="0">
                <text>pri_a22_army_signaller_b35_about_merc_0</text>
                <action>dialogs_pripyat.pri_b35_transfer_svd</action>
                <next>1</next>
            </phrase>
        </phrase_list>
    </dialog>
    <dialog id="pri_b305_strelok_about_information">
        <has_info>pri_b305_fifth_cam_end</has_info>
        <dont_has_info>pri_b305_strelok_about_information_told</dont_has_info>
        <phrase_list>
            <phrase id="0">
                <text>pri_b305_strelok_about_information_0</text>
                <next>1</next>
            </phrase>
            <phrase id="1">
                <text>pri_b305_strelok_about_information_1</text>
                <give_info>pri_b305_strelok_about_information_told</give_info>
            </phrase>
        </phrase_list>
    </dialog>
    <dialog id="pri_b305_strelok_about_station">
        <has_info>pri_b305_fifth_cam_end</has_info>
        <dont_has_info>pri_b305_strelok_about_station_told</dont_has_info>
        <phrase_list>
            <phrase id="11">
                <text>pri_b305_strelok_about_station_11</text>
                <next>111</next>
            </phrase>
            <phrase id="111">
                <text>pri_b305_strelok_about_station_111</text>
                <give_info>pri_b305_strelok_about_station_told</give_info>
            </phrase>
            <phrase id="0">
                <text>pri_b305_strelok_about_station_0</text>
                <next>1</next>
            </phrase>
            <phrase id="1">
                <text>pri_b305_strelok_about_station_1</text>
                <next>11</next>
                <next>12</next>
            </phrase>
            <phrase id="12">
                <text>pri_b305_strelok_about_station_12</text>
                <give_info>pri_b305_strelok_about_station_told</give_info>
            </phrase>
        </phrase_list>
    </dialog>
    <dialog id="pri_b305_strelok_about_base">
        <has_info>pri_b305_fifth_cam_end</has_info>
        <dont_has_info>pri_b305_strelok_about_base_told</dont_has_info>
        <phrase_list>
            <phrase id="1">
                <text>pri_b305_strelok_about_base_1</text>
                <next>11</next>
                <next>12</next>
                <next>13</next>
            </phrase>
            <phrase id="11">
                <text>pri_b305_strelok_about_base_11</text>
                <dont_has_info>pri_b305_strelok_about_base_q1</dont_has_info>
                <next>111</next>
            </phrase>
            <phrase id="111">
                <text>pri_b305_strelok_about_base_111</text>
                <give_info>pri_b305_strelok_about_base_q1</give_info>
                <next>12</next>
                <next>13</next>
            </phrase>
            <phrase id="12">
                <text>pri_b305_strelok_about_base_12</text>
                <dont_has_info>pri_b305_strelok_about_base_q2</dont_has_info>
                <next>121</next>
            </phrase>
            <phrase id="121">
                <text>pri_b305_strelok_about_base_121</text>
                <give_info>pri_b305_strelok_about_base_q2</give_info>
                <next>11</next>
                <next>13</next>
            </phrase>
            <phrase id="0">
                <text>pri_b305_strelok_about_base_0</text>
                <next>1</next>
            </phrase>
            <phrase id="13">
                <text>pri_b305_strelok_about_base_13</text>
                <give_info>pri_b305_strelok_about_base_told</give_info>
            </phrase>
        </phrase_list>
    </dialog>
    <dialog id="pri_a16_colonel_a21_about_sentry_pass_task_dialog">
        <has_info>pri_a21_spawn_kontroler</has_info>
        <dont_has_info>pri_a21_scene_end</dont_has_info>
        <phrase_list>
            <phrase id="12">
                <text>pri_a16_colonel_a21_about_sentry_pass_task_dialog_12</text>
                <dont_has_info>pri_a21_sentry_task_done</dont_has_info>
                <has_info>pri_a21_from_kontroler_100_m</has_info>
            </phrase>
            <phrase id="1111">
                <text>pri_a16_colonel_a21_about_sentry_pass_task_dialog_1111</text>
                <give_info>pri_a21_scene_end</give_info>
            </phrase>
            <phrase id="111">
                <text>pri_a16_colonel_a21_about_sentry_pass_task_dialog_111</text>
                <next>1111</next>
            </phrase>
            <phrase id="1">
                <text>pri_a16_colonel_a21_about_sentry_pass_task_dialog_1</text>
                <next>11</next>
                <next>12</next>
            </phrase>
            <phrase id="11">
                <text>pri_a16_colonel_a21_about_sentry_pass_task_dialog_11</text>
                <has_info>pri_a21_sentry_task_done</has_info>
                <next>111</next>
            </phrase>
            <phrase id="0">
                <text>pri_a16_colonel_a21_about_sentry_pass_task_dialog_0</text>
                <next>1</next>
            </phrase>
        </phrase_list>
    </dialog>
    <dialog id="pri_b305_strelok_dialog">
        <phrase_list>
            <phrase id="1">
                <text />
                <next>11</next>
            </phrase>
            <phrase id="11">
                <text>pri_b305_strelok_dialog_11</text>
            </phrase>
            <phrase id="0">
                <text />
                <next>1</next>
            </phrase>
        </phrase_list>
    </dialog>
    <dialog id="pri_b305_strelok_note">
        <precondition>dialogs_pripyat.pri_b305_actor_has_strelok_notes</precondition>
        <phrase_list>
            <phrase id="1">
                <text>pri_b305_strelok_note_1</text>
                <next>11</next>
                <next>12</next>
                <next>13</next>
                <next>14</next>
                <next>15</next>
                <next>16</next>
                <next>17</next>
                <next>18</next>
            </phrase>
            <phrase id="0">
                <text>pri_b305_strelok_note_0</text>
                <next>1</next>
            </phrase>
            <phrase id="11">
                <precondition>dialogs_pripyat.pri_b305_actor_has_strelok_note_all</precondition>
                <text>pri_b305_strelok_note_11</text>
                <next>111</next>
            </phrase>
            <phrase id="15">
                <precondition>dialogs_pripyat.pri_b305_actor_has_strelok_note_12</precondition>
                <text>pri_b305_strelok_note_15</text>
                <next>151</next>
            </phrase>
            <phrase id="12">
                <precondition>dialogs_pripyat.pri_b305_actor_has_strelok_note_1</precondition>
                <text>pri_b305_strelok_note_12</text>
                <next>121</next>
            </phrase>
            <phrase id="151">
                <action>dialogs_pripyat.pri_b305_sell_strelok_notes</action>
                <text>pri_b305_strelok_note_151</text>
            </phrase>
            <phrase id="161">
                <action>dialogs_pripyat.pri_b305_sell_strelok_notes</action>
                <text>pri_b305_strelok_note_161</text>
            </phrase>
            <phrase id="111">
                <action>dialogs_pripyat.pri_b305_sell_strelok_notes</action>
                <text>pri_b305_strelok_note_111</text>
            </phrase>
            <phrase id="121">
                <action>dialogs_pripyat.pri_b305_sell_strelok_notes</action>
                <text>pri_b305_strelok_note_121</text>
            </phrase>
            <phrase id="13">
                <precondition>dialogs_pripyat.pri_b305_actor_has_strelok_note_2</precondition>
                <text>pri_b305_strelok_note_13</text>
                <next>131</next>
            </phrase>
            <phrase id="14">
                <precondition>dialogs_pripyat.pri_b305_actor_has_strelok_note_3</precondition>
                <text>pri_b305_strelok_note_14</text>
                <next>141</next>
            </phrase>
            <phrase id="131">
                <action>dialogs_pripyat.pri_b305_sell_strelok_notes</action>
                <text>pri_b305_strelok_note_131</text>
            </phrase>
            <phrase id="141">
                <action>dialogs_pripyat.pri_b305_sell_strelok_notes</action>
                <text>pri_b305_strelok_note_141</text>
            </phrase>
            <phrase id="16">
                <precondition>dialogs_pripyat.pri_b305_actor_has_strelok_note_13</precondition>
                <text>pri_b305_strelok_note_16</text>
                <next>161</next>
            </phrase>
            <phrase id="17">
                <precondition>dialogs_pripyat.pri_b305_actor_has_strelok_note_23</precondition>
                <text>pri_b305_strelok_note_17</text>
                <next>171</next>
            </phrase>
            <phrase id="171">
                <action>dialogs_pripyat.pri_b305_sell_strelok_notes</action>
                <text>pri_b305_strelok_note_171</text>
            </phrase>
            <phrase id="18">
                <text>pri_b305_strelok_note_18</text>
            </phrase>
        </phrase_list>
    </dialog>
    <dialog id="pri_a17_military_colonel_kovalski_a25_base_reminding_2">
        <phrase_list>
            <phrase id="1">
                <text>pri_a17_military_colonel_kovalski_a25_base_reminding_2_1</text>
                <action>dialogs.break_dialog</action>
                <is_final>1</is_final>
                <disable_info>pri_a25_kovaloski_base_1st_dialog</disable_info>
                <give_info>pri_a25_kovaloski_base_2st_dialog</give_info>
            </phrase>
            <phrase id="0">
                <text>pri_a17_military_colonel_kovalski_a25_base_reminding_2_0</text>
                <next>1</next>
            </phrase>
        </phrase_list>
    </dialog>
    <dialog id="pri_a17_military_colonel_kovalski_b35_about_merc_start">
        <has_info>pri_b35_actor_know_about_mercenaries</has_info>
        <dont_has_info>pri_b35_task_running</dont_has_info>
        <dont_has_info>pri_b35_task_refuse</dont_has_info>
        <dont_has_info>pri_b35_kovalski_knows_about_mercs</dont_has_info>
        <phrase_list>
            <phrase id="1">
                <text>pri_a17_military_colonel_kovalski_b35_about_merc_start_1</text>
                <give_info>pri_b35_kovalski_knows_about_mercs</give_info>
            </phrase>
            <phrase id="0">
                <text>pri_a17_military_colonel_kovalski_b35_about_merc_start_0</text>
                <next>1</next>
            </phrase>
        </phrase_list>
    </dialog>
    <dialog id="pri_a17_military_colonel_kovalski_b35_actor_know_about_merc">
        <has_info>pri_b35_kovalski_knows_about_mercs</has_info>
        <has_info>pri_b35_actor_know_about_mercenaries</has_info>
        <has_info>pri_b35_about_mercs_dialog</has_info>
        <dont_has_info>pri_b35_task_running</dont_has_info>
        <dont_has_info>pri_b35_task_refuse</dont_has_info>
        <phrase_list>
            <phrase id="111">
                <text>pri_a17_military_colonel_kovalski_b35_actor_know_about_merc_111</text>
                <next>1111</next>
            </phrase>
            <phrase id="111111121">
                <text>pri_a17_military_colonel_kovalski_b35_actor_know_about_merc_111111121</text>
                <next>111111</next>
                <next>111112</next>
                <next>111113</next>
            </phrase>
            <phrase id="1111">
                <text>pri_a17_military_colonel_kovalski_b35_actor_know_about_merc_1111</text>
                <next>11111</next>
            </phrase>
            <phrase id="11111112">
                <text>pri_a17_military_colonel_kovalski_b35_actor_know_about_merc_11111112</text>
                <next>111111121</next>
            </phrase>
            <phrase id="11111111">
                <text>pri_a17_military_colonel_kovalski_b35_actor_know_about_merc_11111111</text>
                <action>dialogs.break_dialog</action>
                <action>dialogs.disable_ui_only</action>
                <give_info>pri_b35_actor_is_guided</give_info>
            </phrase>
            <phrase id="12">
                <text>pri_a17_military_colonel_kovalski_b35_actor_know_about_merc_12</text>
                <dont_has_info>jup_b19_information_about_merc</dont_has_info>
                <has_info>zat_b40_actor_has_notebook</has_info>
                <next>111</next>
            </phrase>
            <phrase id="1">
                <text>pri_a17_military_colonel_kovalski_b35_actor_know_about_merc_1</text>
                <next>11</next>
                <next>12</next>
                <next>13</next>
            </phrase>
            <phrase id="11">
                <text>pri_a17_military_colonel_kovalski_b35_actor_know_about_merc_11</text>
                <has_info>zat_b40_actor_has_notebook</has_info>
                <has_info>jup_b19_information_about_merc</has_info>
                <next>111</next>
            </phrase>
            <phrase id="13">
                <text>pri_a17_military_colonel_kovalski_b35_actor_know_about_merc_13</text>
                <dont_has_info>zat_b40_actor_has_notebook</dont_has_info>
                <has_info>jup_b19_information_about_merc</has_info>
                <next>111</next>
            </phrase>
            <phrase id="1111121">
                <text>pri_a17_military_colonel_kovalski_b35_actor_know_about_merc_1111121</text>
                <next>11111111</next>
                <next>11111112</next>
            </phrase>
            <phrase id="111113">
                <text>pri_a17_military_colonel_kovalski_b35_actor_know_about_merc_111113</text>
                <give_info>pri_b35_task_refuse</give_info>
            </phrase>
            <phrase id="111112">
                <text>pri_a17_military_colonel_kovalski_b35_actor_know_about_merc_111112</text>
                <disable_info>pri_b35_target_envoy</disable_info>
                <give_info>pri_b35_target_merc</give_info>
                <give_info>pri_b35_task_running</give_info>
                <next>1111121</next>
            </phrase>
            <phrase id="0">
                <text>pri_a17_military_colonel_kovalski_b35_actor_know_about_merc_0</text>
                <next>1</next>
            </phrase>
            <phrase id="11111">
                <text>pri_a17_military_colonel_kovalski_b35_actor_know_about_merc_11111</text>
                <next>111111</next>
                <next>111112</next>
                <next>111113</next>
            </phrase>
            <phrase id="111111">
                <text>pri_a17_military_colonel_kovalski_b35_actor_know_about_merc_111111</text>
                <disable_info>pri_b35_target_merc</disable_info>
                <give_info>pri_b35_target_envoy</give_info>
                <give_info>pri_b35_task_running</give_info>
                <next>1111111</next>
            </phrase>
            <phrase id="1111111">
                <text>pri_a17_military_colonel_kovalski_b35_actor_know_about_merc_1111111</text>
                <next>11111111</next>
                <next>11111112</next>
            </phrase>
        </phrase_list>
    </dialog>
    <dialog id="pri_a17_military_colonel_kovalski_a25_base_reminding_1">
        <phrase_list>
            <phrase id="1">
                <text>pri_a17_military_colonel_kovalski_a25_base_reminding_1_1</text>
                <action>dialogs.break_dialog</action>
                <is_final>1</is_final>
                <disable_info>pri_a25_kovaloski_base_2st_dialog</disable_info>
                <give_info>pri_a25_kovaloski_base_1st_dialog</give_info>
            </phrase>
            <phrase id="0">
                <text>pri_a17_military_colonel_kovalski_a25_base_reminding_1_0</text>
                <next>1</next>
            </phrase>
        </phrase_list>
    </dialog>
    <dialog id="pri_a25_army_medic_need_health_care">
        <phrase_list>
            <phrase id="11">
                <text>pri_a25_army_medic_need_health_care_11</text>
                <action>dialogs.medic_magic_potion</action>
                <next>111</next>
            </phrase>
            <phrase id="111">
                <text>pri_a25_army_medic_need_health_care_111</text>
            </phrase>
            <phrase id="0">
                <text>pri_a25_army_medic_need_health_care_0</text>
                <next>1</next>
                <next>2</next>
            </phrase>
            <phrase id="1">
                <precondition>dialogs.actor_needs_bless</precondition>
                <text>pri_a25_army_medic_need_health_care_1</text>
                <next>11</next>
            </phrase>
            <phrase id="2">
                <precondition>dialogs.actor_is_damn_healthy</precondition>
                <text>pri_a25_army_medic_need_health_care_2</text>
            </phrase>
        </phrase_list>
    </dialog>
    <dialog id="jup_b15_zulus_b301_reward_dialog">
        <has_info>pri_b301_reward_dialog_unable</has_info>
        <dont_has_info>jup_b15_zulus_b301_reward_dialog_done</dont_has_info>
        <phrase_list>
            <phrase id="1">
                <text>jup_b15_zulus_b301_reward_dialog_1</text>
                <dont_has_info>pri_b301_reward_way_1</dont_has_info>
                <next>11</next>
            </phrase>
            <phrase id="11">
                <text>jup_b15_zulus_b301_reward_dialog_11</text>
                <give_info>pri_b301_reward_way_1</give_info>
                <next>2</next>
                <next>111</next>
            </phrase>
            <phrase id="21">
                <text>jup_b15_zulus_b301_reward_dialog_21</text>
                <give_info>pri_b301_reward_way_2</give_info>
                <next>1</next>
                <next>211</next>
            </phrase>
            <phrase id="2">
                <text>jup_b15_zulus_b301_reward_dialog_2</text>
                <dont_has_info>pri_b301_reward_way_2</dont_has_info>
                <next>21</next>
            </phrase>
            <phrase id="211">
                <text>jup_b15_zulus_b301_reward_dialog_211</text>
                <action>dialogs.break_dialog</action>
                <give_info>jup_b15_zulus_b301_reward_dialog_end</give_info>
            </phrase>
            <phrase id="3">
                <text>jup_b15_zulus_b301_reward_dialog_3</text>
                <action>dialogs.break_dialog</action>
                <give_info>jup_b15_zulus_b301_reward_dialog_end</give_info>
            </phrase>
            <phrase id="111">
                <text>jup_b15_zulus_b301_reward_dialog_111</text>
                <action>dialogs.break_dialog</action>
                <give_info>jup_b15_zulus_b301_reward_dialog_end</give_info>
            </phrase>
            <phrase id="0">
                <text>jup_b15_zulus_b301_reward_dialog_0</text>
                <action>dialogs_pripyat.pri_b301_zulus_reward</action>
                <disable_info>pri_b301_reward_dialog_unable</disable_info>
                <give_info>jup_b15_zulus_b301_reward_dialog_done</give_info>
                <next>1</next>
                <next>2</next>
                <next>3</next>
            </phrase>
        </phrase_list>
    </dialog>
    <dialog id="pri_a15_sokolov_pripyat_ready">
        <has_info>jup_b218_soldier_hired</has_info>
        <has_info>jup_b218_pripyat_group_gathering</has_info>
        <precondition>dialogs.level_jupiter</precondition>
        <dont_has_info>pri_a15_sokolov_pripyat_ready_told</dont_has_info>
        <phrase_list>
            <phrase id="0">
                <text>pri_a15_sokolov_pripyat_ready_0</text>
                <give_info>pri_a15_sokolov_pripyat_ready_told</give_info>
                <next>1</next>
            </phrase>
            <phrase id="1">
                <text>pri_a15_sokolov_pripyat_ready_1</text>
            </phrase>
        </phrase_list>
    </dialog>
    <dialog id="pri_a15_sokolov_need_outfit">
        <has_info>jup_b218_soldier_agreed</has_info>
        <has_info>jup_a9_tech_way_info</has_info>
        <has_info>jup_b218_pripyat_group_gathering</has_info>
        <dont_has_info>jup_b218_soldier_need_outfit</dont_has_info>
        <phrase_list>
            <phrase id="0">
                <text>pri_a15_sokolov_need_outfit_0</text>
                <next>1</next>
            </phrase>
            <phrase id="1">
                <text>pri_a15_sokolov_need_outfit_1</text>
                <give_info>jup_b218_soldier_need_outfit</give_info>
            </phrase>
        </phrase_list>
    </dialog>
    <dialog id="pri_a15_sokolov_evacuation_point">
        <precondition>dialogs_jupiter.pri_a15_sokolov_actor_has_not_note</precondition>
        <has_info>pri_a15_sokolov_jupiter_told</has_info>
        <dont_has_info>pri_a15_sokolov_evacuation_point_told</dont_has_info>
        <dont_has_info>pri_a15_sokolov_evacuation_note_told</dont_has_info>
        <phrase_list>
            <phrase id="1">
                <text>pri_a15_sokolov_evacuation_point_1</text>
            </phrase>
            <phrase id="0">
                <text>pri_a15_sokolov_evacuation_point_0</text>
                <give_info>pri_a15_sokolov_evacuation_point_told</give_info>
                <next>1</next>
            </phrase>
        </phrase_list>
    </dialog>
    <dialog id="pri_a15_sokolov_evacuation_note">
        <precondition>dialogs_jupiter.pri_a15_sokolov_actor_has_note</precondition>
        <has_info>pri_a15_sokolov_jupiter_told</has_info>
        <phrase_list>
            <phrase id="0">
                <text>pri_a15_sokolov_evacuation_note_0</text>
                <give_info>pri_a15_sokolov_evacuation_note_told</give_info>
                <next>1</next>
            </phrase>
            <phrase id="1">
                <text>pri_a15_sokolov_evacuation_note_1</text>
                <action>dialogs_jupiter.pri_a15_sokolov_actor_give_note</action>
            </phrase>
        </phrase_list>
    </dialog>
    <dialog id="pri_a25_army_medic_freezer">
        <phrase_list>
            <phrase id="11">
                <text>pri_a25_army_medic_freezer_11</text>
                <next>111</next>
            </phrase>
            <phrase id="0">
                <text>pri_a25_army_medic_freezer_0</text>
                <next>1</next>
            </phrase>
            <phrase id="111">
                <text>pri_a25_army_medic_freezer_111</text>
                <action>dialogs.break_dialog</action>
                <action>dialogs.disable_ui</action>
                <is_final>1</is_final>
                <give_info>pri_a25_rfi_source_eliminated</give_info>
            </phrase>
            <phrase id="1">
                <text>pri_a25_army_medic_freezer_1</text>
                <next>11</next>
            </phrase>
        </phrase_list>
    </dialog>
    <dialog id="jup_b43_stalker_assistant_b301_about_zulus">
        <has_info>pri_b301_zulus_go_back</has_info>
        <dont_has_info>jup_b43_stalker_assistant_b301_about_zulus_done</dont_has_info>
        <phrase_list>
            <phrase id="0">
                <text>jup_b43_stalker_assistant_b301_about_zulus_0</text>
                <next>1</next>
            </phrase>
            <phrase id="1">
                <text>jup_b43_stalker_assistant_b301_about_zulus_1</text>
                <give_info>jup_b43_stalker_assistant_b301_about_zulus_done</give_info>
            </phrase>
        </phrase_list>
    </dialog>
    <dialog id="pri_a25_army_medic_supply_medicine">
        <phrase_list>
            <phrase id="0">
                <text>pri_a25_army_medic_supply_medicine_0</text>
                <next>1</next>
                <next>2</next>
            </phrase>
            <phrase id="1">
                <text>pri_a25_army_medic_supply_medicine_1</text>
                <action>dialogs_pripyat.pri_a25_medic_give_kit</action>
                <disable_info>pri_a25_actor_needs_medikit_supply</disable_info>
                <has_info>pri_a25_actor_needs_medikit_supply</has_info>
            </phrase>
            <phrase id="2">
                <text>pri_a25_army_medic_supply_medicine_2</text>
                <dont_has_info>pri_a25_actor_needs_medikit_supply</dont_has_info>
            </phrase>
        </phrase_list>
    </dialog>
    <dialog id="pri_a16_colonel_a21_about_sentry_dialog">
        <has_info>pri_a21_colonel_give_sentry_task</has_info>
        <dont_has_info>pri_a21_sentry_task_done</dont_has_info>
        <phrase_list>
            <phrase id="1">
                <text>pri_a16_colonel_a21_about_sentry_dialog_1</text>
                <next>11</next>
            </phrase>
            <phrase id="11">
                <text>pri_a16_colonel_a21_about_sentry_dialog_11</text>
            </phrase>
            <phrase id="0">
                <text>pri_a16_colonel_a21_about_sentry_dialog_0</text>
                <next>1</next>
            </phrase>
        </phrase_list>
    </dialog>
    <dialog id="pri_a17_military_base_commander_actor_dialog_1">
        <dont_has_info>pri_a17_talk_with_kovalski_about_mission_end</dont_has_info>
        <dont_has_info>pri_b305_fifth_cam_end</dont_has_info>
        <dont_has_info>pri_a17_actor_bring_gauss_rifle</dont_has_info>
        <dont_has_info>pri_a20_talk_with_colonel_complete</dont_has_info>
        <dont_has_info>pri_a18_found_antenna</dont_has_info>
        <dont_has_info>pri_a21_sentry_task_done</dont_has_info>
        <phrase_list>
            <phrase id="1">
                <text>pri_a17_military_base_commander_actor_dialog_1_1</text>
                <next>11</next>
                <next>12</next>
            </phrase>
            <phrase id="11">
                <text>pri_a17_military_base_commander_actor_dialog_1_11</text>
                <next>111</next>
            </phrase>
            <phrase id="0">
                <text>pri_a17_military_base_commander_actor_dialog_1_0</text>
                <next>1</next>
            </phrase>
            <phrase id="111">
                <text>pri_a17_military_base_commander_actor_dialog_1_111</text>
                <next>12</next>
            </phrase>
            <phrase id="12">
                <text>pri_a17_military_base_commander_actor_dialog_1_12</text>
                <give_info>pri_a17_talk_with_kovalski_about_mission_end</give_info>
            </phrase>
        </phrase_list>
    </dialog>
    <dialog id="pri_a17_military_colonel_kovalski_a23_about_gauss_labx8">
        <has_info>zat_a23_actor_has_gauss_rifle_documentation</has_info>
        <dont_has_info>pri_a23_dialog_about_gauss_labx8_end</dont_has_info>
        <phrase_list>
            <phrase id="111">
                <text>pri_a17_military_colonel_kovalski_a23_about_gauss_labx8_111</text>
                <give_info>pri_a23_dialog_about_gauss_labx8_end</give_info>
            </phrase>
            <phrase id="11">
                <text>pri_a17_military_colonel_kovalski_a23_about_gauss_labx8_11</text>
                <dont_has_info>zat_b101_both_heli_info</dont_has_info>
                <next>111</next>
            </phrase>
            <phrase id="12">
                <text>pri_a17_military_colonel_kovalski_a23_about_gauss_labx8_12</text>
                <has_info>zat_b101_both_heli_info</has_info>
                <next>111</next>
            </phrase>
            <phrase id="0">
                <text>pri_a17_military_colonel_kovalski_a23_about_gauss_labx8_0</text>
                <next>1</next>
            </phrase>
            <phrase id="1">
                <text>pri_a17_military_colonel_kovalski_a23_about_gauss_labx8_1</text>
                <next>11</next>
                <next>12</next>
            </phrase>
        </phrase_list>
    </dialog>
    <dialog id="pri_a16_colonel_a21_about_sentry_start">
        <dont_has_info>pri_a21_colonel_give_sentry_task</dont_has_info>
        <dont_has_info>pri_a21_sentry_task_done</dont_has_info>
        <phrase_list>
            <phrase id="2">
                <text>pri_a16_colonel_a21_about_sentry_start_2</text>
                <give_info>pri_a21_give_task_base</give_info>
            </phrase>
            <phrase id="0">
                <text>pri_a16_colonel_a21_about_sentry_start_0</text>
                <next>1</next>
                <next>2</next>
            </phrase>
            <phrase id="1">
                <text>pri_a16_colonel_a21_about_sentry_start_1</text>
                <give_info>pri_a21_give_task_base</give_info>
            </phrase>
        </phrase_list>
    </dialog>
    <dialog id="pri_a22_army_signaller_about_rfi_source">
        <has_info>pri_a22_colonel_give_task</has_info>
        <dont_has_info>pri_a25_rfi_source_ask_complete</dont_has_info>
        <dont_has_info>pri_b305_second_cam_end</dont_has_info>
        <precondition>dialog_manager.precondition_is_phrase_disabled</precondition>
        <action>dialog_manager.action_disable_phrase</action>
        <phrase_list>
            <phrase id="2">
                <text>pri_a22_army_signaller_about_rfi_source_2</text>
                <dont_has_info>pri_a25_rfi_source_eliminated</dont_has_info>
                <has_info>pri_a22_scene_done</has_info>
            </phrase>
            <phrase id="3">
                <text>pri_a22_army_signaller_about_rfi_source_3</text>
                <give_info>pri_a25_rfi_source_ask_complete</give_info>
                <has_info>pri_a25_rfi_source_eliminated</has_info>
            </phrase>
            <phrase id="1">
                <text>pri_a22_army_signaller_about_rfi_source_1</text>
                <dont_has_info>pri_a25_rfi_source_eliminated</dont_has_info>
                <has_info>pri_a22_colonel_give_task</has_info>
            </phrase>
            <phrase id="0">
                <text>pri_a22_army_signaller_about_rfi_source_0</text>
                <next>1</next>
                <next>2</next>
                <next>3</next>
            </phrase>
        </phrase_list>
    </dialog>
    <dialog id="pri_a18_altar_destroyed_soldiers_start">
        <phrase_list>
            <phrase id="1">
                <text />
                <next>11</next>
                <next>12</next>
            </phrase>
            <phrase id="0">
                <text />
                <next>1</next>
            </phrase>
            <phrase id="12">
                <text>pri_a18_altar_destroyed_soldiers_start_12</text>
                <has_info>pri_a18_altar_destroyed_soldiers_start_told</has_info>
                <next>111</next>
            </phrase>
            <phrase id="111">
                <text>pri_a18_altar_destroyed_soldiers_start_111</text>
                <action>dialogs.break_dialog</action>
                <is_final>1</is_final>
            </phrase>
            <phrase id="11">
                <text>pri_a18_altar_destroyed_soldiers_start_11</text>
                <dont_has_info>pri_a18_altar_destroyed_soldiers_start_told</dont_has_info>
                <give_info>pri_a18_altar_destroyed_soldiers_start_told</give_info>
                <next>111</next>
            </phrase>
        </phrase_list>
    </dialog>
    <dialog id="pri_a18_altar_destroyed_vano_start">
        <phrase_list>
            <phrase id="1">
                <text />
                <next>11</next>
                <next>12</next>
            </phrase>
            <phrase id="111">
                <text>pri_a18_altar_destroyed_vano_start_111</text>
                <action>dialogs.break_dialog</action>
                <is_final>1</is_final>
            </phrase>
            <phrase id="0">
                <text />
                <next>1</next>
            </phrase>
            <phrase id="12">
                <text>pri_a18_altar_destroyed_vano_start_12</text>
                <has_info>pri_a18_altar_destroyed_vano_start_told</has_info>
                <next>111</next>
            </phrase>
            <phrase id="11">
                <text>pri_a18_altar_destroyed_vano_start_11</text>
                <dont_has_info>pri_a18_altar_destroyed_vano_start_told</dont_has_info>
                <give_info>pri_a18_altar_destroyed_vano_start_told</give_info>
                <next>111</next>
            </phrase>
        </phrase_list>
    </dialog>
    <dialog id="pri_a15_sokolov_start_dialog">
        <phrase_list>
            <phrase id="14">
                <text>pri_a15_sokolov_start_dialog_14</text>
                <precondition>dialogs.level_pripyat</precondition>
                <has_info>jup_b218_soldier_hired</has_info>
            </phrase>
            <phrase id="13">
                <text>pri_a15_sokolov_start_dialog_13</text>
                <precondition>dialogs.level_pripyat</precondition>
                <dont_has_info>jup_b218_soldier_hired</dont_has_info>
            </phrase>
            <phrase id="11">
                <text>pri_a15_sokolov_start_dialog_11</text>
                <precondition>dialogs.not_level_pripyat</precondition>
                <dont_has_info>pri_a15_sokolov_where_from_told</dont_has_info>
            </phrase>
            <phrase id="12">
                <text>pri_a15_sokolov_start_dialog_12</text>
                <precondition>dialogs.not_level_pripyat</precondition>
                <has_info>pri_a15_sokolov_where_from_told</has_info>
            </phrase>
            <phrase id="0">
                <text />
                <next>1</next>
            </phrase>
            <phrase id="1">
                <text />
                <next>11</next>
                <next>12</next>
                <next>13</next>
                <next>14</next>
            </phrase>
        </phrase_list>
    </dialog>
    <dialog id="pri_a15_sokolov_goto_zulus">
        <has_info>pri_a15_sokolov_arranged_outfit_told</has_info>
        <phrase_list>
            <phrase id="11">
                <text>pri_a15_sokolov_goto_zulus_11</text>
                <action>dialogs.break_dialog</action>
                <is_final>1</is_final>
                <give_info>jup_b218_soldier_hired</give_info>
            </phrase>
            <phrase id="1">
                <text>pri_a15_sokolov_goto_zulus_1</text>
                <precondition>dialogs.is_surge_not_running</precondition>
                <next>11</next>
            </phrase>
            <phrase id="2">
                <text>pri_a15_sokolov_goto_zulus_2</text>
                <precondition>dialogs.is_surge_running</precondition>
            </phrase>
            <phrase id="0">
                <text>pri_a15_sokolov_goto_zulus_0</text>
                <next>1</next>
                <next>2</next>
            </phrase>
        </phrase_list>
    </dialog>
    <dialog id="jup_b43_stalker_assistant_b35_about_merc_actor">
        <has_info>pri_b35_assistant_start_dialog_done</has_info>
        <dont_has_info>pri_b35_actor_know_about_mercenaries</dont_has_info>
        <phrase_list>
            <phrase id="11">
                <text>jup_b43_stalker_assistant_b35_about_merc_actor_11</text>
                <next>111</next>
            </phrase>
            <phrase id="111">
                <text>jup_b43_stalker_assistant_b35_about_merc_actor_111</text>
                <give_info>pri_b35_actor_know_about_mercenaries</give_info>
            </phrase>
            <phrase id="1">
                <text>jup_b43_stalker_assistant_b35_about_merc_actor_1</text>
                <next>11</next>
            </phrase>
            <phrase id="0">
                <text>jup_b43_stalker_assistant_b35_about_merc_actor_0</text>
                <next>1</next>
            </phrase>
        </phrase_list>
    </dialog>
    <dialog id="pri_a15_sokolov_occupation">
        <has_info>pri_a15_sokolov_jupiter_told</has_info>
        <dont_has_info>pri_a15_sokolov_occupation_told</dont_has_info>
        <phrase_list>
            <phrase id="0">
                <text>pri_a15_sokolov_occupation_0</text>
                <give_info>pri_a15_sokolov_occupation_told</give_info>
                <next>1</next>
            </phrase>
            <phrase id="1">
                <text>pri_a15_sokolov_occupation_1</text>
            </phrase>
        </phrase_list>
    </dialog>
    <dialog id="pri_a15_sokolov_jupiter">
        <has_info>pri_a15_sokolov_where_from_told</has_info>
        <dont_has_info>pri_a15_sokolov_jupiter_told</dont_has_info>
        <phrase_list>
            <phrase id="0">
                <text>pri_a15_sokolov_jupiter_0</text>
                <give_info>pri_a15_sokolov_jupiter_told</give_info>
                <next>1</next>
            </phrase>
            <phrase id="1">
                <text>pri_a15_sokolov_jupiter_1</text>
            </phrase>
        </phrase_list>
    </dialog>
    <dialog id="pri_a15_sokolov_pripyat_group">
        <has_info>pri_a15_sokolov_jupiter_told</has_info>
        <has_info>jup_b218_pripyat_group_gathering</has_info>
        <dont_has_info>jup_b218_soldier_agreed</dont_has_info>
        <dont_has_info>jup_b218_gather_squad_complete</dont_has_info>
        <phrase_list>
            <phrase id="0">
                <text>pri_a15_sokolov_pripyat_group_0</text>
                <give_info>jup_b218_soldier_agreed</give_info>
                <next>1</next>
            </phrase>
            <phrase id="1">
                <text>pri_a15_sokolov_pripyat_group_1</text>
            </phrase>
        </phrase_list>
    </dialog>
    <dialog id="pri_a15_sokolov_where_from">
        <dont_has_info>pri_a15_sokolov_where_from_told</dont_has_info>
        <phrase_list>
            <phrase id="0">
                <text>pri_a15_sokolov_where_from_0</text>
                <give_info>pri_a15_sokolov_where_from_told</give_info>
                <next>1</next>
            </phrase>
            <phrase id="1">
                <text>pri_a15_sokolov_where_from_1</text>
            </phrase>
        </phrase_list>
    </dialog>
    <dialog id="pri_a15_sokolov_helicopter">
        <precondition>dialogs.level_pripyat</precondition>
        <has_info>pri_a15_sokolov_where_from_told</has_info>
        <dont_has_info>pri_a15_sokolov_helicopter_told</dont_has_info>
        <phrase_list>
            <phrase id="0">
                <text>pri_a15_sokolov_helicopter_0</text>
                <give_info>pri_a15_sokolov_helicopter_told</give_info>
                <next>1</next>
            </phrase>
            <phrase id="1">
                <text>pri_a15_sokolov_helicopter_1</text>
            </phrase>
        </phrase_list>
    </dialog>
    <dialog id="pri_a15_sokolov_about_journey">
        <precondition>dialogs.level_pripyat</precondition>
        <has_info>pri_a15_sokolov_where_from_told</has_info>
        <dont_has_info>jup_b43_pri_a20_sokolov_with_garick_trip_to_pripyat_dialog_end</dont_has_info>
        <dont_has_info>jup_b218_soldier_hired</dont_has_info>
        <phrase_list>
            <phrase id="0">
                <text>pri_a15_sokolov_about_journey_0</text>
                <give_info>jup_b43_pri_a20_sokolov_with_garick_trip_to_pripyat_dialog_end</give_info>
                <next>1</next>
            </phrase>
            <phrase id="1">
                <text>pri_a15_sokolov_about_journey_1</text>
            </phrase>
        </phrase_list>
    </dialog>
    <dialog id="pri_a22_army_signaller_supply_ammo">
        <phrase_list>
            <phrase id="2">
                <text>pri_a22_army_signaller_supply_ammo_2</text>
                <dont_has_info>pri_a22_actor_needs_ammo_supply</dont_has_info>
            </phrase>
            <phrase id="112">
                <text>pri_a22_army_signaller_supply_ammo_112</text>
                <action>dialogs_pripyat.pri_a22_army_signaller_supply</action>
                <disable_info>pri_a22_actor_needs_ammo_supply</disable_info>
                <has_info>pri_a22_actor_needs_ammo_supply_one_done</has_info>
            </phrase>
            <phrase id="111">
                <text>pri_a22_army_signaller_supply_ammo_111</text>
                <action>dialogs_pripyat.pri_a22_army_signaller_supply</action>
                <dont_has_info>pri_a22_actor_needs_ammo_supply_one_done</dont_has_info>
                <give_info>pri_a22_actor_needs_ammo_supply_one_done</give_info>
                <next>11</next>
                <next>12</next>
                <next>13</next>
                <next>14</next>
                <next>15</next>
                <next>16</next>
                <next>17</next>
                <next>18</next>
                <next>19</next>
                <next>20</next>
            </phrase>
            <phrase id="16">
                <text>pri_a22_army_signaller_supply_ammo_16</text>
                <give_info>supply_ammo_6</give_info>
                <next>111</next>
                <next>112</next>
            </phrase>
            <phrase id="19">
                <text>pri_a22_army_signaller_supply_ammo_19</text>
                <give_info>supply_ammo_9</give_info>
                <next>111</next>
                <next>112</next>
            </phrase>
            <phrase id="20">
                <text>pri_a22_army_signaller_supply_ammo_20</text>
            </phrase>
            <phrase id="12">
                <text>pri_a22_army_signaller_supply_ammo_12</text>
                <give_info>supply_ammo_2</give_info>
                <next>111</next>
                <next>112</next>
            </phrase>
            <phrase id="13">
                <text>pri_a22_army_signaller_supply_ammo_13</text>
                <give_info>supply_ammo_3</give_info>
                <next>111</next>
                <next>112</next>
            </phrase>
            <phrase id="14">
                <text>pri_a22_army_signaller_supply_ammo_14</text>
                <give_info>supply_ammo_4</give_info>
                <next>111</next>
                <next>112</next>
            </phrase>
            <phrase id="15">
                <text>pri_a22_army_signaller_supply_ammo_15</text>
                <give_info>supply_ammo_5</give_info>
                <next>111</next>
                <next>112</next>
            </phrase>
            <phrase id="17">
                <text>pri_a22_army_signaller_supply_ammo_17</text>
                <give_info>supply_ammo_7</give_info>
                <next>111</next>
                <next>112</next>
            </phrase>
            <phrase id="18">
                <text>pri_a22_army_signaller_supply_ammo_18</text>
                <give_info>supply_ammo_8</give_info>
                <next>111</next>
                <next>112</next>
            </phrase>
            <phrase id="1">
                <text>pri_a22_army_signaller_supply_ammo_1</text>
                <has_info>pri_a22_actor_needs_ammo_supply</has_info>
                <next>11</next>
                <next>12</next>
                <next>13</next>
                <next>14</next>
                <next>15</next>
                <next>16</next>
                <next>17</next>
                <next>18</next>
                <next>19</next>
                <next>20</next>
            </phrase>
            <phrase id="11">
                <text>pri_a22_army_signaller_supply_ammo_11</text>
                <give_info>supply_ammo_1</give_info>
                <next>111</next>
                <next>112</next>
            </phrase>
            <phrase id="0">
                <text>pri_a22_army_signaller_supply_ammo_0</text>
                <next>1</next>
                <next>2</next>
            </phrase>
        </phrase_list>
    </dialog>
    <dialog id="pri_a15_sokolov_acquaintance_after_jorney">
        <precondition>dialogs.level_pripyat</precondition>
        <dont_has_info>jup_b218_soldier_hired</dont_has_info>
        <dont_has_info>pri_a15_sokolov_where_from_told</dont_has_info>
        <phrase_list>
            <phrase id="1">
                <text>pri_a15_sokolov_acquaintance_after_jorney_1</text>
            </phrase>
            <phrase id="0">
                <text>pri_a15_sokolov_acquaintance_after_jorney_0</text>
                <give_info>pri_a15_sokolov_where_from_told</give_info>
                <next>1</next>
            </phrase>
        </phrase_list>
    </dialog>
    <dialog id="pri_a17_military_base_commander_actor_questions_dialog">
        <dont_has_info>pri_a17_colonel_question_unavailable</dont_has_info>
        <dont_has_info>pri_b305_fifth_cam_end</dont_has_info>
        <phrase_list>
            <phrase id="11121211">
                <text>pri_a17_military_base_commander_actor_questions_dialog_11121211</text>
                <next>111212111</next>
            </phrase>
            <phrase id="11121311">
                <text>pri_a17_military_base_commander_actor_questions_dialog_11121311</text>
                <next>111213111</next>
            </phrase>
            <phrase id="111212111">
                <text>pri_a17_military_base_commander_actor_questions_dialog_111212111</text>
                <next>9</next>
                <next>111111</next>
                <next>1113</next>
                <next>1114</next>
            </phrase>
            <phrase id="1112121">
                <text>pri_a17_military_base_commander_actor_questions_dialog_1112121</text>
                <next>11121211</next>
                <next>9</next>
                <next>111111</next>
                <next>1113</next>
                <next>1114</next>
            </phrase>
            <phrase id="111213111">
                <text>pri_a17_military_base_commander_actor_questions_dialog_111213111</text>
                <next>9</next>
                <next>111111</next>
                <next>1113</next>
                <next>1114</next>
            </phrase>
            <phrase id="1112131">
                <text>pri_a17_military_base_commander_actor_questions_dialog_1112131</text>
                <next>11121311</next>
                <next>9</next>
                <next>111111</next>
                <next>1113</next>
                <next>1114</next>
            </phrase>
            <phrase id="15">
                <text>pri_a17_military_base_commander_actor_questions_dialog_15</text>
            </phrase>
            <phrase id="12">
                <text>pri_a17_military_base_commander_actor_questions_dialog_12</text>
                <next>121</next>
            </phrase>
            <phrase id="13">
                <text>pri_a17_military_base_commander_actor_questions_dialog_13</text>
                <next>131</next>
            </phrase>
            <phrase id="1311">
                <text>pri_a17_military_base_commander_actor_questions_dialog_1311</text>
                <next>13111</next>
            </phrase>
            <phrase id="13111">
                <text>pri_a17_military_base_commander_actor_questions_dialog_13111</text>
                <next>1113</next>
                <next>1114</next>
            </phrase>
            <phrase id="141">
                <text>pri_a17_military_base_commander_actor_questions_dialog_141</text>
                <next>1411</next>
                <next>1113</next>
                <next>1114</next>
            </phrase>
            <phrase id="1411">
                <text>pri_a17_military_base_commander_actor_questions_dialog_1411</text>
                <give_info>pri_a17_kovalski_know_about_heli</give_info>
                <next>14111</next>
            </phrase>
            <phrase id="14111">
                <text>pri_a17_military_base_commander_actor_questions_dialog_14111</text>
                <next>1113</next>
                <next>1114</next>
            </phrase>
            <phrase id="131">
                <text>pri_a17_military_base_commander_actor_questions_dialog_131</text>
                <next>1311</next>
                <next>1113</next>
                <next>1114</next>
            </phrase>
            <phrase id="121">
                <text>pri_a17_military_base_commander_actor_questions_dialog_121</text>
                <next>1211</next>
                <next>1113</next>
                <next>1114</next>
            </phrase>
            <phrase id="1211">
                <text>pri_a17_military_base_commander_actor_questions_dialog_1211</text>
                <next>12111</next>
                <next>12112</next>
            </phrase>
            <phrase id="12112">
                <text>pri_a17_military_base_commander_actor_questions_dialog_12112</text>
                <has_info>pri_a17_actor_has_gauss_rifle</has_info>
                <next>1113</next>
                <next>1114</next>
            </phrase>
            <phrase id="12111">
                <text>pri_a17_military_base_commander_actor_questions_dialog_12111</text>
                <dont_has_info>pri_a17_actor_has_gauss_rifle</dont_has_info>
                <next>1113</next>
                <next>1114</next>
            </phrase>
            <phrase id="11111">
                <text>pri_a17_military_base_commander_actor_questions_dialog_11111</text>
                <next>111111</next>
                <next>1113</next>
                <next>1114</next>
            </phrase>
            <phrase id="14">
                <text>pri_a17_military_base_commander_actor_questions_dialog_14</text>
                <dont_has_info>pri_a17_kovalski_know_about_heli</dont_has_info>
                <next>141</next>
            </phrase>
            <phrase id="1">
                <text>pri_a17_military_base_commander_actor_questions_dialog_1</text>
                <next>11</next>
                <next>12</next>
                <next>13</next>
                <next>14</next>
                <next>15</next>
            </phrase>
            <phrase id="111212">
                <text>pri_a17_military_base_commander_actor_questions_dialog_111212</text>
                <next>1112121</next>
            </phrase>
            <phrase id="11122">
                <text>pri_a17_military_base_commander_actor_questions_dialog_11122</text>
                <dont_has_info>pri_a15_sokolov_out</dont_has_info>
                <next>111211</next>
                <next>111212</next>
                <next>111213</next>
                <next>111111</next>
                <next>1113</next>
                <next>1114</next>
            </phrase>
            <phrase id="11">
                <text>pri_a17_military_base_commander_actor_questions_dialog_11</text>
                <next>111</next>
            </phrase>
            <phrase id="111">
                <text>pri_a17_military_base_commander_actor_questions_dialog_111</text>
                <next>1111</next>
                <next>1112</next>
                <next>1113</next>
                <next>15</next>
            </phrase>
            <phrase id="1111">
                <text>pri_a17_military_base_commander_actor_questions_dialog_1111</text>
                <next>11111</next>
            </phrase>
            <phrase id="1114">
                <text>pri_a17_military_base_commander_actor_questions_dialog_1114</text>
            </phrase>
            <phrase id="111211111">
                <text>pri_a17_military_base_commander_actor_questions_dialog_111211111</text>
                <next>9</next>
                <next>111111</next>
                <next>1113</next>
                <next>1114</next>
            </phrase>
            <phrase id="1113">
                <text>pri_a17_military_base_commander_actor_questions_dialog_1113</text>
                <next>1</next>
            </phrase>
            <phrase id="11123">
                <text>pri_a17_military_base_commander_actor_questions_dialog_11123</text>
                <dont_has_info>pas_b400_sokolov_dead</dont_has_info>
                <has_info>pri_a15_sokolov_out</has_info>
                <next>111211</next>
                <next>111212</next>
                <next>111213</next>
                <next>111111</next>
                <next>1113</next>
                <next>1114</next>
            </phrase>
            <phrase id="111111">
                <text>pri_a17_military_base_commander_actor_questions_dialog_111111</text>
                <next>111</next>
            </phrase>
            <phrase id="111213">
                <text>pri_a17_military_base_commander_actor_questions_dialog_111213</text>
                <next>1112131</next>
            </phrase>
            <phrase id="1112">
                <text>pri_a17_military_base_commander_actor_questions_dialog_1112</text>
                <next>11121</next>
                <next>11122</next>
                <next>11123</next>
            </phrase>
            <phrase id="11121">
                <text>pri_a17_military_base_commander_actor_questions_dialog_11121</text>
                <precondition>dialogs_pripyat.pri_a17_sokolov_is_not_at_base</precondition>
                <next>111211</next>
                <next>111212</next>
                <next>111213</next>
                <next>111111</next>
                <next>1113</next>
                <next>1114</next>
            </phrase>
            <phrase id="11121111">
                <text>pri_a17_military_base_commander_actor_questions_dialog_11121111</text>
                <next>111211111</next>
            </phrase>
            <phrase id="1112111">
                <text>pri_a17_military_base_commander_actor_questions_dialog_1112111</text>
                <next>11121111</next>
                <next>9</next>
                <next>111111</next>
                <next>1113</next>
                <next>1114</next>
            </phrase>
            <phrase id="111211">
                <text>pri_a17_military_base_commander_actor_questions_dialog_111211</text>
                <next>1112111</next>
            </phrase>
            <phrase id="0">
                <text>pri_a17_military_base_commander_actor_questions_dialog_0</text>
                <next>1</next>
            </phrase>
            <phrase id="9">
                <text>pri_a17_military_base_commander_actor_questions_dialog_9</text>
                <next>91</next>
            </phrase>
            <phrase id="91">
                <text>pri_a17_military_base_commander_actor_questions_dialog_91</text>
                <next>111211</next>
                <next>111212</next>
                <next>111213</next>
            </phrase>
        </phrase_list>
    </dialog>
    <dialog id="pri_a25_army_medic_rescued">
        <has_info>pri_b305_fifth_cam_end</has_info>
        <dont_has_info>pri_a28_how_are_you_dialog_end</dont_has_info>
        <dont_has_info>pri_a28_militarys_go_to_the_door</dont_has_info>
        <phrase_list>
            <phrase id="1">
                <text>pri_a25_army_medic_rescued_1</text>
                <give_info>pri_a28_how_are_you_dialog_end</give_info>
            </phrase>
            <phrase id="0">
                <text>pri_a25_army_medic_rescued_0</text>
                <next>1</next>
            </phrase>
        </phrase_list>
    </dialog>
    <dialog id="pri_a22_army_signaller_supply_grenade">
        <phrase_list>
            <phrase id="14">
                <text>pri_a22_army_signaller_supply_grenade_14</text>
            </phrase>
            <phrase id="13">
                <text>pri_a22_army_signaller_supply_grenade_13</text>
                <give_info>supply_grenade_3</give_info>
                <next>111</next>
            </phrase>
            <phrase id="11">
                <text>pri_a22_army_signaller_supply_grenade_11</text>
                <give_info>supply_grenade_1</give_info>
                <next>111</next>
            </phrase>
            <phrase id="12">
                <text>pri_a22_army_signaller_supply_grenade_12</text>
                <give_info>supply_grenade_2</give_info>
                <next>111</next>
            </phrase>
            <phrase id="2">
                <text>pri_a22_army_signaller_supply_grenade_2</text>
                <dont_has_info>pri_a22_actor_needs_grenade_supply</dont_has_info>
            </phrase>
            <phrase id="0">
                <text>pri_a22_army_signaller_supply_grenade_0</text>
                <next>1</next>
                <next>2</next>
            </phrase>
            <phrase id="1">
                <text>pri_a22_army_signaller_supply_grenade_1</text>
                <has_info>pri_a22_actor_needs_grenade_supply</has_info>
                <next>11</next>
                <next>12</next>
                <next>13</next>
                <next>14</next>
            </phrase>
            <phrase id="111">
                <text>pri_a22_army_signaller_supply_grenade_111</text>
                <action>dialogs_pripyat.pri_a22_army_signaller_supply</action>
                <disable_info>pri_a22_actor_needs_grenade_supply</disable_info>
            </phrase>
        </phrase_list>
    </dialog>
    <dialog id="pri_a22_army_signaller_supply_outfit">
        <dont_has_info>pri_a22_army_signaller_supply_outfit_done</dont_has_info>
        <phrase_list>
            <phrase id="1">
                <text>pri_a22_army_signaller_supply_outfit_1</text>
                <give_info>pri_a22_army_signaller_supply_outfit_done</give_info>
            </phrase>
            <phrase id="0">
                <text>pri_a22_army_signaller_supply_outfit_0</text>
                <action>dialogs_pripyat.pri_a22_give_actor_outfit</action>
                <next>1</next>
            </phrase>
        </phrase_list>
    </dialog>
    <dialog id="pri_a22_army_signaller_start_dialog">
        <phrase_list>
            <phrase id="112">
                <text>pri_a22_army_signaller_start_dialog_112</text>
                <next>1121</next>
            </phrase>
            <phrase id="1121">
                <text>pri_a22_army_signaller_start_dialog_1121</text>
                <give_info>pri_a22_army_signaler_acquaintance_done</give_info>
            </phrase>
            <phrase id="111">
                <text>pri_a22_army_signaller_start_dialog_111</text>
                <next>1111</next>
            </phrase>
            <phrase id="1111">
                <text>pri_a22_army_signaller_start_dialog_1111</text>
                <give_info>pri_a22_army_signaler_acquaintance_done</give_info>
                <next>112</next>
            </phrase>
            <phrase id="1">
                <text />
                <next>11</next>
                <next>12</next>
                <next>13</next>
                <next>14</next>
            </phrase>
            <phrase id="113">
                <text>pri_a22_army_signaller_start_dialog_113</text>
            </phrase>
            <phrase id="0">
                <text />
                <next>1</next>
            </phrase>
            <phrase id="11">
                <text>pri_a22_army_signaller_start_dialog_11</text>
                <dont_has_info>pri_a22_army_signaler_acquaintance_done</dont_has_info>
                <next>111</next>
                <next>112</next>
                <next>113</next>
            </phrase>
            <phrase id="12">
                <text>pri_a22_army_signaller_start_dialog_12</text>
                <dont_has_info>pri_b305_fifth_cam_end</dont_has_info>
                <has_info>pri_a22_army_signaler_acquaintance_done</has_info>
            </phrase>
            <phrase id="13">
                <text>pri_a22_army_signaller_start_dialog_13</text>
                <dont_has_info>pri_a28_colonel_instructions_sound_end</dont_has_info>
                <has_info>pri_b305_fifth_cam_end</has_info>
            </phrase>
            <phrase id="14">
                <text>pri_a22_army_signaller_start_dialog_14</text>
                <has_info>pri_a28_colonel_instructions_sound_end</has_info>
            </phrase>
        </phrase_list>
    </dialog>
    <dialog id="pri_a17_military_base_commander_start">
        <phrase_list>
            <phrase id="0">
                <text>pri_a17_military_base_commander_start_0</text>
            </phrase>
        </phrase_list>
    </dialog>
    <dialog id="pri_a17_military_base_commander_task_dialog">
        <dont_has_info>pri_a17_military_base_commander_task_dialog_end</dont_has_info>
        <phrase_list>
            <phrase id="11">
                <text>pri_a17_military_base_commander_task_dialog_11</text>
                <next>111</next>
            </phrase>
            <phrase id="111">
                <text>pri_a17_military_base_commander_task_dialog_111</text>
                <next>1111</next>
            </phrase>
            <phrase id="1">
                <text>pri_a17_military_base_commander_task_dialog_1</text>
                <next>11</next>
            </phrase>
            <phrase id="1111">
                <text>pri_a17_military_base_commander_task_dialog_1111</text>
                <next>11111</next>
            </phrase>
            <phrase id="11111">
                <text>pri_a17_military_base_commander_task_dialog_11111</text>
                <next>111111</next>
            </phrase>
            <phrase id="111111">
                <text>pri_a17_military_base_commander_task_dialog_111111</text>
                <give_info>pri_a17_give_task_get_gauss_rifle</give_info>
                <give_info>pri_a17_military_base_commander_task_dialog_end</give_info>
            </phrase>
            <phrase id="0">
                <text>pri_a17_military_base_commander_task_dialog_0</text>
                <next>1</next>
            </phrase>
        </phrase_list>
    </dialog>
    <dialog id="pri_a25_army_medic_start_dialog">
        <phrase_list>
            <phrase id="11">
                <text>pri_a25_army_medic_start_dialog_11</text>
                <dont_has_info>pri_a25_army_medic_acquaintance_done</dont_has_info>
                <give_info>pri_a25_army_medic_acquaintance_done</give_info>
            </phrase>
            <phrase id="12">
                <text>pri_a25_army_medic_start_dialog_12</text>
                <dont_has_info>pri_b305_fifth_cam_end</dont_has_info>
                <has_info>pri_a25_army_medic_acquaintance_done</has_info>
            </phrase>
            <phrase id="14">
                <text>pri_a25_army_medic_start_dialog_14</text>
                <dont_has_info>pri_a28_colonel_instructions_sound_end</dont_has_info>
                <has_info>pri_b305_fifth_cam_end</has_info>
            </phrase>
            <phrase id="0">
                <text />
                <next>1</next>
            </phrase>
            <phrase id="1">
                <text />
                <next>11</next>
                <next>12</next>
                <next>14</next>
                <next>13</next>
            </phrase>
            <phrase id="13">
                <text>pri_a25_army_medic_start_dialog_13</text>
                <has_info>pri_a28_colonel_instructions_sound_end</has_info>
            </phrase>
        </phrase_list>
    </dialog>
    <dialog id="pri_a17_military_colonel_kovalski_b35_reward">
        <has_info>pri_b35_rendevous_done</has_info>
        <dont_has_info>pri_b35_reward_given</dont_has_info>
        <dont_has_info>pri_a28_update_task_cover_strelok</dont_has_info>
        <phrase_list>
            <phrase id="2">
                <text>pri_a17_military_colonel_kovalski_b35_reward_2</text>
                <action>dialogs_pripyat.pri_b35_give_actor_reward</action>
                <dont_has_info>pri_b35_secondary</dont_has_info>
                <give_info>pri_b35_reward_given</give_info>
                <has_info>pri_b35_primary</has_info>
                <has_info>pri_b35_target_merc</has_info>
            </phrase>
            <phrase id="3">
                <text>pri_a17_military_colonel_kovalski_b35_reward_3</text>
                <action>dialogs_pripyat.pri_b35_give_actor_reward</action>
                <dont_has_info>pri_b35_secondary</dont_has_info>
                <give_info>pri_b35_reward_given</give_info>
                <has_info>pri_b35_primary</has_info>
                <has_info>pri_b35_target_envoy</has_info>
            </phrase>
            <phrase id="4">
                <text>pri_a17_military_colonel_kovalski_b35_reward_4</text>
                <action>dialogs_pripyat.pri_b35_give_actor_reward</action>
                <dont_has_info>pri_b35_primary</dont_has_info>
                <give_info>pri_b35_reward_given</give_info>
                <has_info>pri_b35_secondary</has_info>
                <has_info>pri_b35_target_envoy</has_info>
            </phrase>
            <phrase id="5">
                <text>pri_a17_military_colonel_kovalski_b35_reward_5</text>
                <action>dialogs_pripyat.pri_b35_give_actor_reward</action>
                <dont_has_info>pri_b35_primary</dont_has_info>
                <give_info>pri_b35_reward_given</give_info>
                <has_info>pri_b35_secondary</has_info>
                <has_info>pri_b35_target_merc</has_info>
            </phrase>
            <phrase id="1">
                <text>pri_a17_military_colonel_kovalski_b35_reward_1</text>
                <action>dialogs_pripyat.pri_b35_give_actor_reward</action>
                <give_info>pri_b35_reward_given</give_info>
                <has_info>pri_b35_primary</has_info>
                <has_info>pri_b35_secondary</has_info>
            </phrase>
            <phrase id="6">
                <text>pri_a17_military_colonel_kovalski_b35_reward_6</text>
                <action>dialogs_pripyat.pri_b35_give_actor_reward</action>
                <dont_has_info>pri_b35_primary</dont_has_info>
                <dont_has_info>pri_b35_secondary</dont_has_info>
                <give_info>pri_b35_reward_given</give_info>
            </phrase>
            <phrase id="0">
                <text>pri_a17_military_colonel_kovalski_b35_reward_0</text>
                <next>1</next>
                <next>2</next>
                <next>3</next>
                <next>4</next>
                <next>5</next>
                <next>6</next>
            </phrase>
        </phrase_list>
    </dialog>
    <dialog id="jup_b43_stalker_assistant_b35_about_merc">
        <dont_has_info>pri_b35_actor_know_about_mercenaries</dont_has_info>
        <dont_has_info>pri_b35_assistant_start_dialog_done</dont_has_info>
        <phrase_list>
            <phrase id="1111">
                <text>jup_b43_stalker_assistant_b35_about_merc_1111</text>
                <give_info>pri_b35_actor_know_about_mercenaries</give_info>
                <give_info>pri_b35_assistant_start_dialog_done</give_info>
                <next>2</next>
            </phrase>
            <phrase id="2">
                <text>jup_b43_stalker_assistant_b35_about_merc_2</text>
                <give_info>pri_b35_assistant_start_dialog_done</give_info>
            </phrase>
            <phrase id="111">
                <text>jup_b43_stalker_assistant_b35_about_merc_111</text>
                <next>1111</next>
            </phrase>
            <phrase id="1">
                <text>jup_b43_stalker_assistant_b35_about_merc_1</text>
                <next>11</next>
            </phrase>
            <phrase id="0">
                <text>jup_b43_stalker_assistant_b35_about_merc_0</text>
                <next>1</next>
                <next>2</next>
            </phrase>
            <phrase id="11">
                <text>jup_b43_stalker_assistant_b35_about_merc_11</text>
                <next>111</next>
            </phrase>
        </phrase_list>
    </dialog>
    <dialog id="pri_a17_military_colonel_kovalski_evacuation_start">
        <phrase_list>
            <phrase id="1111">
                <text>pri_a17_military_colonel_kovalski_evacuation_start_1111</text>
                <next>11111</next>
            </phrase>
            <phrase id="111">
                <text>pri_a17_military_colonel_kovalski_evacuation_start_111</text>
                <dont_has_info>pri_a28_supply_done</dont_has_info>
                <next>1111</next>
            </phrase>
            <phrase id="12">
                <text>pri_a17_military_colonel_kovalski_evacuation_start_12</text>
                <has_info>pri_a28_update_task_tell_kovalski_when_ready</has_info>
            </phrase>
            <phrase id="21">
                <text>pri_a17_military_colonel_kovalski_evacuation_start_21</text>
            </phrase>
            <phrase id="1">
                <text />
                <has_info>pri_a28_colonel_instructions_sound_end</has_info>
                <next>11</next>
                <next>12</next>
            </phrase>
            <phrase id="2">
                <text />
                <dont_has_info>pri_a28_colonel_instructions_sound_end</dont_has_info>
                <next>21</next>
            </phrase>
            <phrase id="11111">
                <text>pri_a17_military_colonel_kovalski_evacuation_start_11111</text>
                <action>dialogs.break_dialog</action>
                <is_final>1</is_final>
                <give_info>pri_a28_update_task_tell_kovalski_when_ready</give_info>
            </phrase>
            <phrase id="0">
                <text />
                <next>1</next>
                <next>2</next>
            </phrase>
            <phrase id="11">
                <text>pri_a17_military_colonel_kovalski_evacuation_start_11</text>
                <dont_has_info>pri_a28_update_task_tell_kovalski_when_ready</dont_has_info>
                <next>111</next>
                <next>101</next>
            </phrase>
            <phrase id="101">
                <text />
                <has_info>pri_a28_supply_done</has_info>
                <next>1011</next>
            </phrase>
            <phrase id="1011">
                <give_info>pri_a28_update_task_tell_kovalski_when_ready</give_info>
                <text />
            </phrase>
        </phrase_list>
    </dialog>
    <dialog id="pri_a17_military_colonel_kovalski_evacuation_ready">
        <has_info>pri_a28_update_task_tell_kovalski_when_ready</has_info>
        <dont_has_info>pri_a28_update_task_cover_strelok_dialog</dont_has_info>
        <phrase_list>
            <phrase id="11">
                <text>pri_a17_military_colonel_kovalski_evacuation_ready_11</text>
                <action>dialogs.break_dialog</action>
                <is_final>1</is_final>
                <give_info>pri_a28_update_task_cover_strelok_dialog</give_info>
            </phrase>
            <phrase id="0">
                <text>pri_a17_military_colonel_kovalski_evacuation_ready_0</text>
                <next>1</next>
            </phrase>
            <phrase id="1">
                <text>pri_a17_military_colonel_kovalski_evacuation_ready_1</text>
                <next>11</next>
            </phrase>
        </phrase_list>
    </dialog>
    <dialog id="pri_a17_military_recon_squad_after_scene_dialog">
        <phrase_list>
            <phrase id="1">
                <text>pri_a17_military_recon_squad_after_scene_dialog_1</text>
                <action>dialogs.break_dialog</action>
                <is_final>1</is_final>
            </phrase>
            <phrase id="0">
                <text>pri_a17_military_recon_squad_after_scene_dialog_0</text>
                <next>1</next>
            </phrase>
        </phrase_list>
    </dialog>
    <dialog id="pri_a17_military_recon_squad_ambush_actor_ready">
        <has_info>pri_a17_military_recon_squad_ambush_actor_instruct</has_info>
        <dont_has_info>pri_a17_military_recon_squad_ambush_dialog_end</dont_has_info>
        <phrase_list>
            <phrase id="2">
                <text>pri_a17_military_recon_squad_ambush_actor_ready_2</text>
                <precondition>dialogs.is_surge_running</precondition>
            </phrase>
            <phrase id="1">
                <text>pri_a17_military_recon_squad_ambush_actor_ready_1</text>
                <precondition>dialogs.is_surge_not_running</precondition>
                <action>dialogs.save_pri_a17_hospital_start</action>
                <next>11</next>
            </phrase>
            <phrase id="0">
                <text>pri_a17_military_recon_squad_ambush_actor_ready_0</text>
                <next>1</next>
                <next>2</next>
            </phrase>
            <phrase id="11">
                <text>pri_a17_military_recon_squad_ambush_actor_ready_11</text>
                <action>dialogs.break_dialog</action>
                <action>dialogs.disable_ui</action>
                <is_final>1</is_final>
                <give_info>pri_a17_teleport_military_recon</give_info>
                <give_info>pri_a17_military_recon_squad_ambush_dialog_end</give_info>
            </phrase>
        </phrase_list>
    </dialog>
    <dialog id="pri_a17_military_recon_squad_ambush_dialog_second">
        <phrase_list>
            <phrase id="0">
                <text>pri_a17_military_recon_squad_ambush_dialog_second_0</text>
            </phrase>
        </phrase_list>
    </dialog>
    <dialog id="pri_a15_sokolov_arranged_outfit">
        <has_info>jup_b206_anomalous_grove_done</has_info>
        <has_info>jup_b218_soldier_need_outfit</has_info>
        <has_info>jup_b218_pripyat_group_gathering</has_info>
        <dont_has_info>pri_a15_sokolov_arranged_outfit_told</dont_has_info>
        <phrase_list>
            <phrase id="111">
                <text>pri_a15_sokolov_arranged_outfit_111</text>
            </phrase>
            <phrase id="11">
                <text>pri_a15_sokolov_arranged_outfit_11</text>
                <give_info>pri_a15_sokolov_arranged_outfit_told</give_info>
                <next>111</next>
            </phrase>
            <phrase id="1">
                <text>pri_a15_sokolov_arranged_outfit_1</text>
                <next>11</next>
            </phrase>
            <phrase id="0">
                <text>pri_a15_sokolov_arranged_outfit_0</text>
                <next>1</next>
            </phrase>
        </phrase_list>
    </dialog>
    <dialog id="pri_a17_military_recon_squad_ambush_dialog">
        <phrase_list>
            <phrase id="0">
                <text>pri_a17_military_recon_squad_ambush_dialog_0</text>
                <next>1</next>
                <next>2</next>
            </phrase>
            <phrase id="1">
                <text>pri_a17_military_recon_squad_ambush_dialog_1</text>
                <next>11</next>
                <next>12</next>
            </phrase>
            <phrase id="11">
                <text>pri_a17_military_recon_squad_ambush_dialog_11</text>
                <precondition>dialogs.is_surge_not_running</precondition>
                <action>dialogs.save_pri_a17_hospital_start</action>
                <next>111</next>
            </phrase>
            <phrase id="2">
                <text>pri_a17_military_recon_squad_ambush_dialog_2</text>
                <next>21</next>
            </phrase>
            <phrase id="21">
                <text>pri_a17_military_recon_squad_ambush_dialog_21</text>
                <give_info>pri_a17_military_recon_squad_ambush_actor_instruct</give_info>
            </phrase>
            <phrase id="12">
                <text>pri_a17_military_recon_squad_ambush_dialog_12</text>
                <precondition>dialogs.is_surge_running</precondition>
                <give_info>pri_a17_military_recon_squad_ambush_actor_instruct</give_info>
            </phrase>
            <phrase id="111">
                <text>pri_a17_military_recon_squad_ambush_dialog_111</text>
                <action>dialogs.break_dialog</action>
                <is_final>1</is_final>
                <give_info>pri_a17_military_recon_squad_ambush_dialog_end</give_info>
                <give_info>pri_a17_teleport_military_recon</give_info>
                <give_info>pri_a17_military_recon_squad_ambush_actor_instruct</give_info>
            </phrase>
        </phrase_list>
    </dialog>
    <dialog id="pri_a16_military_colonel_a20_find_recon_squd_dialog">
        <phrase_list>
            <phrase id="0">
                <text>pri_a16_military_colonel_a20_find_recon_squd_dialog_0</text>
            </phrase>
        </phrase_list>
    </dialog>
    <dialog id="jup_b15_zulus_b301_after_fight">
        <phrase_list>
            <phrase id="1">
                <text>jup_b15_zulus_b301_after_fight_1</text>
                <next>11</next>
            </phrase>
            <phrase id="11">
                <text>jup_b15_zulus_b301_after_fight_11</text>
                <next>111</next>
                <next>112</next>
            </phrase>
            <phrase id="2">
                <text>jup_b15_zulus_b301_after_fight_2</text>
                <action>dialogs.break_dialog</action>
                <give_info>pri_b301_zulus_remain_alone</give_info>
            </phrase>
            <phrase id="112">
                <text>jup_b15_zulus_b301_after_fight_112</text>
                <action>dialogs.break_dialog</action>
                <give_info>pri_b301_zulus_go_alone</give_info>
                <give_info>pri_b301_reward_dialog_unable</give_info>
            </phrase>
            <phrase id="111">
                <text>jup_b15_zulus_b301_after_fight_111</text>
                <action>dialogs.break_dialog</action>
                <give_info>pri_b301_go_on_base</give_info>
            </phrase>
            <phrase id="0">
                <text>jup_b15_zulus_b301_after_fight_0</text>
                <next>1</next>
                <next>2</next>
            </phrase>
        </phrase_list>
    </dialog>
    <dialog id="pri_a17_got_gauss">
        <phrase_list>
            <phrase id="1141">
                <text></text>
            </phrase>
            <phrase id="31">
                <text>pri_a17_got_gauss_31</text>
                <next>4</next>
                <next>5</next>
            </phrase>
            <phrase id="411">
                <text>pri_a17_got_gauss_411</text>
                <give_info>pri_a17_actor_bring_gauss_rifle</give_info>
                <next>4111</next>
            </phrase>
            <phrase id="4111">
                <text>pri_a17_got_gauss_4111</text>
            </phrase>
            <phrase id="41">
                <text>pri_a17_got_gauss_41</text>
                <next>411</next>
            </phrase>
            <phrase id="511">
                <text>pri_a17_got_gauss_511</text>
                <action>dialogs.break_dialog</action>
            </phrase>
            <phrase id="51">
                <text>pri_a17_got_gauss_51</text>
                <next>511</next>
            </phrase>
            <phrase id="5">
                <text>pri_a17_got_gauss_5</text>
                <dont_has_info>pri_a17_actor_has_gauss_rifle</dont_has_info>
                <next>51</next>
            </phrase>
            <phrase id="0">
                <text>pri_a17_got_gauss_0</text>
                <next>1</next>
                <next>2</next>
                <next>3</next>
                <next>4</next>
                <next>5</next>
            </phrase>
            <phrase id="4">
                <text>pri_a17_got_gauss_4</text>
                <has_info>pri_a17_actor_has_gauss_rifle</has_info>
                <has_info>pri_a17_told_about_operation</has_info>
                <next>41</next>
            </phrase>
            <phrase id="21">
                <text>pri_a17_got_gauss_21</text>
                <next>4</next>
                <next>5</next>
            </phrase>
            <phrase id="11">
                <text>pri_a17_got_gauss_11</text>
                <next>4</next>
                <next>5</next>
            </phrase>
            <phrase id="1">
                <text>pri_a17_got_gauss_1</text>
                <dont_has_info>pri_a17_told_about_operation</dont_has_info>
                <dont_has_info>pri_a17_recon_squad_dead</dont_has_info>
                <dont_has_info>pri_a17_reacon_squad_casualties</dont_has_info>
                <give_info>pri_a17_told_about_operation</give_info>
                <has_info>pri_a17_actor_has_gauss_rifle</has_info>
                <next>11</next>
            </phrase>
            <phrase id="2">
                <text>pri_a17_got_gauss_2</text>
                <dont_has_info>pri_a17_recon_squad_dead</dont_has_info>
                <dont_has_info>pri_a17_told_about_operation</dont_has_info>
                <give_info>pri_a17_told_about_operation</give_info>
                <has_info>pri_a17_actor_has_gauss_rifle</has_info>
                <has_info>pri_a17_reacon_squad_casualties</has_info>
                <next>21</next>
            </phrase>
            <phrase id="3">
                <text>pri_a17_got_gauss_3</text>
                <dont_has_info>pri_a17_told_about_operation</dont_has_info>
                <give_info>pri_a17_told_about_operation</give_info>
                <has_info>pri_a17_recon_squad_dead</has_info>
                <has_info>pri_a17_actor_has_gauss_rifle</has_info>
                <next>31</next>
            </phrase>
        </phrase_list>
    </dialog>
</game_dialogs>
