{
    "0 MonoBehaviour Base": 
    {
        "0 PPtr<GameObject> m_GameObject": 
        {
            "0 int m_FileID": 0,
            "0 SInt64 m_PathID": 0
        },
        "1 UInt8 m_Enabled": 1,
        "0 PPtr<MonoScript> m_Script": 
        {
            "0 int m_FileID": 1,
            "0 SInt64 m_PathID": 561
        },
        "1 string m_Name": "Vintorez",
        "0 SpriteRef Icon": 
        {
            "1 string path": "Entities/Weapon/Vintorez"
        },
        "1 string m_Localization": "weapon.vintorez",
        "1 UInt8 Takeable": 1,
        "0 int Cost": 5206,
        "0 int Weight": 3250,
        "1 UInt8 Collectable": 0,
        "0 Modifier Modifiers": 
        {
            "0 Array Array": []
        },
        "1 UInt8 HasModel": 1,
        "0 int weaponType": 8,
        "0 AmmoProtoRef Ammo": 
        {
            "1 string path": "Entities/Ammo/356cal_JHP"
        },
        "0 int AmmoCapacity": 10,
        "1 UInt8 BothHands": 1,
        "1 UInt8 Stack": 0,
        "0 int DamageMin": 8,
        "0 int DamageMax": 16,
        "0 int DamageRadius": 1,
        "0 int Fatality": 5,
        "0 int Perks": 268468226,
        "0 int PerksEx": 0,
        "0 int DamageType": 0,
        "0 Mode Single": 
        {
            "0 int AP": 4,
            "0 int Range": 20,
            "0 int Shots": 1,
            "0 int Dispersion": 0,
            "0 int ModeType": 0,
            "0 AudioClipRef Sounds": 
            {
                "0 Array Array": [
                    {"0 AudioClipRef data": 
                    {
                        "1 string path": "Sounds/SFX/Weapons/ACVAL/Val_shoot"
                    }}
                ]
            }
        },
        "0 Mode Aimed": 
        {
            "0 int AP": 4,
            "0 int Range": 24,
            "0 int Shots": 1,
            "0 int Dispersion": 0,
            "0 int ModeType": 0,
            "0 AudioClipRef Sounds": 
            {
                "0 Array Array": [
                    {"0 AudioClipRef data": 
                    {
                        "1 string path": "Sounds/SFX/Weapons/ACVAL/Val_shoot"
                    }}
                ]
            }
        },
        "0 Mode Burst": 
        {
            "0 int AP": 4,
            "0 int Range": 18,
            "0 int Shots": 3,
            "0 int Dispersion": 0,
            "0 int ModeType": 0,
            "0 AudioClipRef Sounds": 
            {
                "0 Array Array": [
                    {"0 AudioClipRef data": 
                    {
                        "1 string path": "Sounds/SFX/Weapons/ACVAL/Val_shoot"
                    }}
                ]
            }
        },
        "0 Mode Reload": 
        {
            "0 int AP": 2,
            "0 int Range": 0,
            "0 int Shots": 0,
            "0 int Dispersion": 0,
            "0 int ModeType": 0,
            "0 AudioClipRef Sounds": 
            {
                "0 Array Array": [
                    {"0 AudioClipRef data": 
                    {
                        "1 string path": "Sounds/SFX/Weapons/AK47/ak47_reload"
                    }}
                ]
            }
        },
        "0 WeaponEffect Effects": 
        {
            "0 Array Array": []
        },
        "0 Requirement Requirements": 
        {
            "0 Array Array": [
                {"0 Requirement data": 
                {
                    "0 int _type": 1,
                    "0 int _value": 5
                }},
                {"0 Requirement data": 
                {
                    "0 int _type": 10,
                    "0 int _value": 75
                }}
            ]
        },
        "0 AudioClipRef NoAmmoSounds": 
        {
            "0 Array Array": [
                {"0 AudioClipRef data": 
                {
                    "1 string path": "Sounds/SFX/Weapons/AK47/ak47_empty"
                }}
            ]
        },
        "0 AudioClipRef PreAttackSounds": 
        {
            "0 Array Array": []
        },
        "0 AudioClipRef MissSounds": 
        {
            "0 Array Array": [
                {"0 AudioClipRef data": 
                {
                    "1 string path": "Sounds/SFX/Weapons/Miss/shoot_missing1"
                }},
                {"0 AudioClipRef data": 
                {
                    "1 string path": "Sounds/SFX/Weapons/Miss/shoot_missing2"
                }},
                {"0 AudioClipRef data": 
                {
                    "1 string path": "Sounds/SFX/Weapons/Miss/shoot_missing3"
                }},
                {"0 AudioClipRef data": 
                {
                    "1 string path": "Sounds/SFX/Weapons/Miss/shoot_missing4"
                }},
                {"0 AudioClipRef data": 
                {
                    "1 string path": "Sounds/SFX/Weapons/Miss/shoot_missing5"
                }},
                {"0 AudioClipRef data": 
                {
                    "1 string path": "Sounds/SFX/Weapons/Miss/shoot_missing6"
                }}
            ]
        }
    }
}