<Entity tags="energy_shield">	

    <HitboxComponent 
        _tags="enabled_in_world"
        aabb_min_x="-4" 
        aabb_max_x="4" 
        aabb_min_y="-3" 
        aabb_max_y="3"
    ></HitboxComponent>

    <InheritTransformComponent
        _tags="enabled_in_hand"
        use_root_parent="1">
      <Transform 
        position.x="0" 
        position.y="-4" >
      </Transform>
    </InheritTransformComponent>

    <EnergyShieldComponent 
        _tags="enabled_in_hand,item_identified__LEGACY"
        recharge_speed="100.0" 
		radius="10.0"
		>
    </EnergyShieldComponent>
    

	<ParticleEmitterComponent
		_tags="character,enabled_in_hand,item_identified__LEGACY,shield_hit"
		emitted_material_name="plasma_fading"
		gravity.y="0.0"
		lifetime_min="0.3"
		lifetime_max="1"
		count_min="300"
		count_max="360"
		render_on_grid="1"
		fade_based_on_lifetime="1"
		area_circle_radius.min="10"
		area_circle_radius.max="10"
		cosmetic_force_create="0"
		airflow_force="2.8"
		airflow_time="0.03"
		airflow_scale="0.8"
		emission_interval_min_frames="0"
		emission_interval_max_frames="0"
		emit_cosmetic_particles="1"
		is_emitting="0" >
	</ParticleEmitterComponent>

    <AudioComponent
        _tags="enabled_in_hand,item_identified"
        file="data/audio/Desktop/projectiles.bank"
        event_root="player_projectiles/shield"
        set_latest_event_position="1" >
    </AudioComponent>
    
</Entity>