<Entity >
	<InheritTransformComponent>
    </InheritTransformComponent>
	
	<MagicConvertMaterialComponent
        from_material="magic_liquid_polymorph"
        to_material="steam"
        steps_per_frame="20"
        loop="1"
		is_circle="1"
        radius="20" >
    </MagicConvertMaterialComponent>
	
	<MagicConvertMaterialComponent
        from_material="magic_liquid_random_polymorph"
        to_material="steam"
        steps_per_frame="20"
        loop="1"
		is_circle="1"
        radius="20" >
    </MagicConvertMaterialComponent>

	<MagicConvertMaterialComponent
        from_material="magic_liquid_unstable_polymorph"
        to_material="steam"
        steps_per_frame="20"
        loop="1"
		is_circle="1"
        radius="20" >
    </MagicConvertMaterialComponent>
	
	
	<MagicConvertMaterialComponent
        from_material="magic_liquid_teleportation"
        to_material="steam"
        steps_per_frame="20"
        loop="1"
		is_circle="1"
        radius="20" >
    </MagicConvertMaterialComponent>		
	
	<MagicConvertMaterialComponent
        from_material="magic_liquid_unstable_teleportation"
        to_material="steam"
        steps_per_frame="20"
        loop="1"
		is_circle="1"
        radius="20" >
    </MagicConvertMaterialComponent>	

	<MagicConvertMaterialComponent
        from_material="cloud"
        to_material="steam"
        steps_per_frame="20"
        loop="1"
		is_circle="1"
        radius="20" >
    </MagicConvertMaterialComponent>
	
	<MagicConvertMaterialComponent
        from_material="cloud_lighter"
        to_material="steam"
        steps_per_frame="20"
        loop="1"
		is_circle="1"
        radius="20" >
    </MagicConvertMaterialComponent>  
	
</Entity>